precision,recall,f1score,mcc,stat_par,eq_odds,ao,acc,model,fairness_method
0.8766495446856242,0.8911118399475237,0.8790529497229699,0.43640473572914157,0.019517583714509068,-0.22073112521740085,-0.1034744639562713,0.8911118399475237,logreg,NO_ONE
0.8654376611865214,0.8847709631573193,0.8581782128503076,0.3394802712538085,0.07537535499155903,0.04814914383843483,0.035274772228718186,0.8847709631573193,svm,NO_ONE
0.8916956695391356,0.9005138296709304,0.8942944412598617,0.5139955594939586,0.20315063903954667,0.0653327261654606,0.09347309830143288,0.9005138296709304,forest,NO_ONE
0.8753216319779636,0.8724171859626106,0.8738114586939105,0.44817638489067635,0.2213419720999078,0.08539121179368725,0.11166909500972104,0.8724171859626106,cart,NO_ONE
