precision,recall,f1score,mcc,stat_par,eq_odds,ao,acc,model,fairness_method
0.8869070788225607,0.89996720236143,0.8882212839827544,0.4587425438653735,0.03670903220837579,-0.13995473975358308,-0.06696547911499878,0.89996720236143,logreg,NO_ONE
0.868878234628951,0.888597354323822,0.8610568001626299,0.3244213275063646,0.02367381572272982,-0.04764898164445561,-0.023805435114226586,0.888597354323822,svm,NO_ONE
0.8956724712423257,0.9036842680660325,0.898338062378729,0.5144234185223419,0.15718214999296218,0.07231581594166464,0.06806042985767408,0.9036842680660325,forest,NO_ONE
0.8861929681777759,0.8829124303050181,0.884470123123789,0.4757475304266857,0.18189968599865614,0.02969575056575302,0.0690929425767482,0.8829124303050181,cart,NO_ONE
