precision,recall,f1score,mcc,stat_par,eq_odds,ao,acc,model,fairness_method
0.879992272731871,0.8943916038045261,0.8815837985492795,0.4391849405852841,0.0314568612565615,-0.153982883475971,-0.0773597957760643,0.8943916038045261,logreg,NO_ONE
0.8706821545400036,0.8881600524762218,0.8614704303501161,0.34713526428354385,0.052800109006676664,-0.002293175334649983,0.003565282182159538,0.8881600524762218,svm,NO_ONE
0.8884064048021889,0.8984366458948289,0.8912793594077641,0.4901956074815342,0.18103673135693849,0.10784507351327621,0.09068792902661753,0.8984366458948289,forest,NO_ONE
0.8784711280978036,0.8786487372909151,0.8785596848392047,0.4536742548626015,0.2092720560086686,0.06302391924511741,0.0951055865189379,0.8786487372909151,cart,NO_ONE
