precision,recall,f1score,mcc,stat_par,eq_odds,ao,acc,model,fairness_method
0.8788763104323576,0.8937356510331256,0.8814170440517054,0.4269714365927789,0.03695270191967376,-0.14183006535947712,-0.06621082542591478,0.8937356510331256,logreg,NO_ONE
0.8660746976495375,0.887176123319121,0.8617051004050619,0.3282857070206338,0.0680503608421096,0.029242314209634468,0.026704233367391184,0.887176123319121,svm,NO_ONE
0.8896070212262354,0.8990925986662294,0.8926264840185277,0.48817204107921613,0.18378092013507474,0.0715928346647301,0.08726160807511565,0.8990925986662294,forest,NO_ONE
0.8802070969373904,0.8779927845195146,0.8790649868837054,0.4516844033126568,0.21407205924531225,0.03104575163398693,0.09317869822575775,0.8779927845195146,cart,NO_ONE
