precision,recall,f1score,mcc,stat_par,eq_odds,ao,acc,model,fairness_method
0.8841794238323318,0.8981086695091287,0.8852403591759186,0.4452103759643514,0.04167994536763031,-0.14815349800182964,-0.06330379814165893,0.8981086695091287,logreg,NO_ONE
0.8742018417826977,0.8908931890237236,0.8639199484223994,0.3458196617304506,0.06863950223840959,0.03340314892387694,0.030933107876678623,0.8908931890237236,svm,NO_ONE
0.8925910748081866,0.9019350606756313,0.8953666560530738,0.49958737459124947,0.22265599312036827,0.18173720448745728,0.15145493831591855,0.9019350606756313,forest,NO_ONE
0.8768657570569789,0.8739477424292118,0.8753519057286234,0.43462678313413,0.24801641500366745,0.1131734797053301,0.14803057259614388,0.8739477424292118,cart,NO_ONE
