precision,recall,f1score,mcc,stat_par,eq_odds,ao,acc,model,fairness_method
0.8844424263083859,0.8977806931234285,0.8852393913933044,0.45670237192618424,0.03010560486522025,-0.17830600234438257,-0.08337154319960755,0.8977806931234285,logreg,NO_ONE
0.8702882989362516,0.8881600524762218,0.861669854674844,0.3457099865829773,0.06413338264299803,-0.007812594409735224,0.01320843757055605,0.8881600524762218,svm,NO_ONE
0.8897839418573824,0.8998578768995299,0.8924882979358464,0.4945095755285539,0.17968373328950252,0.0717393143285277,0.0857589047190962,0.8998578768995299,forest,NO_ONE
0.875262951145682,0.8765715535148136,0.8759042793778861,0.4379721145984552,0.2112028818759588,0.0958719532090247,0.11457890557983064,0.8765715535148136,cart,NO_ONE
