precision,recall,f1score,mcc,stat_par,eq_odds,ao,acc,model,fairness_method
0.8828452048625296,0.8970154148901279,0.8844166141665809,0.44074363663743854,0.02183914902077741,-0.1661460657444593,-0.08326310332938187,0.8970154148901279,logreg,NO_ONE
0.8719786128871352,0.8902372362523232,0.864694229030044,0.3459263987787274,0.054314212811081286,0.023885666121275212,0.015960711335438707,0.8902372362523232,svm,NO_ONE
0.8961623911688801,0.9041215699136329,0.8987763643416361,0.5180282722778997,0.1847652185439242,0.0684714165303188,0.08542201008393704,0.9041215699136329,forest,NO_ONE
0.8795143647653809,0.8743850442768121,0.8767828125429948,0.44638272283322783,0.22337740663419162,0.049357925529277646,0.10757316780041358,0.8743850442768121,cart,NO_ONE
