precision,recall,f1score,mcc,stat_par,eq_odds,ao,acc,model,fairness_method
0.8879771228232068,0.9006231551328304,0.8879020305791772,0.4667927638122818,0.025615838784424777,-0.16678395496129486,-0.08459600333921555,0.9006231551328304,logreg,NO_ONE
0.8696008635675729,0.8881600524762218,0.8613197666225572,0.338266338214849,0.09028185670211511,0.08262960356556415,0.058770981607391616,0.8881600524762218,svm,NO_ONE
0.8984946525524117,0.9068547064611348,0.9007067865350513,0.5319098450430578,0.1944817790267893,0.10828055360075062,0.10046508939161017,0.9068547064611348,forest,NO_ONE
0.8830483755144454,0.8820378266098174,0.8825348117415928,0.4695522883600494,0.21064282877827187,0.06504808820079766,0.09878973466831414,0.8820378266098174,cart,NO_ONE
