precision,recall,f1score,mcc,stat_par,eq_odds,ao,acc,model,fairness_method
0.8862794684797358,0.89996720236143,0.8870020215617034,0.4480153189578024,0.0283483536596804,-0.17941546374335968,-0.0837564884045486,0.89996720236143,logreg,NO_ONE
0.8735441810699455,0.891439816333224,0.8652754370192811,0.34227414689402086,0.06395898821152265,0.01751356221725825,0.02103053793777313,0.891439816333224,svm,NO_ONE
0.8929877785960713,0.902809664370832,0.8957207063367842,0.4949471735500369,0.16611998574341907,0.06146953741419975,0.07306935084051853,0.902809664370832,forest,NO_ONE
0.8810050389765623,0.8795233409861156,0.880248419890713,0.4479249385636639,0.20306047523723003,0.03156696012363991,0.08727747011882331,0.8795233409861156,cart,NO_ONE
