precision,recall,f1score,mcc,stat_par,eq_odds,ao,acc,model,fairness_method
0.8880291125043813,0.9008418060566306,0.8884151180976663,0.463790162762287,0.02032817639377861,-0.1916369653767821,-0.09387986577336083,0.9008418060566306,logreg,NO_ONE
0.8715798071465038,0.8894719580190227,0.8621471848641054,0.33732923928077474,0.04057095475005922,-0.00672097759674134,-0.0010355904154405165,0.8894719580190227,svm,NO_ONE
0.8935835541269586,0.9036842680660325,0.8958662940473274,0.502137065371974,0.18192123546167283,0.12054480651731159,0.10385770240291713,0.9036842680660325,forest,NO_ONE
0.8829365461290252,0.8844429867716191,0.883669846375057,0.4642273898668319,0.20159239792179745,0.01815173116089608,0.08355666230684541,0.8844429867716191,cart,NO_ONE
