precision,recall,f1score,mcc,stat_par,eq_odds,ao,acc,model,fairness_method
0.8838854626215087,0.8976713676615283,0.884860283356041,0.4483733444783059,-0.004089694434762398,-0.2261982621694852,-0.12148987578672649,0.8976713676615283,logreg,NO_ONE
0.8691718518623454,0.8879414015524215,0.859976741214285,0.32932597960717763,0.049523643545950964,0.018581238904979924,0.012421854211966798,0.8879414015524215,svm,NO_ONE
0.8940125109698899,0.9023723625232316,0.8967080536299875,0.5117580505542948,0.16934665582277988,0.08048561151079137,0.07593369987568462,0.9023723625232316,forest,NO_ONE
0.8818200899221827,0.8797419919099159,0.8807485851603597,0.4618986770562162,0.18194944683268144,0.01827758572362881,0.06515230384650694,0.8797419919099159,cart,NO_ONE
