precision,recall,f1score,mcc,stat_par,eq_odds,ao,acc,model,fairness_method
0.8829964548035298,0.8962501366568274,0.8823442258562801,0.45807226406202617,0.03047971442289192,-0.16792770071458593,-0.08062478815851985,0.8962501366568274,logreg,NO_ONE
0.87027372939887,0.8856455668525199,0.8560825403083758,0.34285672720854043,0.04304694446707353,-0.017363468813657967,-0.004163587426937935,0.8856455668525199,svm,NO_ONE
0.8936008641842554,0.9031376407565322,0.895436230792981,0.5211311874765342,0.187125500704583,0.12809195848287902,0.1003606345344003,0.9031376407565322,forest,NO_ONE
0.8817745870924208,0.8831310812288182,0.8824353631674896,0.48020918605693524,0.23740287067738766,0.0595919423157758,0.11428325013076411,0.8831310812288182,cart,NO_ONE
