precision,recall,f1score,mcc,stat_par,eq_odds,ao,acc,model,fairness_method
0.8836829313662723,0.8971247403520279,0.884183987717663,0.45552195628902936,0.019459524027909028,-0.1709005376344086,-0.08933034730081454,0.8971247403520279,logreg,NO_ONE
0.8675484827637663,0.8864108450858205,0.8595380087211371,0.33866688012808743,0.03514757609175592,-0.04298835125448028,-0.017762603974944134,0.8864108450858205,svm,NO_ONE
0.8904668382819603,0.8990925986662294,0.8932908057139367,0.5041151802417682,0.19010769844435582,0.10398745519713254,0.09811184903215221,0.8990925986662294,forest,NO_ONE
0.8809146795018047,0.8762435771291134,0.8784256870420799,0.46645882225109775,0.20309550371259938,0.03344534050179215,0.08241579213450273,0.8762435771291134,cart,NO_ONE
