precision,recall,f1score,mcc,stat_par,eq_odds,ao,acc,model,fairness_method
0.8848870765603294,0.8982179949710287,0.8861818048739702,0.45548224137971216,0.010194150345805411,-0.17662032893820975,-0.09165957392838715,0.8982179949710287,logreg,NO_ONE
0.8740821291940492,0.8911118399475237,0.8672065984382302,0.3655761709336374,0.0696414847225702,0.06578101280088036,0.04182994275563634,0.8911118399475237,svm,NO_ONE
0.8887688573919865,0.8993112495900295,0.8915988446571365,0.4846162806177681,0.15859275599858125,0.09036188506387188,0.08851348446156716,0.8993112495900295,forest,NO_ONE
0.8778573262571416,0.8774461572100142,0.877650501245545,0.44438584072439463,0.20553626873715275,0.09914550311901305,0.12021828892852626,0.8774461572100142,cart,NO_ONE
