precision,recall,f1score,mcc,stat_par,eq_odds,ao,acc,model,fairness_method
0.8070145755040298,0.8170560919879118,0.8091221747111172,0.47511722561900177,-0.08516965798931395,-0.003701762812519882,-0.002021676356446199,0.8170560919879118,logreg,NO_ONE
0.7971475925831969,0.809390432667502,0.7989916825627503,0.44606496817402563,-0.07722032046289742,0.000337517687224953,0.0002489840880818481,0.809390432667502,svm,NO_ONE
0.8162791398110457,0.8171298002506081,0.816693255215141,0.5057783583082311,-0.0975246447279974,-0.00643333308281413,-0.0026369111095729744,0.8171298002506081,forest,NO_ONE
0.7852605900700587,0.7925112405100612,0.7881757047606801,0.4210715774060228,-0.07956251967975425,0.012831821222210382,0.004433822764401768,0.7925112405100612,knn,NO_ONE
0.7944413831380084,0.7916267413577062,0.7929538225796949,0.4469111778669796,-0.08823525782822375,-0.004211455514280593,-0.0020596736488466133,0.7916267413577062,cart,NO_ONE
