precision,recall,f1score,mcc,stat_par,eq_odds,ao,acc,model,fairness_method
0.7983298080143205,0.8094641409301983,0.7999855477676292,0.45954784156078077,-0.08469641723592797,-0.01858580135539517,-0.007436638904000321,0.8094641409301983,logreg,NO_ONE
0.7828473077360633,0.7976708188987985,0.7830710032693146,0.4128329188485335,-0.07310352136071989,-0.0009186322830487814,-0.0004938060574187081,0.7976708188987985,svm,NO_ONE
0.8053604383862837,0.8121176383872633,0.8077480117674417,0.48370298173876386,-0.09438119819154675,-0.0038230505192747843,-0.0015332133473383094,0.8121176383872633,forest,NO_ONE
0.7772820618166032,0.7872779538586275,0.7807353910635658,0.4086773346348502,-0.07937038409002037,-0.008436839904946314,-0.003947513574055185,0.7872779538586275,knn,NO_ONE
0.7851013266786537,0.7866145794943613,0.7858315398247864,0.43201780736255746,-0.08890908328015926,-0.008564733321598239,-0.00425054893658669,0.7866145794943613,cart,NO_ONE
