precision,recall,f1score,mcc,stat_par,eq_odds,ao,acc,model,fairness_method
0.8046520309220851,0.8124861797007444,0.8072619915957138,0.4741883894349675,-0.08679091322558494,-0.012073931926615211,-0.004894304500323528,0.8124861797007444,logreg,NO_ONE
0.7893775973424697,0.802535564236751,0.7915626434822802,0.42753248170421854,-0.0741515086657491,0.010858480869003484,0.004356151061591637,0.802535564236751,svm,NO_ONE
0.813957532124872,0.8164664258863419,0.8151057700234361,0.5014421144336028,-0.09530755952964867,0.003410711407905387,0.0016382901654543244,0.8164664258863419,forest,NO_ONE
0.7810364155897431,0.78860470258716,0.78406877661516,0.4121225373707089,-0.07697145668413591,0.0014152048525951644,0.0002690170359718677,0.78860470258716,knn,NO_ONE
0.7923222431345708,0.7874990786467163,0.7896905096137619,0.44329924300455675,-0.0878848953084761,-0.005015513082857859,-0.002190361900860069,0.7874990786467163,cart,NO_ONE
