precision,recall,f1score,mcc,stat_par,eq_odds,ao,acc,model,fairness_method
0.8080846786690944,0.8170560919879118,0.8103488808476662,0.4833820018503096,-0.09071207231262896,-0.00664099412420871,-0.0022733529114630086,0.8170560919879118,logreg,NO_ONE
0.792628351212336,0.8048942286430308,0.794791993381729,0.4389730751705544,-0.08089578586069937,-0.008549382935337912,-0.0037472601890246038,0.8048942286430308,svm,NO_ONE
0.8061794896112653,0.811749097073782,0.8083866149710554,0.4815465153918453,-0.09509568000650795,0.013892303210725654,0.005469827193320127,0.811749097073782,forest,NO_ONE
0.7784982108234382,0.7854352472912214,0.7813656594919326,0.40771671084839567,-0.08052196145483817,-0.005550384732889602,-0.0026390249324620557,0.7854352472912214,knn,NO_ONE
0.7953194027851057,0.7897840347903,0.7922549242632914,0.45313519020246235,-0.09468688822672697,-0.004789444890477168,-0.002089732779918932,0.7897840347903,cart,NO_ONE
