precision,recall,f1score,mcc,stat_par,eq_odds,ao,acc,model,fairness_method
0.8047081699153507,0.8146237193189356,0.8071256358634905,0.469160272955927,-0.09100596370008265,-0.0034534662209234623,-0.002610823748016071,0.8146237193189356,logreg,NO_ONE
0.7903147524170765,0.8034937716518021,0.7926256064285332,0.42728072277724,-0.07873363467110045,-0.001775215897580451,-0.0007519557603527169,0.8034937716518021,svm,NO_ONE
0.8114293609511201,0.8143288862681507,0.8127432453210252,0.4919783261229114,-0.09947922163260026,0.014785758293167195,0.0062592955121241675,0.8143288862681507,forest,NO_ONE
0.7740550715061332,0.7849192894523476,0.7779269168466875,0.3888620397046458,-0.07670849055664519,0.0013679604857825822,-0.00044960339156813883,0.7849192894523476,knn,NO_ONE
0.79917716152045,0.7914793248323138,0.794788277371011,0.4582583371172956,-0.0977480062922512,-0.004316459831637975,-0.0019806982561752784,0.7914793248323138,cart,NO_ONE
