precision,recall,f1score,mcc,stat_par,eq_odds,ao,acc,model,fairness_method
0.8087663891553207,0.8184565489791406,0.8108641300730194,0.48044745271525624,-0.08621065381740411,0.017089855940878307,0.006656484251247402,0.8184565489791406,logreg,NO_ONE
0.7902094832312793,0.8039360212279797,0.7918832196911356,0.42615467831650883,-0.07275051556925469,-0.004294310039198057,-0.0016418008540821927,0.8039360212279797,svm,NO_ONE
0.8144986630954798,0.8157293432593794,0.8150905549368691,0.501265324667245,-0.09713527522430374,-0.006352000266313773,-0.002992679002238083,0.8157293432593794,forest,NO_ONE
0.7789714826558185,0.7877202034348051,0.7823413903744464,0.4040129380370573,-0.0748854744720599,0.0024696443878527985,0.0007442020979905109,0.7877202034348051,knn,NO_ONE
0.7917600355677079,0.7893417852141225,0.7904924990606893,0.44007654080586556,-0.08638953822180004,-0.0006220923942442669,-0.0003371360827613412,0.7893417852141225,cart,NO_ONE
