precision,recall,f1score,mcc,stat_par,eq_odds,ao,acc,model,fairness_method
0.8062271908240537,0.8152133854205056,0.8087788398924188,0.4745277093643097,-0.08794291510161814,-0.012968849332485655,-0.005468686116164294,0.8152133854205056,logreg,NO_ONE
0.7925415049035812,0.8053364782192084,0.7947692698647477,0.4335451575679342,-0.07778092627296523,0.002447552447552459,0.0005777730235989459,0.8053364782192084,svm,NO_ONE
0.8124025864799551,0.8144763027935431,0.8133721860559521,0.49483494230284364,-0.09680453878807879,-0.003687221869040025,-0.0014034643520616785,0.8144763027935431,forest,NO_ONE
0.7767154389613968,0.7854352472912214,0.7801268859430549,0.39721716119045164,-0.0767247901189132,-0.025174825174825166,-0.011485355609918112,0.7854352472912214,knn,NO_ONE
0.7947477511126761,0.788899535637945,0.7915084484917984,0.4468636989629168,-0.09056057832944875,0.010394151303242283,0.004490580301980587,0.788899535637945,cart,NO_ONE
