precision,recall,f1score,mcc,stat_par,eq_odds,ao,acc,model,fairness_method
0.8066284630680981,0.8166138424117344,0.8086986944639536,0.4757429711539691,-0.08285931986860018,0.0127274862040625,0.005612560002387114,0.8166138424117344,logreg,NO_ONE
0.784576321611735,0.7992186924154198,0.7863499824209299,0.41202569284127105,-0.0699218345315519,-0.005083614284036975,-0.002459319263645801,0.7992186924154198,svm,NO_ONE
0.8021320496512947,0.8086533500405395,0.8046294050160713,0.46798251472672925,-0.08780744455932382,-0.01684697831228299,-0.008030526916906373,0.8086533500405395,forest,NO_ONE
0.7877748149845936,0.7944276553401637,0.7904839681899752,0.4298215307175952,-0.07877862843924449,-0.008628792834499133,-0.0032455342419776614,0.7944276553401637,knn,NO_ONE
0.7921406603603308,0.7905948256799588,0.7913427678616152,0.4426105983429641,-0.08607992497318243,-0.004530099464935655,-0.0022790928205697614,0.7905948256799588,cart,NO_ONE
