precision,recall,f1score,mcc,stat_par,eq_odds,ao,acc,model,fairness_method
0.8119927161372583,0.8217734208004718,0.8135531358217352,0.48870624207361946,-0.08622530431585326,0.0013014542426307285,0.0006478749647264234,0.8217734208004718,logreg,NO_ONE
0.7970906047083441,0.8094641409301983,0.7986467474452823,0.4464332518981962,-0.07671419687350703,-0.004399892635186753,-0.0014866626997940974,0.8094641409301983,svm,NO_ONE
0.8098455398152399,0.8141814697427582,0.811682838216519,0.4889742262027822,-0.09303050725360018,-0.000949077419665656,-0.0008035960900080255,0.8141814697427582,forest,NO_ONE
0.7825083611603565,0.7897840347903,0.7854532272091097,0.4150013403856359,-0.07828559874516319,0.009374462315638765,0.003216659220562919,0.7897840347903,knn,NO_ONE
0.7929458841899331,0.7915530330950099,0.7922289776592548,0.4442236456381621,-0.08667208736613952,0.00850384379796143,0.003538801261557936,0.7915530330950099,cart,NO_ONE
