precision,recall,f1score,mcc,stat_par,eq_odds,ao,acc,model,fairness_method
0.8007632776172318,0.8118965135991745,0.8024269575228314,0.4620050538522859,-0.08337203914043528,0.007951746016742312,0.003021496002948619,0.8118965135991745,logreg,NO_ONE
0.7890782963089097,0.803125230338321,0.7894232081465856,0.42582952531992424,-0.07448961961186515,-0.012722531062943743,-0.005782208977286922,0.803125230338321,svm,NO_ONE
0.811512607954207,0.8140340532173657,0.8126664870396185,0.49797213848758637,-0.0968610782141679,0.02084363075909179,0.008956056896702508,0.8140340532173657,forest,NO_ONE
0.7813894747142212,0.7885309943244637,0.7842743675081337,0.41675980857740536,-0.08010956077838538,-0.005985142824885048,-0.0027418567823176906,0.7885309943244637,knn,NO_ONE
0.7916538772828087,0.7864671629689688,0.7888038869411031,0.4448484687739845,-0.0901934356583623,0.0038268680268785937,0.0017153036491434626,0.7864671629689688,cart,NO_ONE
