precision,recall,f1score,mcc,stat_par,eq_odds,ao,acc,model,fairness_method
0.8111918020107173,0.8196358811822805,0.8136198246894255,0.48648140393494355,-0.08801996726195602,0.003053567305472238,0.0018716697389682471,0.8196358811822805,logreg,NO_ONE
0.7933333660783993,0.8062946856342597,0.7954693420996105,0.4334952486970108,-0.07541030492201192,-0.00842761486954513,-0.0032736835918441565,0.8062946856342597,svm,NO_ONE
0.8129939679692754,0.8139603449546694,0.813463513308996,0.49490222705019515,-0.09655781354388704,-0.002724543985222816,-0.0012785438315036368,0.8139603449546694,forest,NO_ONE
0.7858637320060884,0.7915530330950099,0.7883091689052295,0.4209294740057057,-0.07863259893600111,0.010349803740475672,0.005012300237615883,0.7915530330950099,knn,NO_ONE
0.792210279188482,0.7869831208078426,0.7893500271598067,0.4383489281535327,-0.08773918076027229,-0.007498268298314459,-0.0031301713822295407,0.7869831208078426,cart,NO_ONE
