precision,recall,f1score,mcc,stat_par,eq_odds,ao,acc,model,fairness_method
0.8102184906458523,0.8187513820299256,0.812618816694423,0.4856906184080657,-0.09007921294515828,0.013025279704914072,0.004847520308599869,0.8187513820299256,logreg,NO_ONE
0.8014570974188181,0.8125598879634407,0.8035755544552038,0.45912214804677515,-0.0798232068496103,-0.02140381969209043,-0.007545844732127258,0.8125598879634407,svm,NO_ONE
0.8049397580850975,0.8090218913540208,0.8067189255279306,0.47468828367911453,-0.09146294905622135,-0.009229361631618027,-0.004043668205940404,0.8090218913540208,forest,NO_ONE
0.7845789629041666,0.7911844917815287,0.7873183482987655,0.4193928584034587,-0.07902521667987461,-0.01248856325689629,-0.004904613922952293,0.7911844917815287,knn,NO_ONE
0.794013975538108,0.7860249133927913,0.7894679635397106,0.44479937562542965,-0.09042321052947952,-0.002303197965520476,-0.001025752153805945,0.7860249133927913,cart,NO_ONE
