precision,recall,f1score,mcc,stat_par,eq_odds,ao,acc,model,fairness_method
0.8048112877013891,0.8155082184712906,0.8062023419777676,0.4724846787271754,-0.0884995735648933,0.0018295498701927926,0.0004833458704191565,0.8155082184712906,logreg,NO_ONE
0.78196607116644,0.7974496941107098,0.7823520211933455,0.40577235678847845,-0.07320231182899728,0.010504952948398094,0.00355566250844757,0.7974496941107098,svm,NO_ONE
0.8134693156861448,0.8166875506744306,0.8148907298261718,0.5029244985689312,-0.102052891845241,0.012543574119647904,0.005001312575336411,0.8166875506744306,forest,NO_ONE
0.7864109173086309,0.7948699049163411,0.7895059477448716,0.4291723000402902,-0.08421488062545798,0.014064796616564679,0.005698436891739669,0.7948699049163411,knn,NO_ONE
0.8002338235088186,0.7974496941107098,0.7987542016766644,0.46788500629076485,-0.09832750116965769,-0.00597085109618134,-0.002794392429292483,0.7974496941107098,cart,NO_ONE
