precision,recall,f1score,mcc,stat_par,eq_odds,ao,acc,model,fairness_method
0.81073503556741,0.820372963809243,0.8122233274092598,0.4895970526496,-0.08645125056878564,0.0014329290555992191,0.0005405806661056764,0.820372963809243,logreg,NO_ONE
0.7906159233341534,0.8042308542787646,0.7912637779920821,0.43098164661753297,-0.07318093349698351,-0.01188427928857022,-0.005025003312818223,0.8042308542787646,svm,NO_ONE
0.8085873319549063,0.814402594530847,0.8108095970063006,0.4891598718416448,-0.0919009091503856,-0.005223112883037895,-0.00269167203920756,0.814402594530847,forest,NO_ONE
0.783738114995773,0.7942802388147712,0.7870757107019895,0.4208349907537551,-0.07496181754606582,-0.011106000878846112,-0.003955044364183605,0.7942802388147712,knn,NO_ONE
0.7973022827821447,0.7943539470774674,0.7957334335516414,0.46027851821124927,-0.09065248441398724,-0.00011850329695384243,-0.0003355853258703717,0.7943539470774674,cart,NO_ONE
