precision,recall,f1score,mcc,stat_par,eq_odds,ao,acc,model,fairness_method
0.8073074422705768,0.8179405911402668,0.8089864866173231,0.4737046997017695,-0.08533682327640982,-0.007791622668074649,-0.002955014462383873,0.8179405911402668,logreg,NO_ONE
0.7835937172573813,0.7996609419915972,0.7837128290597966,0.4021610475246347,-0.06775813794472169,0.0008933474128827723,0.0007261141324787293,0.7996609419915972,svm,NO_ONE
0.80621256119161,0.8116016805483894,0.8084032813446815,0.47700871540772577,-0.0915023204497794,-0.00092573037662802,3.1177586683153735e-05,0.8116016805483894,forest,NO_ONE
0.7825246339723977,0.7933220313997199,0.7861004916190135,0.4108591453223115,-0.07512367846420448,0.010735656458993326,0.00531783964365784,0.7933220313997199,knn,NO_ONE
0.7970008528579271,0.7908159504680474,0.793552330500854,0.4525197270192917,-0.09250407157563861,0.008371700105596624,0.003673834759232733,0.7908159504680474,cart,NO_ONE
