precision,recall,f1score,mcc,stat_par,eq_odds,ao,acc,model,fairness_method
0.8285484579652187,0.8352620328738851,0.8200846147940943,0.5151034494215576,-0.0688456938491447,0.14398362937989562,0.0666650882021681,0.8352620328738851,adversarial_debiasing,NO_ONE
