precision,recall,f1score,mcc,stat_par,eq_odds,ao,acc,model,fairness_method
0.8275847231948913,0.8273752487653866,0.8040742744877571,0.49314056450380195,-0.02991533965378243,0.22898062948188064,0.12036693798884356,0.8273752487653866,adversarial_debiasing,NO_ONE
