precision,recall,f1score,mcc,stat_par,eq_odds,ao,acc,model,fairness_method
0.8375747295658994,0.8449178152870936,0.8367986552097216,0.5538159096611969,-0.07514543955593134,0.14911908388052497,0.07445090870349022,0.8449178152870936,adversarial_debiasing,NO_ONE
