precision,recall,f1score,mcc,stat_par,eq_odds,ao,acc,model,fairness_method
0.8359951907202305,0.84322252524508,0.8348059489846206,0.553096934369204,-0.07663463069826701,0.14579168332666925,0.07614129935321891,0.84322252524508,adversarial_debiasing,NO_ONE
