precision,recall,f1score,mcc,stat_par,eq_odds,ao,acc,model,fairness_method
0.8264609900824674,0.8332719097810865,0.8173451358607462,0.5082946570689791,-0.06455750369408053,0.17323403511537766,0.08151457643243255,0.8332719097810865,adversarial_debiasing,NO_ONE
