precision,recall,f1score,mcc,stat_par,eq_odds,ao,acc,model,fairness_method
0.8290268163503279,0.8323137023660352,0.8128292742931791,0.5054042294259976,-0.048981514795610595,0.20955118048697313,0.10624521991024098,0.8323137023660352,adversarial_debiasing,NO_ONE
