precision,recall,f1score,mcc,stat_par,eq_odds,ao,acc,model,fairness_method
0.8391619644909651,0.8456548979140561,0.8403014502808227,0.5628546169687639,-0.10131838313606692,0.10223984662759023,0.04211374384439674,0.8456548979140561,adversarial_debiasing,NO_ONE
