precision,recall,f1score,mcc,stat_par,eq_odds,ao,acc,model,fairness_method
0.8257429065326249,0.8345249502469226,0.8257388986283832,0.5216041690943276,-0.04904097474470365,-0.00590220949263498,-0.002491525047983466,0.8345249502469226,logreg,NO_ONE
0.8115948355763741,0.8225842116901305,0.810815110348145,0.47996005762152083,-0.044135256708546594,-0.0012865975631933257,-0.0007695495998890009,0.8225842116901305,svm,NO_ONE
0.8314014723461165,0.8362939485516326,0.8331791305515616,0.5446305246973839,-0.05450606437334038,0.013742271322058519,0.005573669138649248,0.8362939485516326,forest,NO_ONE
0.7977365192534838,0.8086533500405395,0.8003885158411523,0.4499704258176607,-0.04296590569720038,-0.008545871976723074,-0.003409220072742511,0.8086533500405395,knn,NO_ONE
0.8134857103748299,0.8145500110562394,0.8140008645308463,0.4977483138525052,-0.05151450749972797,0.010924713584288037,0.0043991334105815405,0.8145500110562394,cart,NO_ONE
