precision,recall,f1score,mcc,stat_par,eq_odds,ao,acc,model,fairness_method
0.8283044191190078,0.8368099063905063,0.8276820253209826,0.5278964741253546,-0.04989061789259097,-0.0006006872928544515,-0.00016075081705080319,0.8368099063905063,logreg,NO_ONE
0.8199951848147718,0.829586496646274,0.819738167015854,0.5053738418982936,-0.047834062622668067,0.004510151171118193,0.001728288322857853,0.829586496646274,svm,NO_ONE
0.8311742699498559,0.8367361981278101,0.8330072023582068,0.5438922469798055,-0.05556281306478139,0.006287785839990678,0.002254215009260284,0.8367361981278101,forest,NO_ONE
0.810296740375132,0.8177194663521781,0.8127614402000839,0.4872432215626586,-0.049564526860839675,-0.003189971520094148,-0.001646708271813943,0.8177194663521781,knn,NO_ONE
0.8141400808321402,0.8161715928355568,0.8150894815741551,0.49991584526540817,-0.05282213967934757,0.003339865761379457,0.0010952986725794936,0.8161715928355568,cart,NO_ONE
