precision,recall,f1score,mcc,stat_par,eq_odds,ao,acc,model,fairness_method
0.8252698077831209,0.8338615758826564,0.8248507975764695,0.5238443466494039,-0.05351978360402346,-0.006115592820795102,-0.0022538356436829707,0.8338615758826564,logreg,NO_ONE
0.812453469004907,0.8229527530036117,0.8107957976427853,0.48544394752020514,-0.04866309909952107,-0.004601692462964158,-0.0019816618076819587,0.8229527530036117,svm,NO_ONE
0.8312258397713487,0.8359254072381515,0.8329376791221351,0.5481970400562546,-0.06041888078314736,-0.006323798231312683,-0.0024078859115007067,0.8359254072381515,forest,NO_ONE
0.7987502480548967,0.8078425591508808,0.8015195494396242,0.45944262784075957,-0.04961041698380542,0.01354393839942969,0.005323939863546449,0.8078425591508808,knn,NO_ONE
0.8102395933488671,0.8110120144468195,0.8106170071169312,0.49348204113665367,-0.056549233597583126,-0.007869458736510793,-0.003268911860149791,0.8110120144468195,cart,NO_ONE
