precision,recall,f1score,mcc,stat_par,eq_odds,ao,acc,model,fairness_method
0.8203849081002359,0.8299550379597553,0.8199770125645468,0.5060191329168641,-0.04472005077377658,0.016131389568149967,0.006076803690655906,0.8299550379597553,logreg,NO_ONE
0.8121810903223255,0.8231001695290042,0.810463861255567,0.4800653495961193,-0.0412781251176807,0.0024104375216775775,0.0006852409404368015,0.8231001695290042,svm,NO_ONE
0.8186180116229256,0.8261222082995504,0.8207651783083305,0.5087398497470665,-0.04750383696547694,-0.002845625110432959,-0.0014105555648623244,0.8261222082995504,forest,NO_ONE
0.7973563737993479,0.8071054765239183,0.8002692462413914,0.4510374544897157,-0.041524508358660506,-0.014714575839344879,-0.005959583687292935,0.8071054765239183,knn,NO_ONE
0.8004523078894804,0.8060735608461709,0.8027570585261005,0.46215471071638176,-0.04403692855391178,0.0017113015708200008,0.0006111775216089757,0.8060735608461709,cart,NO_ONE
