precision,recall,f1score,mcc,stat_par,eq_odds,ao,acc,model,fairness_method
0.8155981758028181,0.8251640008844991,0.8134949092682705,0.498754173553964,-0.04548096005906893,0.001747404052879542,0.0008545653036508422,0.8251640008844991,logreg,NO_ONE
0.8047221520317084,0.8159504680474681,0.8019979245016714,0.46747004674228243,-0.04259085488083539,0.0010886967659302083,0.00011417231783912574,0.8159504680474681,svm,NO_ONE
0.8253401345725478,0.8323874106287315,0.8268931291765026,0.5343969420976841,-0.05253904929339373,0.00770321577238009,0.003052667900553502,0.8323874106287315,forest,NO_ONE
0.7966149953043584,0.8083585169897546,0.7978905050397688,0.45372652210667463,-0.042740300071689136,0.00945976853757835,0.0036960646589600313,0.8083585169897546,knn,NO_ONE
0.7986196805317975,0.8058524360580821,0.8012103063708289,0.46585994252039276,-0.04678244726811964,0.00034765106811218693,5.485769466485879e-05,0.8058524360580821,cart,NO_ONE
