precision,recall,f1score,mcc,stat_par,eq_odds,ao,acc,model,fairness_method
0.8292486816860963,0.8375469890174688,0.8286843492655251,0.5317898014441576,-0.04859254041272912,0.0009379666466537984,0.00029875073184928297,0.8375469890174688,logreg,NO_ONE
0.8191440941393153,0.8288494140193116,0.818262457141688,0.502772687142786,-0.04492718918095384,-0.008767184142755569,-0.0033581239724767217,0.8288494140193116,svm,NO_ONE
0.8337940836719127,0.8386526129579126,0.8355113825434882,0.5524112061349636,-0.05444523939438661,-0.0016340192695516453,-0.0008789123953131389,0.8386526129579126,forest,NO_ONE
0.8024267478545395,0.8118228053364782,0.805067610298715,0.46571705657459406,-0.04408157215573577,-0.006853864136685872,-0.0027166793421779384,0.8118228053364782,knn,NO_ONE
0.8097871699707374,0.8123387631753519,0.810960730376044,0.48926472270466526,-0.04912201015457171,-0.004301671186060507,-0.0017452096095094197,0.8123387631753519,cart,NO_ONE
