precision,recall,f1score,mcc,stat_par,eq_odds,ao,acc,model,fairness_method
0.8285644517986057,0.8365887816024177,0.8285126227140072,0.5350342055114702,-0.049047605102914754,-0.004866383316450729,-0.001954242639442688,0.8365887816024177,logreg,NO_ONE
0.8180895881353977,0.8272278322399941,0.818776568019263,0.5077235733680477,-0.04719494784396536,0.007458306791006675,0.0025457033579897037,0.8272278322399941,svm,NO_ONE
0.8256419001821682,0.8317977445271615,0.8275335656972317,0.5332843400972725,-0.05116286825833588,-0.0030848275357929777,-0.0011469998057721809,0.8317977445271615,forest,NO_ONE
0.8024464790194723,0.8125598879634407,0.804649571031854,0.46841311977449834,-0.044298826439510525,-0.0005545170688916468,-0.0006871460288143741,0.8125598879634407,knn,NO_ONE
0.8030504840176244,0.8098326822436795,0.8055408847139006,0.47382201398091417,-0.046520740759218915,0.002209713969444138,0.00044377656272382576,0.8098326822436795,cart,NO_ONE
