precision,recall,f1score,mcc,stat_par,eq_odds,ao,acc,model,fairness_method
0.8296448609389787,0.8374732807547726,0.8308038715689058,0.5341081776153505,-0.04887988481276351,-0.014435597886747531,-0.005939374564455743,0.8374732807547726,logreg,NO_ONE
0.8194240018068231,0.8287757057566153,0.8204640312524398,0.5048156238982999,-0.0455254817959134,-0.006887329677015552,-0.0029433499146510056,0.8287757057566153,svm,NO_ONE
0.8219395402476629,0.8286282892312228,0.8240732322272667,0.5166117678566826,-0.04887688628095371,0.009760880317600695,0.0035581688575565817,0.8286282892312228,forest,NO_ONE
0.803855739949886,0.8107171813960345,0.8064325266833583,0.46859177488633613,-0.044407256592363054,-0.0005558886997019119,-0.00034406156578094954,0.8107171813960345,knn,NO_ONE
0.7993661817556182,0.8048942286430308,0.8016639232304615,0.4572347767547496,-0.04380659615210228,0.0030924044593654276,0.0011415400422900984,0.8048942286430308,cart,NO_ONE
