precision,recall,f1score,mcc,stat_par,eq_odds,ao,acc,model,fairness_method
0.8138364086575007,0.8241320852067516,0.8136676816517012,0.4905568427034001,-0.04123428984665145,-0.000871576134436558,-0.00047908608925931184,0.8241320852067516,logreg,NO_ONE
0.8081151661393956,0.8194884646568881,0.8058706188948633,0.47005026125571303,-0.037933684781445265,-0.0001284752556657831,-4.11773912051272e-06,0.8194884646568881,svm,NO_ONE
0.8230425895134938,0.8301024544851477,0.8249906913637947,0.5227551056901892,-0.04631869945609793,0.00784624081401919,0.0031322001192532825,0.8301024544851477,forest,NO_ONE
0.7899439260311463,0.8037886047025872,0.7911819265284934,0.4265432244393632,-0.03547834510573575,-0.004654915463281728,-0.0019297302926896132,0.8037886047025872,knn,NO_ONE
0.8119831094985095,0.811454264022997,0.8117147996633034,0.4963544441883227,-0.04666890331818946,0.013084947839046235,0.005296193014828497,0.811454264022997,cart,NO_ONE
