precision,recall,f1score,mcc,stat_par,eq_odds,ao,acc,model,fairness_method
0.8201432506683541,0.8296602049089703,0.8192982759747608,0.5061915074068144,-0.047537848333950056,-0.0021605460289054745,-0.0010741766934518268,0.8296602049089703,logreg,NO_ONE
0.8104646391447023,0.8214785877496867,0.80922271054561,0.4781662821843334,-0.04411715237714495,-0.00493652032059011,-0.00212860799024428,0.8214785877496867,svm,NO_ONE
0.8288910733841143,0.8336404510945677,0.8306641791871496,0.5399570094102782,-0.05504731780119154,0.00372094038311499,0.001415003306990903,0.8336404510945677,forest,NO_ONE
0.8047790811319451,0.8135918036411882,0.8073626152384735,0.4729911999568237,-0.04707620025119644,-0.0028927310720345822,-0.0014205650346384366,0.8135918036411882,knn,NO_ONE
0.7991962319073677,0.8047468121176384,0.8014808912417631,0.4606449794675729,-0.04758532981774957,-0.020021059867857516,-0.008362128280432327,0.8047468121176384,cart,NO_ONE
