precision,recall,f1score,mcc,stat_par,eq_odds,ao,acc,model,fairness_method
0.8277983612849698,0.8357779907127589,0.8286971133353201,0.5320157083423862,-0.04865765025240437,-3.902164075153536e-05,-0.00017558332980120717,0.8357779907127589,logreg,NO_ONE
0.8116523125874943,0.8223630869020417,0.8112166356422978,0.4834864570768724,-0.04254211799645463,0.006718225816067125,0.002475645657782355,0.8223630869020417,svm,NO_ONE
0.826179232095188,0.8312817866882878,0.828048312476471,0.5327140526847137,-0.05095258730265059,-0.003179179786790165,-0.0013135017215904696,0.8312817866882878,forest,NO_ONE
0.795376485077941,0.8071054765239183,0.7977235269134408,0.44482507218246414,-0.040209219165797255,-0.007935484220624012,-0.0032628456500812184,0.8071054765239183,knn,NO_ONE
0.8076965450423802,0.8084322252524508,0.8080568430949363,0.48455765313625004,-0.047756518668857245,0.021707955537008217,0.008672277780542921,0.8084322252524508,cart,NO_ONE
