precision,recall,f1score,mcc,stat_par,eq_odds,ao,acc,model,fairness_method
0.8369845757550735,0.8426328591435099,0.8386413706273065,0.5586731152109294,-0.06260230889161628,-0.0017593391087366017,-0.000920610247073253,0.8426328591435099,logreg,NO_ONE
0.8266568155666011,0.8348197832977077,0.8277473198332131,0.5271096033030354,-0.05688431341897984,0.014281062473833539,0.005708764326313016,0.8348197832977077,svm,NO_ONE
0.8312285459022132,0.8348197832977077,0.8327132612257766,0.5450038394096685,-0.062188219648684956,0.00890285227634624,0.0036905151542337353,0.8348197832977077,forest,NO_ONE
0.8010709271700996,0.810864597921427,0.8037794617865658,0.4602196882737652,-0.050486666517790185,-0.0011820373266155926,-0.0007424485929505703,0.810864597921427,knn,NO_ONE
0.8150117961895172,0.8149185523697207,0.8149650487834064,0.5019909034961368,-0.05832843028457127,0.013136001087808324,0.005687450150540785,0.8149185523697207,cart,NO_ONE
