precision,recall,f1score,mcc,stat_par,eq_odds,ao,acc,model,fairness_method
0.8185846753766854,0.8285545809685265,0.8170429419151034,0.4978244400103055,-0.04490422102242203,0.007943915020108383,0.0027852092373302356,0.8285545809685265,logreg,NO_ONE
0.8016341704510394,0.814402594530847,0.797914233644623,0.44546639704294355,-0.03835294961179374,0.01093941248470015,0.0040502380411299894,0.814402594530847,svm,NO_ONE
0.8225293174843816,0.8290705388074003,0.8246212332278624,0.5195302347220739,-0.05078616972676517,-0.006466383983213864,-0.0028927474813045945,0.8290705388074003,forest,NO_ONE
0.7945546427868055,0.8076214343627921,0.7961317622500855,0.43703568993153974,-0.039924440221093205,0.006662003846826359,0.0023816903847208235,0.8076214343627921,knn,NO_ONE
0.8115957652690062,0.8127810127515295,0.8121677695757152,0.49244802819086037,-0.04989158724028189,0.012051932155971334,0.004787042679415522,0.8127810127515295,cart,NO_ONE
