precision,recall,f1score,mcc,stat_par,eq_odds,ao,acc,model,fairness_method
0.8362031404444195,0.8424117343554213,0.8376542168912431,0.5582784981332783,-0.054819233615093166,-0.003065667161152752,-0.00146996706489326,0.8424117343554213,logreg,NO_ONE
0.8239749491384548,0.8318714527898577,0.8254546185616943,0.5239737215374858,-0.050725185521398236,-0.00833567409566105,-0.0036074937654814176,0.8318714527898577,svm,NO_ONE
0.8254027803880796,0.8306921205867178,0.8273019533806159,0.5313435210957591,-0.05331225308075657,-0.015149486934157297,-0.006305982877837547,0.8306921205867178,forest,NO_ONE
0.7977878459729728,0.8065158104223483,0.8006374041112557,0.4561018523367841,-0.045204541451621866,-0.012370197414042772,-0.005390174996317505,0.8065158104223483,knn,NO_ONE
0.8124275643511352,0.811749097073782,0.8120819081172602,0.49813805334467315,-0.05171187378336728,0.0015514865303758452,0.000646633106946154,0.811749097073782,cart,NO_ONE
