precision,recall,f1score,mcc,stat_par,eq_odds,ao,acc,model,fairness_method
0.8157733612234821,0.8261222082995504,0.8147642100738711,0.4913674004098244,-0.03979760777098315,-0.0029021132810733707,-0.0010965848768086095,0.8261222082995504,logreg,NO_ONE
0.8034014976590935,0.8155819267339869,0.8034300624667021,0.4587124005814268,-0.037382410831519,0.0047334043104192425,0.0017303438660910136,0.8155819267339869,svm,NO_ONE
0.8195441518151504,0.8283334561804379,0.8210561249258238,0.5082942219907182,-0.042770425230098136,0.004024318558315643,0.001862400288162723,0.8283334561804379,forest,NO_ONE
0.7835900027473198,0.7974496941107098,0.786469797810352,0.40989996600225487,-0.03498352405829733,0.003765348109721234,0.00089614347606181,0.7974496941107098,knn,NO_ONE
0.8056382339171387,0.8103486400825533,0.807627915633218,0.47604937446649304,-0.043089765807403146,-0.0009125625331419807,-0.0005052374626622683,0.8103486400825533,cart,NO_ONE
