precision,recall,f1score,mcc,stat_par,eq_odds,ao,acc,model,fairness_method
0.8243542021000961,0.8333456180437827,0.8238970074964754,0.5174902890427239,-0.04243388962066705,-0.004853144308152979,-0.00220674775588766,0.8333456180437827,logreg,NO_ONE
0.8130220194539094,0.8237635438932704,0.8115102425809186,0.48332185425674085,-0.03795282455040955,-0.005534486894235802,-0.002055971068452983,0.8237635438932704,svm,NO_ONE
0.8286607928273395,0.833419326306479,0.8304492397239464,0.5381645096347834,-0.0474147840937256,-0.01322466315415094,-0.005314738085438628,0.833419326306479,forest,NO_ONE
0.7910088496110556,0.8043782708041571,0.7929075233535363,0.42906267231856665,-0.03476027808476209,-0.015607811349782008,-0.006190694269056732,0.8043782708041571,knn,NO_ONE
0.8098321029066935,0.811454264022997,0.8106042422118156,0.48869057296032914,-0.043993188799217736,-0.003660019354678634,-0.001422427042546394,0.811454264022997,cart,NO_ONE
