precision,recall,f1score,mcc,stat_par,eq_odds,ao,acc,model,fairness_method
0.8228127720584077,0.8322399941033389,0.8217618547649049,0.5096066138576725,-0.04530214322460538,-1.0681478316620918e-05,-0.00014718872677357137,0.8322399941033389,logreg,NO_ONE
0.820296648783318,0.8301024544851477,0.8189244618083983,0.501808339672643,-0.04417641302242717,-0.0026490066225165476,-0.0011176357345355145,0.8301024544851477,svm,NO_ONE
0.8275690466871073,0.8333456180437827,0.8295255477477202,0.5325525332302841,-0.051365667052236774,0.015221106601153611,0.005860822093265473,0.8333456180437827,forest,NO_ONE
0.8000869710799576,0.8104960566079458,0.8027807161967107,0.4554172969766292,-0.042546414463446786,0.004539628284554564,0.0015423985969614043,0.8104960566079458,knn,NO_ONE
0.7979775225238918,0.8062946856342597,0.800891611801629,0.4522149817296152,-0.04336791957481778,0.00013885921811573887,-0.00021832119831612096,0.8062946856342597,cart,NO_ONE
