precision,recall,f1score,mcc,stat_par,eq_odds,ao,acc,model,fairness_method
0.6885306401275164,0.6866558616963804,0.6832133736467214,0.37015752218731407,-0.08515393792900416,-0.004335971855760845,-0.056328368029439,0.6866558616963804,logreg,NO_ONE
0.6726430261577193,0.6699081577525662,0.6649484107678165,0.33656989857172237,-0.1408373231689366,-0.06891380826737026,-0.11535182620507778,0.6699081577525662,svm,NO_ONE
0.6426872288245868,0.6434359805510534,0.6423363708820521,0.2823334894068531,-0.08515006430220495,-0.016152154793315776,-0.06387044642632106,0.6434359805510534,forest,NO_ONE
