precision,recall,f1score,mcc,stat_par,eq_odds,ao,acc,model,fairness_method
0.6681539633410538,0.668827660723933,0.6665520968598719,0.33079815243904204,-0.10095129306643702,-0.025985578369272844,-0.07584805234253117,0.668827660723933,logreg,NO_ONE
0.6657205171521757,0.6655861696380335,0.6617014079952498,0.32390871062512866,-0.1484587022759738,-0.09908210359853209,-0.12088315706242395,0.6655861696380335,svm,NO_ONE
0.6493918107177629,0.6499189627228525,0.6495634838406379,0.294949136336357,-0.09894254512527345,-0.023312677799455117,-0.07766949679446439,0.6499189627228525,forest,NO_ONE
