precision,recall,f1score,mcc,stat_par,eq_odds,ao,acc,model,fairness_method
0.6755767650931006,0.6769313884386818,0.6744051919099644,0.34323056855965034,-0.10733362708038618,-0.035945059314732575,-0.09108944740166702,0.6769313884386818,logreg,NO_ONE
0.6502896645433169,0.6520799567801189,0.6480049248924226,0.29116677474024655,-0.14286929029165985,-0.05962124726622042,-0.13329349258391676,0.6520799567801189,svm,NO_ONE
0.6556984200991932,0.6553214478660183,0.6554908299539679,0.3050240834487053,-0.16162272056152066,-0.11365067267545903,-0.14459030100910666,0.6553214478660183,forest,NO_ONE
