precision,recall,f1score,mcc,stat_par,eq_odds,ao,acc,model,fairness_method
0.677322637875604,0.6785521339816315,0.6748715227535396,0.3447517643906712,-0.11966487266557868,-0.05859550332558039,-0.09533288202072213,0.6785521339816315,logreg,NO_ONE
0.6773618185936744,0.6774716369529984,0.6716952370582391,0.34201406006363716,-0.13607985330743633,-0.07931611376341452,-0.11185204716009875,0.6774716369529984,svm,NO_ONE
0.6481256236091665,0.6493787142085359,0.6484630811540666,0.28873018223789204,-0.1266244934166798,-0.08495939935528629,-0.1041235352940815,0.6493787142085359,forest,NO_ONE
