precision,recall,f1score,mcc,stat_par,eq_odds,ao,acc,model,fairness_method
0.6555074727885,0.655861696380335,0.6556752104855865,0.2978892652523264,-0.11519449207720367,-0.037868791993520556,-0.09638756755912728,0.655861696380335,logreg,NO_ONE
0.65456004261828,0.6574824419232848,0.6549012447352083,0.2949049139338624,-0.16794909812921444,-0.10588736325369696,-0.14685142352309613,0.6574824419232848,svm,NO_ONE
0.6464640039541939,0.6428957320367369,0.6440733654702888,0.27892525664239115,-0.10842433697347897,-0.030294273100951674,-0.09201495264242987,0.6428957320367369,forest,NO_ONE
