precision,recall,f1score,mcc,stat_par,eq_odds,ao,acc,model,fairness_method
0.6820020840028939,0.6834143706104808,0.6812814218467695,0.3560530475075814,-0.14141292717401355,-0.09394365310788977,-0.12061128233625779,0.6834143706104808,logreg,NO_ONE
0.656643872521687,0.6585629389519179,0.6556538130748203,0.3044880472877675,-0.1651972893356759,-0.08701671946128509,-0.15439271347213915,0.6585629389519179,svm,NO_ONE
0.6597872575830436,0.6591031874662344,0.6593897112704263,0.31265540013311294,-0.13477364896104416,-0.11177075248064783,-0.11285816535597018,0.6591031874662344,forest,NO_ONE
