precision,recall,f1score,mcc,stat_par,eq_odds,ao,acc,model,fairness_method
0.6596729592888992,0.6607239330091842,0.6588243112361517,0.31403779864646886,-0.0898881060920016,-0.0370967741935484,-0.06883861020578927,0.6607239330091842,logreg,NO_ONE
0.6374234082319609,0.6385737439222042,0.6346433934804908,0.2677085542412793,-0.11911002900953171,-0.05628002745367189,-0.1043754053984692,0.6385737439222042,svm,NO_ONE
0.6341658701723939,0.6337115072933549,0.633902488873812,0.2640308590588888,-0.11774243680066304,-0.049639670555936766,-0.10355257088989864,0.6337115072933549,forest,NO_ONE
