precision,recall,f1score,mcc,stat_par,eq_odds,ao,acc,model,fairness_method
0.6847993675397479,0.6850351161534306,0.681509538588689,0.3610868760249827,-0.09000858274474599,-0.035021053712642414,-0.07095657452675835,0.6850351161534306,logreg,NO_ONE
0.6696352775235896,0.668827660723933,0.6627395973878978,0.32760006370964057,-0.11990251891747183,-0.053883810893156636,-0.10565208570957843,0.668827660723933,svm,NO_ONE
0.6514911289497641,0.6526202052944354,0.6516685403008793,0.29730822293404663,-0.13870187954235869,-0.09551196467084311,-0.1226124247725027,0.6526202052944354,forest,NO_ONE
