precision,recall,f1score,mcc,stat_par,eq_odds,ao,acc,model,fairness_method
0.682215777708867,0.6828741220961643,0.6801338752126826,0.3572330744691385,-0.1236567699836868,-0.055521602580426044,-0.10100808062923278,0.6828741220961643,logreg,NO_ONE
0.6646028074873309,0.6655861696380335,0.6623870533491026,0.32164635097311045,-0.17027601957585647,-0.10439691027926323,-0.15113158169381757,0.6655861696380335,svm,NO_ONE
0.6400392867681718,0.6396542409508373,0.6398242071285594,0.2748420790417161,-0.1249096247960848,-0.0949410067057126,-0.10352480961772967,0.6396542409508373,forest,NO_ONE
