precision,recall,f1score,mcc,stat_par,eq_odds,ao,acc,model,fairness_method
0.667828149105551,0.6682874122096164,0.6645841723212034,0.32769150724051005,-0.1394848467792691,-0.07071960297766755,-0.10844081105120973,0.6682874122096164,logreg,NO_ONE
0.65046934541419,0.6515397082658023,0.6477801103275022,0.29325572329315114,-0.18223903355045357,-0.1323767396698673,-0.15318193477689784,0.6515397082658023,svm,NO_ONE
0.6453761138354347,0.646677471636953,0.6452973447008726,0.2853422850252717,-0.14104033524869908,-0.10869565217391308,-0.10866826925730849,0.646677471636953,forest,NO_ONE
