precision,recall,f1score,mcc,stat_par,eq_odds,ao,acc,model,fairness_method
0.6695854732320125,0.6682874122096164,0.6641901608017363,0.33178043997632556,-0.1336030304630167,-0.05799447119671841,-0.11295314615386809,0.6682874122096164,logreg,NO_ONE
0.66191298823777,0.6591031874662344,0.6529150231079565,0.31374146304487244,-0.1665025605828626,-0.10447654717317634,-0.14632222949714369,0.6591031874662344,svm,NO_ONE
0.6551969274287225,0.655861696380335,0.6551742771752658,0.30738484328817134,-0.09119106699751867,-0.012136614945603807,-0.07243493173749355,0.655861696380335,forest,NO_ONE
