precision,recall,f1score,mcc,stat_par,eq_odds,ao,acc,model,fairness_method
0.6663900819592196,0.6666666666666666,0.6629030020999854,0.3250176567033939,-0.1162229129251211,-0.05608665533094026,-0.08544512026633719,0.6666666666666666,logreg,NO_ONE
0.6466849392642158,0.6461372231226364,0.6392831914023807,0.28249499958867996,-0.1341218667503744,-0.06211138400822891,-0.11193882719388015,0.6461372231226364,svm,NO_ONE
0.6194145539493722,0.6196650459211237,0.6195282376813629,0.23412044869889173,-0.09523380693367367,-0.03241178075865403,-0.07598474088067014,0.6196650459211237,forest,NO_ONE
