precision,recall,f1score,mcc,stat_par,eq_odds,ao,acc,model,fairness_method
0.6706927508141993,0.6704484062668827,0.6661702118398755,0.3328101708406802,-0.10733271058677818,-0.019314293930820403,-0.08025676011821484,0.6704484062668827,logreg,NO_ONE
0.6539475701064882,0.653160453808752,0.6467221537518238,0.2971436620578165,-0.16052159794337517,-0.08615519946544192,-0.1369556752355547,0.653160453808752,svm,NO_ONE
0.6505013727860383,0.6515397082658023,0.6505621665827521,0.29626202758420794,-0.1859392848128768,-0.11208803291930458,-0.16148354791465766,0.6515397082658023,forest,NO_ONE
