precision,recall,f1score,mcc,stat_par,eq_odds,ao,acc,model,fairness_method
0.661434735495492,0.6618044300378174,0.6570353802437837,0.3134554308820846,-0.10235281237587968,-0.014632943642004514,-0.07593623731513963,0.6618044300378174,logreg,NO_ONE
0.6498404835498547,0.6488384656942193,0.6406160987549688,0.2864929456165661,-0.1479501685490524,-0.07682603603788707,-0.12376980193854153,0.6488384656942193,svm,NO_ONE
0.6532605262867586,0.6537007023230686,0.6534376605411997,0.30145553917586976,-0.10889236284384518,-0.059850835199605545,-0.07585841592476089,0.6537007023230686,forest,NO_ONE
