precision,recall,f1score,mcc,stat_par,eq_odds,ao,acc,model,fairness_method
0.6554990066479907,0.6547811993517018,0.6506811600938894,0.3041715856286313,-0.06953982161180838,0.002442996742671011,-0.04608573830804538,0.6547811993517018,logreg,NO_ONE
0.6333126369891481,0.6320907617504052,0.6254578006152002,0.25775414848478223,-0.05342173810087614,-0.013312561960062363,-0.030710201336202336,0.6320907617504052,svm,NO_ONE
0.641097118292793,0.6418152350081038,0.6411089449573328,0.27920321263720865,-0.07899597442576367,-0.0050895765472313,-0.05816073266092575,0.6418152350081038,forest,NO_ONE
