precision,recall,f1score,mcc,stat_par,eq_odds,ao,acc,model,fairness_method
0.7056279323513366,0.7233333333333334,0.707974675657671,0.2994703087618331,-0.1464325148535674,-0.1578947368421053,-0.100250626566416,0.7233333333333334,knn,NO_ONE
0.6890646195909353,0.69,0.6895247081023705,0.2687995864024995,-0.0378043009621957,0.0338345864661654,-0.0264411027568922,0.69,tree,NO_ONE
0.7335173645487546,0.7433333333333333,0.7364091580975393,0.3704992321066996,-0.18365844681634147,-0.0892857142857143,-0.17145989974937342,0.7433333333333333,logreg,NO_ONE
0.6943036603855317,0.7166666666666667,0.6943833489585659,0.26756033145943364,-0.18471002681528992,-0.12875939849624063,-0.17565789473684212,0.7166666666666667,svm,NO_ONE
0.7235555555555555,0.74,0.7219172932330826,0.3361455542053771,-0.10726115989273888,-0.019736842105263164,-0.10034461152882204,0.74,forest,NO_ONE
