precision,recall,f1score,mcc,stat_par,eq_odds,ao,acc,model,fairness_method
0.6757303724702732,0.7,0.6686438651040422,0.2373339769836752,-0.0211825736106441,-0.05,0.0319053708439897,0.7,knn,NO_ONE
0.6733883593375579,0.68,0.676210067009506,0.2530994661842713,-0.1248378884672654,-0.0999999999999999,-0.084313725490196,0.68,tree,NO_ONE
0.7671395084053311,0.7733333333333333,0.7580075757575758,0.44842676592055425,-0.11686440270906384,-0.016666666666666607,-0.07419011082693946,0.7733333333333333,logreg,NO_ONE
0.7599917140151514,0.7566666666666667,0.724982462646209,0.39830974814569625,-0.057831788270329976,-0.020634920634920673,-0.0077599155604271,0.7566666666666667,svm,NO_ONE
0.7457489177489177,0.7533333333333333,0.7308168859649123,0.3907510331486148,-0.10110956337960508,-0.06984126984126982,-0.04536394267852062,0.7533333333333333,forest,NO_ONE
