precision,recall,f1score,mcc,stat_par,eq_odds,ao,acc,model,fairness_method
0.7421052631578948,0.7533333333333333,0.7446981227803146,0.3815089223462009,-0.0447409733124019,-0.0044191919191919,-0.0118249805749806,0.7533333333333333,logreg,NO_ONE
0.7698105537035531,0.7766666666666666,0.753660325535667,0.4191167862457118,-0.0737833594976452,0.0018939393939394,-0.0628182124892651,0.7766666666666666,svm,NO_ONE
0.7463414634146341,0.76,0.7394736842105263,0.3748789971250483,0.0105965463108319,0.0587121212121212,0.0339107164765059,0.76,forest,NO_ONE
0.7622684525505842,0.7733333333333333,0.7568524276488878,0.41627191603391445,0.0015698587127158659,0.014520202020201989,0.050276295342084776,0.7733333333333333,knn,NO_ONE
0.6643796658371846,0.6566666666666666,0.6601830871023294,0.20060704322608824,-0.020211930926216648,-0.015782828282828287,0.008808990716885456,0.6566666666666666,tree,NO_ONE
