precision,recall,f1score,mcc,stat_par,eq_odds,ao,acc,model,fairness_method
0.7172111801242236,0.73,0.7159178462087619,0.3502990639374908,-0.0037275680281165,-0.0120569086086328,0.0122353028114331,0.73,logreg,NO_ONE
0.692797619047619,0.71,0.6760183808622787,0.273809172657098,-0.0760423877735768,-0.0195321919459849,-0.0944435153278311,0.71,svm,NO_ONE
0.7537533875338753,0.7566666666666667,0.7331306750888273,0.4092632390277171,0.0003195058309813,0.0494333252953943,-0.0099133183769707,0.7566666666666667,forest,NO_ONE
0.7151004016064256,0.7266666666666667,0.6975111111111111,0.32403443300629936,-0.07779966984397468,-0.05075958524234392,-0.08064544727012829,0.7266666666666667,knn,NO_ONE
0.6511640211640211,0.6633333333333333,0.6555906750009828,0.20967042964968483,-0.1290803557164918,-0.18398842536773574,-0.0957892790975301,0.6633333333333333,tree,NO_ONE
