precision,recall,f1score,mcc,stat_par,eq_odds,ao,acc,model,fairness_method
0.7297232788841651,0.7333333333333333,0.7313932980599648,0.3389554127694255,-0.0525902668759812,-0.0322147651006711,0.0062603206684314,0.7333333333333333,logreg,NO_ONE
0.7409648581292726,0.7566666666666667,0.7426895526422489,0.3573820517578355,-0.1155808477237049,-0.1040784718637067,-0.0572219964337628,0.7566666666666667,svm,NO_ONE
0.7405240027045301,0.7533333333333333,0.7438953273930852,0.361045358086366,-0.0504317111459968,-0.0109447599380484,-0.0021990575467656,0.7533333333333333,forest,NO_ONE
0.6922669912241368,0.71,0.6981567750142562,0.24412879763187845,-0.09968602825745676,-0.12534847702632934,-0.04003375842587603,0.71,knn,NO_ONE
0.6710670194003527,0.6733333333333333,0.672171454628363,0.19569281441385955,0.001766091051805363,-0.00929272070211662,0.0499090133532516,0.6733333333333333,tree,NO_ONE
