precision,recall,f1score,mcc,stat_par,eq_odds,ao,acc,model,fairness_method
0.670640898327095,0.6966666666666667,0.6673575499635411,0.2255852137917997,-0.1265725288831836,-0.1206312098188193,-0.1075378271316319,0.6966666666666667,knn,NO_ONE
0.6625900681596885,0.6766666666666666,0.6674285714285714,0.222594783974641,-0.0305519897304236,0.0135593220338983,-0.0237758945386064,0.6766666666666666,tree,NO_ONE
0.6970869489255139,0.71,0.7005271351409891,0.3003623110646555,-0.05571245186136076,-0.027819988310929245,-0.03335443859990905,0.71,logreg,NO_ONE
0.7059596314790071,0.7233333333333334,0.7018137006161653,0.30777956940439016,-0.08189987163029522,-0.055990648743424964,-0.06132865770504581,0.7233333333333334,svm,NO_ONE
0.7305055216407161,0.7433333333333333,0.7248631939152564,0.36361068665115454,-0.0721437740693196,-0.02209234365867918,-0.055490616273784044,0.7433333333333333,forest,NO_ONE
