precision,recall,f1score,mcc,stat_par,eq_odds,ao,acc,model,fairness_method
0.6599036434808793,0.6866666666666666,0.6567026942355889,0.2101582435467721,-0.0014652014652014,0.031387181738367,-0.0071243089978966,0.6866666666666666,knn,NO_ONE
0.640476926895393,0.6566666666666666,0.6459499672770499,0.1806268410702728,-0.049084249084249,0.0030728709394205,-0.0642588680305112,0.6566666666666666,tree,NO_ONE
0.7160939587875378,0.73,0.7083498439993673,0.334856308484815,-0.12234432234432235,-0.020632133450395163,-0.1547555882138994,0.73,logreg,NO_ONE
0.7230820740204507,0.73,0.6935168961201502,0.3235811262360592,-0.10183150183150191,-0.01382791922739246,-0.1300863122942456,0.73,svm,NO_ONE
0.7528739846714028,0.7566666666666667,0.7326021524407931,0.4041465957415396,-0.06520146520146519,-0.006365232660228259,-0.07429471203237376,0.7566666666666667,forest,NO_ONE
