precision,recall,f1score,mcc,stat_par,eq_odds,ao,acc,model,fairness_method
0.7786432637571157,0.79,0.7796392572944298,0.4388293831955098,-0.1384404924760601,-0.0828947368421053,-0.126836978810663,0.79,logreg,NO_ONE
0.7574379084967319,0.7733333333333333,0.7488117937853107,0.3662293239713972,-0.1354309165526676,-0.0966008771929824,-0.1258978411938938,0.7733333333333333,svm,NO_ONE
0.7623344732592381,0.7766666666666666,0.7629496747477558,0.3953518576759851,-0.0749658002735977,-0.0591008771929824,-0.0435114775575301,0.7766666666666666,forest,NO_ONE
0.7396552014128333,0.76,0.7359607201309329,0.3279235804983369,-0.07688098495212037,-0.05405701754385972,-0.05982071656413768,0.76,knn,NO_ONE
0.7247099673202614,0.71,0.7160532915776484,0.310525952044969,-0.062380300957592394,-0.09199561403508771,-0.005088716108452934,0.71,tree,NO_ONE
