precision,recall,f1score,mcc,stat_par,eq_odds,ao,acc,model,fairness_method
0.7538620857699805,0.7633333333333333,0.7570075675882926,0.3914419167460308,-0.1330455259026687,-0.1038415366146459,-0.0950046685340803,0.7633333333333333,logreg,NO_ONE
0.759021009313407,0.7733333333333333,0.7579145908932489,0.3931497977436746,-0.1212715855572998,-0.0575230092036814,-0.1089769241029745,0.7733333333333333,svm,NO_ONE
0.7127317907963522,0.7333333333333333,0.7168615984405459,0.2844304707512522,-0.037480376766091,-0.0099039615846338,-0.0157229558490062,0.7333333333333333,forest,NO_ONE
0.7108904852263486,0.73,0.7157318556561697,0.28194732265553546,-0.09576138147566726,-0.03931572629051616,-0.09250366813392019,0.73,knn,NO_ONE
0.6777462121212121,0.6833333333333333,0.6803552769070011,0.20630829852563426,-0.06279434850863419,-0.08103241296518604,-0.02067493664132314,0.6833333333333333,tree,NO_ONE
