precision,recall,f1score,mcc,stat_par,eq_odds,ao,acc,model,fairness_method
0.7084261451888066,0.7233333333333334,0.6959723103093949,0.3109680077285809,-0.14,-0.0910326086956522,-0.1445306412653888,0.7233333333333334,knn,NO_ONE
0.6942062983588783,0.69,0.6919133655033104,0.3046606413248133,0.005,-0.0108695652173913,0.0348877980364656,0.69,tree,NO_ONE
0.6961052259887005,0.7133333333333334,0.6943773606178477,0.2965605001523128,-0.11499999999999999,-0.06317934782608692,-0.12029935133239827,0.7133333333333334,logreg,NO_ONE
0.7380191256830602,0.7466666666666667,0.7240494632422884,0.3777059252085176,-0.14,-0.08265398550724634,-0.14392555906186688,0.7466666666666667,svm,NO_ONE
0.7208333333333333,0.7333333333333333,0.7095257507813563,0.34122434840151333,-0.09499999999999997,-0.06816123188405798,-0.08694799945457377,0.7333333333333333,forest,NO_ONE
