precision,recall,f1score,mcc,stat_par,eq_odds,ao,acc,model,fairness_method
0.702046783625731,0.7166666666666667,0.7039273832241886,0.3123629684135021,-0.1785587324158245,-0.2352285395763657,-0.1442969620958751,0.7166666666666667,logreg,NO_ONE
0.7125907255332411,0.7266666666666667,0.6961844990244002,0.3114614010643907,-0.0633284241531664,-0.125752508361204,-0.026578177257525,0.7266666666666667,svm,NO_ONE
0.745949074074074,0.75,0.7212201591511938,0.3786652327562208,-0.0682545325275506,-0.0642140468227424,-0.0660012541806019,0.75,forest,NO_ONE
0.6939047619047618,0.7133333333333334,0.6871655701754387,0.280247991566917,-0.18612564115585806,-0.15741360089186174,-0.19793756967670012,0.7133333333333334,knn,NO_ONE
0.6867881944444444,0.6766666666666666,0.6808393537099927,0.28327173783613874,-0.01645421766289168,-0.08394648829431439,0.023651755852842793,0.6766666666666666,tree,NO_ONE
