precision,recall,f1score,mcc,stat_par,eq_odds,ao,acc,model,fairness_method
0.7211900330851944,0.7433333333333333,0.7215677928247493,0.2983384801651552,-0.0792224080267558,-0.0173515009580583,-0.0863340539437843,0.7433333333333333,knn,NO_ONE
0.7243226110265885,0.7233333333333334,0.7238198448724764,0.3211666854532435,-0.0255016722408026,0.0209708324462423,-0.0137081321639756,0.7233333333333334,tree,NO_ONE
0.756453634085213,0.7633333333333333,0.7591443946103748,0.39912888698538906,-0.04222408026755853,-0.027570789865871803,-0.003331392543449635,0.7633333333333333,logreg,NO_ONE
0.7422045680238332,0.76,0.7404856013551665,0.3487998943975053,-0.10576923076923073,-0.07611241217798603,-0.08793673177597033,0.76,svm,NO_ONE
0.7628854410616706,0.7766666666666666,0.76075495604073,0.4012098977270761,-0.05999163879598668,-0.013945071322120528,-0.04520431582832429,0.7766666666666666,forest,NO_ONE
