precision,recall,f1score,mcc,stat_par,eq_odds,ao,acc,model,fairness_method
0.7321066666666667,0.7466666666666667,0.7208175984582897,0.342685147574115,-0.0434688111280157,0.0303484451105282,-0.0181591107780692,0.7466666666666667,knn,NO_ONE
0.6811070057233934,0.6866666666666666,0.6836132559419209,0.2498077510482066,-0.005650945446642,0.0464593480704382,0.022728420902387,0.6866666666666666,tree,NO_ONE
0.7592981046145603,0.77,0.7559782529902138,0.42027438749019436,-0.09682677678765494,-0.028475084301236464,-0.052082153679440274,0.77,logreg,NO_ONE
0.7616797900262468,0.7666666666666667,0.7393939393939395,0.3991236468495219,-0.11106281243207994,-0.05345322842512801,-0.07434566183161162,0.7666666666666667,svm,NO_ONE
0.760170384809761,0.77,0.7519111891546005,0.41497649204314363,-0.01075853075418387,0.030348445110528255,0.043244397993860595,0.77,forest,NO_ONE
