precision,recall,f1score,mcc,stat_par,eq_odds,ao,acc,model,fairness_method
0.7504048008728859,0.7633333333333333,0.7540892913456773,0.3673355060959881,-0.2042816221920699,-0.191786283891547,-0.164538782019985,0.7633333333333333,logreg,NO_ONE
0.7427822519832293,0.7633333333333333,0.7361291228070176,0.3254319569746313,-0.1629730137192823,-0.1337719298245613,-0.1463541158090029,0.7633333333333333,svm,NO_ONE
0.7385552892844917,0.76,0.7354025423728813,0.320230285933022,-0.1781999095431931,-0.1640749601275917,-0.1513015493278651,0.76,forest,NO_ONE
0.7076190476190476,0.7266666666666667,0.7136793372319689,0.2595859040997079,-0.12875018845168096,-0.1002791068580543,-0.11414697457930545,0.7266666666666667,knn,NO_ONE
0.7057201540436456,0.69,0.6966205874103458,0.257793029486625,-0.07010402532790594,-0.06419457735247203,-0.034571005435667046,0.69,tree,NO_ONE
