precision,recall,f1score,mcc,stat_par,eq_odds,ao,acc,model,fairness_method
0.7523899882533659,0.7666666666666667,0.7555799220272904,0.3704148005369646,-0.08577942433741803,-0.038363171355498715,-0.02421032130993328,0.7666666666666667,logreg,NO_ONE
0.7182070707070707,0.7466666666666667,0.7093766556485454,0.25686034557420767,-0.12909660872043316,-0.05786445012787722,-0.11298394920186966,0.7466666666666667,svm,NO_ONE
0.7754448135843484,0.7866666666666666,0.7612216499503028,0.3992018689749026,-0.018808777429467072,0.030370843989769858,0.03817392774201134,0.7866666666666666,forest,NO_ONE
