precision,recall,f1score,mcc,stat_par,eq_odds,ao,acc,model,fairness_method
0.7509625248928852,0.76,0.7541439945014032,0.3847224501025525,-0.17476891475522083,-0.15894736842105261,-0.09137844611528823,0.76,logreg,NO_ONE
0.7373346560846561,0.7566666666666667,0.7324590920556209,0.3309142892396886,-0.17048955837042112,-0.1768421052631579,-0.10702224310776942,0.7566666666666667,svm,NO_ONE
0.7462055417700578,0.7633333333333333,0.7432638089682753,0.3569639456997927,-0.10338925025676138,-0.12631578947368416,-0.026699561403508765,0.7633333333333333,forest,NO_ONE
