precision,recall,f1score,mcc,stat_par,eq_odds,ao,acc,model,fairness_method
0.716422904237653,0.73,0.7175848764365035,0.34095070250803317,-0.06265508684863519,-0.05316321105794786,-0.04264449001291104,0.73,logreg,NO_ONE
0.7062515066291684,0.72,0.6768278777784895,0.275862796366445,-0.009615384615384581,0.0037214247740564588,0.00015189488873701418,0.72,svm,NO_ONE
0.7340726888364908,0.7433333333333333,0.7149920424403184,0.3541286983083128,-0.011786600496277999,0.015417331206804996,-0.0011771853877116656,0.7433333333333333,forest,NO_ONE
