precision,recall,f1score,mcc,stat_par,eq_odds,ao,acc,model,fairness_method
0.7512496236073473,0.7666666666666667,0.7481159420289856,0.37452474956789045,-0.05934589560320558,-0.038339193035325625,0.0030078228371758775,0.7666666666666667,logreg,NO_ONE
0.7350512820512821,0.7533333333333333,0.7202759359721386,0.315147384632588,-0.07364089235434268,-0.06596350242759086,-0.025589278095515866,0.7533333333333333,svm,NO_ONE
0.7248413825757576,0.7466666666666667,0.7170627386797599,0.2997636738925062,-0.07883907299111981,-0.08521680897371497,-0.027151415239545618,0.7466666666666667,forest,NO_ONE
