precision,recall,f1score,mcc,stat_par,eq_odds,ao,acc,model,fairness_method
0.7167452330508475,0.73,0.7118246269180554,0.34401392340790704,0.000672777731057117,0.04661558109833974,0.03216855004284075,0.73,logreg,NO_ONE
0.6941796875,0.71,0.6716815350951019,0.27011530970948594,0.022538053990412976,0.049169859514687,0.045154550010508054,0.71,svm,NO_ONE
0.7242617528939287,0.7333333333333333,0.7048888888888888,0.3429065607294385,-0.050710621478429085,0.0063856960408684715,-0.025921076030198664,0.7333333333333333,forest,NO_ONE
