precision,recall,f1score,mcc,stat_par,eq_odds,ao,acc,model,fairness_method
0.7554170055118821,0.7666666666666667,0.751786927571681,0.4103810973028433,-0.012666894899007186,-0.01718845917740952,0.04692127149276604,0.7666666666666667,logreg,NO_ONE
0.7434915021121918,0.75,0.7135532804895913,0.34478429891916973,0.07651489216021912,0.06077348066298338,0.12267224862276782,0.75,svm,NO_ONE
0.7747618647156111,0.7766666666666666,0.7514158044497157,0.42931105245153034,0.08233481684354671,0.06077348066298338,0.14430166462853566,0.7766666666666666,forest,NO_ONE
