precision,recall,f1score,mcc,stat_par,eq_odds,ao,acc,model,fairness_method
0.7340746484698096,0.7433333333333333,0.7173798221203689,0.3612096854552938,-0.03265306122448974,-0.02485549132947973,0.02201669877970458,0.7433333333333333,logreg,NO_ONE
0.7523827160493827,0.7366666666666667,0.6858551824785115,0.3396885409691223,-0.033395176252319136,-0.004431599229287042,0.0027842003853564834,0.7366666666666667,svm,NO_ONE
0.7590633384828035,0.76,0.733235169875083,0.40784929080992116,-0.02263450834879399,-0.008863198458574195,0.03695728965960182,0.76,forest,NO_ONE
