precision,recall,f1score,mcc,stat_par,eq_odds,ao,acc,model,fairness_method
0.7216242937853107,0.7366666666666667,0.7271771408751715,0.2798225124851067,-0.11094847775175642,-0.03164362519201225,-0.09669209174214738,0.7366666666666667,logreg,NO_ONE
0.7420666666666667,0.7633333333333333,0.7440171826396089,0.32153549353221966,-0.16832552693208436,-0.09078341013824875,-0.15212405318078287,0.7633333333333333,svm,NO_ONE
0.7157298907646475,0.74,0.7216161616161617,0.2588294884417683,-0.0023419203747072626,0.0039938556067588005,0.040174267704857214,0.74,forest,NO_ONE
