precision,recall,f1score,mcc,stat_par,eq_odds,ao,acc,model,fairness_method
0.7821766467750417,0.7933333333333333,0.7825316764132554,0.44660727326234306,-0.17956349206349198,-0.16708333333333336,-0.07267210144927538,0.7933333333333333,logreg,NO_ONE
0.744187892211148,0.7633333333333333,0.7347340350877193,0.3302738422825971,-0.05654761904761907,-0.057499999999999996,0.015815217391304315,0.7633333333333333,svm,NO_ONE
0.785707618187293,0.7966666666666666,0.7815138759702144,0.4472467682608075,-0.08333333333333337,-0.00708333333333333,0.012400362318840563,0.7966666666666666,forest,NO_ONE
