precision,recall,f1score,mcc,stat_par,eq_odds,ao,acc,model,fairness_method
0.7340987514900558,0.7466666666666667,0.7380505891716654,0.3418862480974985,-0.002634660421545587,-0.02733070148800487,0.044548365364450504,0.7466666666666667,logreg,NO_ONE
0.7327668845315904,0.7533333333333333,0.7258810692853246,0.3159265016815474,0.030737704918032738,-0.002429395687822633,0.07534032607953367,0.7533333333333333,svm,NO_ONE
0.7301641071966276,0.75,0.7305279420715055,0.3215471018581086,0.04566744730679151,0.05830549650774375,0.06822770838146358,0.75,forest,NO_ONE
