precision,recall,f1score,mcc,stat_par,eq_odds,ao,acc,model,fairness_method
0.7588222092115535,0.7566666666666667,0.7336690483321211,0.42832229652741816,-0.11199999999999999,0.023116883116883202,-0.02058441558441554,0.7566666666666667,logreg,NO_ONE
0.7251262626262626,0.7166666666666667,0.6689705935902037,0.31626955840441917,-0.12,0.00025974025974029313,-0.06510822510822506,0.7166666666666667,svm,NO_ONE
0.6900743949524438,0.7,0.655811403508772,0.26412059391171827,-0.09999999999999998,-0.022337662337662323,-0.051883116883116864,0.7,forest,NO_ONE
