precision,recall,f1score,mcc,stat_par,eq_odds,ao,acc,model,fairness_method
0.7331993531993531,0.74,0.7360438576862832,0.3468574658537897,-0.03502356002531826,0.04036664903930898,0.04666115703196974,0.74,logreg,NO_ONE
0.731680023103025,0.75,0.7325825159523192,0.3318297172831673,-0.07996342921443134,0.012515423937951686,-0.018372829902945365,0.75,svm,NO_ONE
0.7558914128982348,0.77,0.7554103827207276,0.3910556348615902,-0.05056614389197556,0.0770315529702098,0.021890160721558083,0.77,forest,NO_ONE
