precision,recall,f1score,mcc,stat_par,eq_odds,ao,acc,model,fairness_method
0.7333578802974514,0.7433333333333333,0.7212110668116467,0.369229291710661,-0.17305713697784486,-0.11691176470588238,-0.11867577240791366,0.7433333333333333,logreg,NO_ONE
0.7299373137395951,0.73,0.6867096774193548,0.32235062820554355,-0.13327388709788057,-0.05257352941176474,-0.0999999081341682,0.73,svm,NO_ONE
0.7537326938738577,0.75,0.7162193482593984,0.3844300634722592,-0.1287468276287812,-0.05257352941176474,-0.08100940338654206,0.75,forest,NO_ONE
