precision,recall,f1score,mcc,stat_par,eq_odds,ao,acc,model,fairness_method
0.6633107436522996,0.6866666666666666,0.6642348484848484,0.22374062028431727,-0.13453389830508478,-0.13984583923234228,-0.11238867304082867,0.6866666666666666,logreg,NO_ONE
0.7099615384615384,0.72,0.6787351778656127,0.2913203946079493,-0.009269067796610186,-0.04734937863772215,0.027010242187988254,0.72,svm,NO_ONE
0.7353714481342007,0.74,0.7078801169590643,0.3545401195505315,-0.08315677966101698,-0.04734937863772215,-0.0661404427435186,0.74,forest,NO_ONE
