precision,recall,f1score,mcc,stat_par,eq_odds,ao,acc,model,fairness_method
0.7363717891230542,0.75,0.738177740075628,0.3650238798200348,-0.14543236649498514,-0.14922788281137245,-0.11912739896262203,0.75,logreg,NO_ONE
0.7605108526202182,0.7566666666666667,0.7123276799116617,0.3512777969902913,-0.012062889671997867,-0.019194688988310005,0.009036195878515785,0.7566666666666667,svm,NO_ONE
0.7749796398515972,0.7766666666666666,0.7484439149265026,0.41723969628165986,-0.04296557332610462,0.02886419396738349,-0.05699647444487965,0.7766666666666666,forest,NO_ONE
