precision,recall,f1score,mcc,stat_par,eq_odds,ao,acc,model,fairness_method
0.7139950570039065,0.7266666666666667,0.7175155923232099,0.32376723218848935,-0.10337031389662965,-0.03383458646616544,-0.08659147869674186,0.7266666666666667,logreg,NO_ONE
0.7025370009385604,0.7233333333333334,0.7015743289830702,0.2859873515323974,-0.15316262684683735,-0.08646616541353391,-0.1457393483709274,0.7233333333333334,svm,NO_ONE
0.7190036820446177,0.7366666666666667,0.7159562890320789,0.3228413916783249,-0.12161522687838477,-0.050751879699248215,-0.11033834586466174,0.7366666666666667,forest,NO_ONE
0.683698678325544,0.6766666666666666,0.679824711871205,0.2558193372705328,-0.01530048898469949,0.048872180451127845,-0.0013784461152882288,0.6766666666666666,cart,NO_ONE
