precision,recall,f1score,mcc,stat_par,eq_odds,ao,acc,model,fairness_method
0.7486489699796511,0.7633333333333333,0.7497391539397217,0.3756968135493201,-0.0017152658662092923,0.010389610389610393,0.015047021943573657,0.7633333333333333,logreg,NO_ONE
0.7339792308570124,0.7533333333333333,0.7265009065009065,0.3235137873226589,-0.05638936535162953,-0.02857142857142858,-0.05554187192118232,0.7533333333333333,svm,NO_ONE
0.7513066666666667,0.7666666666666667,0.7448360378634212,0.3692129354416731,-0.037521440823327645,-0.005411255411255422,-0.03595685923272135,0.7666666666666667,forest,NO_ONE
0.7023055175558595,0.7033333333333334,0.7028116522853366,0.2720919796963812,0.09541166380789023,0.07727272727272727,0.12730631437527992,0.7033333333333334,cart,NO_ONE
