precision,recall,f1score,mcc,stat_par,eq_odds,ao,acc,model,fairness_method
0.7097266308611428,0.7233333333333334,0.7118889605843024,0.327067716839357,0.01720154043645694,0.0638223261250731,0.03468894084031432,0.7233333333333334,logreg,NO_ONE
0.7142040285899934,0.73,0.7073667587840505,0.3234990065387939,-0.030038510911424843,-0.02209234365867918,6.493928177148112e-05,0.73,svm,NO_ONE
0.7016984895981762,0.72,0.6973827965756216,0.2974751470769047,-0.055969191270860086,-0.008299240210403291,-0.045816286771868275,0.72,forest,NO_ONE
0.7094545454545453,0.72,0.7125557461406519,0.3296434023718247,-0.056482670089858744,-0.07551139684395092,-0.009977920644197669,0.72,cart,NO_ONE
