precision,recall,f1score,mcc,stat_par,eq_odds,ao,acc,model,fairness_method
0.7401554001554002,0.7533333333333333,0.7443657817109144,0.34232965172451485,-0.004957653377401394,-0.007742584213172421,0.02508121277304942,0.7533333333333333,logreg,NO_ONE
0.744599597687979,0.7633333333333333,0.7452935085623257,0.34345392512392875,-0.06806444949390622,-0.06003016591251875,-0.04823238939737845,0.7633333333333333,svm,NO_ONE
0.7373976499690784,0.7566666666666667,0.7397835968742938,0.327957994820469,-0.07384837843420777,-0.0469582704876822,-0.06837178325945592,0.7566666666666667,forest,NO_ONE
0.6909477124183006,0.6733333333333333,0.6807611338906936,0.22062453906483578,-0.09171658748192524,-0.1600804424333836,-0.022785829544603342,0.6733333333333333,cart,NO_ONE
