precision,recall,f1score,mcc,stat_par,eq_odds,ao,acc,model,fairness_method
0.7167948717948718,0.73,0.7132413793103448,0.3460245268661545,0.08914212684381484,0.04666023631540883,0.12081588665865323,0.73,logreg,NO_ONE
0.6979110251450678,0.7133333333333334,0.6787001387966929,0.282595228453702,0.04702060812609832,0.04617795997106344,0.05582142780336852,0.7133333333333334,svm,NO_ONE
0.744765625,0.7433333333333333,0.7094192896818718,0.3703064483257641,-0.03109856754885776,0.028454304316373302,-0.0483914436672403,0.7433333333333333,forest,NO_ONE
0.6212541955694786,0.6366666666666667,0.6269747755112806,0.1422027432537452,0.021193886788433924,0.030865686038099915,0.02183701759210499,0.6366666666666667,cart,NO_ONE
