precision,recall,f1score,mcc,stat_par,eq_odds,ao,acc,model,fairness_method
0.7322498449743503,0.7366666666666667,0.7342449512061329,0.34502146808450146,-0.028257456828885363,0.005265875064532799,0.02500064075103342,0.7366666666666667,logreg,NO_ONE
0.7444722222222221,0.76,0.7455023836823367,0.36487918285786797,-0.07653061224489799,-0.08869385647909134,-0.002612067355748593,0.76,svm,NO_ONE
0.7756501310201499,0.7866666666666666,0.7750330861835286,0.4410364492986381,-0.06632653061224492,-0.02044398554465665,-0.00913088529824213,0.7866666666666666,forest,NO_ONE
0.7239087391326197,0.71,0.7156470205144904,0.32324973488360614,-0.054160125588697094,0.00413009808982967,-0.01621100114602897,0.71,cart,NO_ONE
