precision,recall,f1score,mcc,stat_par,eq_odds,ao,acc,model,fairness_method
0.7077633213774996,0.7233333333333334,0.7011486055795987,0.3169750531367473,-0.04908424908424902,0.053336259877085235,-0.08254764321165675,0.7233333333333334,logreg,NO_ONE
0.7207179487179487,0.7266666666666667,0.6863843402973837,0.31222855690038587,-0.04395604395604391,0.0230465320456541,-0.0629118248057064,0.7266666666666667,svm,NO_ONE
0.722156741108354,0.7333333333333333,0.706074074074074,0.33821986008910093,-0.04102564102564099,-0.006145741878841093,-0.04184114741261502,0.7333333333333333,forest,NO_ONE
0.6741583226358578,0.6766666666666666,0.6753453594904373,0.25923302435034046,-0.01098901098901095,0.018217734855136114,-0.009942971296401815,0.6766666666666666,cart,NO_ONE
