precision,recall,f1score,mcc,stat_par,eq_odds,ao,acc,model,fairness_method
0.7475576036866359,0.76,0.7446951255023003,0.39252809132969174,-0.036296457291893014,0.00387161233920319,0.015720267322483772,0.76,logreg,NO_ONE
0.7498531052996712,0.7566666666666667,0.7253269613699721,0.367485391017366,-0.059878287328841595,-0.02747595853628082,-0.018499884030045155,0.7566666666666667,svm,NO_ONE
0.7484432399879555,0.76,0.7388111761511074,0.3846025253671437,-0.04107802651597481,-0.02160609466716623,0.014008982741604836,0.76,forest,NO_ONE
0.705744967891641,0.71,0.7076718109316738,0.30778919347352535,0.04792436426863722,0.105282877482203,0.08722790490651502,0.71,cart,NO_ONE
