precision,recall,f1score,mcc,stat_par,eq_odds,ao,acc,model,fairness_method
0.7383540372670808,0.75,0.7421167089525191,0.3527067278059973,-0.06966248037676614,-0.0540216086434574,-0.028428037881819412,0.75,logreg,NO_ONE
0.7462055417700578,0.7633333333333333,0.7432638089682753,0.3569639456997927,-0.029042386185243352,-0.021308523409363733,0.012871815392823782,0.7633333333333333,svm,NO_ONE
0.7260526791361706,0.7433333333333333,0.729769788710186,0.31848477267569125,-0.03689167974882257,-0.03141256502601042,0.004134987328264672,0.7433333333333333,forest,NO_ONE
0.7153904268523015,0.7133333333333334,0.7143302180685359,0.2991432464095601,-0.08594976452119307,-0.10934373749499804,-0.025476857409630543,0.7133333333333334,cart,NO_ONE
