precision,recall,f1score,mcc,stat_par,eq_odds,ao,acc,model,fairness_method
0.7265838509316771,0.74,0.729659090909091,0.34395958024505485,0.018642072213500782,0.024621212121212155,0.0649421850079745,0.74,logreg,NO_ONE
0.7595880681818181,0.7666666666666667,0.7381333674972775,0.38654662078886426,-0.01098901098901095,0.017045454545454586,0.020162403386087657,0.7666666666666667,svm,NO_ONE
0.7698292220113852,0.78,0.7666118421052632,0.4383246106357039,-0.022174254317111397,0.06565656565656575,-0.0091757657547131,0.78,forest,NO_ONE
0.6822478330347199,0.6633333333333333,0.6707586502248366,0.24144428695923043,-0.04277864992150704,-0.03219696969696961,-0.010025610354557707,0.6633333333333333,cart,NO_ONE
