precision,recall,f1score,mcc,stat_par,eq_odds,ao,acc,model,fairness_method
0.7578091365701985,0.7666666666666667,0.7575376196990424,0.4363011523010767,-0.036162207357859466,-0.019492690241159516,0.040186178496154384,0.7666666666666667,logreg,NO_ONE
0.7084499140349291,0.7233333333333334,0.6864913622247538,0.2903887279713807,-0.02842809364548493,-0.05360489816318881,0.024479602200456918,0.7233333333333334,svm,NO_ONE
0.7591666666666667,0.7666666666666667,0.7492030492030493,0.4251735756658031,-0.07211538461538458,-0.06585030613519927,-0.0012112529326468446,0.7666666666666667,forest,NO_ONE
0.6836000000000001,0.68,0.6816811477066075,0.2728525781658746,0.010451505016722429,-0.025740347369736405,0.08024723522201441,0.68,cart,NO_ONE
