precision,recall,f1score,mcc,stat_par,eq_odds,ao,acc,model,fairness_method
0.6936432649476127,0.71,0.6945316756786658,0.2948806235341109,-0.04500000000000004,-0.0185688405797102,-0.03795825541530312,0.71,logreg,NO_ONE
0.7016557734204794,0.7166666666666667,0.6805904525816999,0.28463756960786873,-0.015000000000000013,-0.04415760869565222,0.014211518232819076,0.7166666666666667,svm,NO_ONE
0.7242394179894179,0.7333333333333333,0.7023555206887534,0.33578363850453785,-0.07499999999999996,-0.05140398550724634,-0.06692063074645471,0.7333333333333333,forest,NO_ONE
0.654669557932088,0.65,0.6521602513747055,0.21484911915241506,0.03500000000000003,0.009737318840579712,0.06266435834502107,0.65,cart,NO_ONE
