precision,recall,f1score,mcc,stat_par,eq_odds,ao,acc,model,fairness_method
0.7300972222222222,0.7366666666666667,0.7148882743000473,0.3755796531971844,-0.05828071879553187,-0.011564625850340127,-0.02502883217168933,0.7366666666666667,logreg,NO_ONE
0.7291279669762641,0.7166666666666667,0.6664286127182819,0.3172739451593449,-0.034644649506232805,0.0008163265306122547,-0.0135148506577078,0.7166666666666667,svm,NO_ONE
0.7119508159306174,0.7166666666666667,0.6803766921134738,0.3157675190506302,-0.043062975554476246,0.014829931972789034,-0.024321315749887218,0.7166666666666667,forest,NO_ONE
0.6288471164598755,0.64,0.6330514705882354,0.17586760406960272,-0.1002104581512061,-0.028707482993197253,-0.09686807401093112,0.64,cart,NO_ONE
