precision,recall,f1score,mcc,stat_par,eq_odds,ao,acc,model,fairness_method
0.7261603927986907,0.74,0.7313523391812866,0.2917847655107911,-0.0759230105124169,-0.045751633986928164,-0.07425512733829165,0.74,logreg,NO_ONE
0.7291525056237634,0.7533333333333333,0.7322660663841808,0.2885978570090208,-0.09379919760296584,-0.06862745098039214,-0.091210277214334,0.7533333333333333,svm,NO_ONE
0.7389096510615497,0.7533333333333333,0.7437452077823564,0.32349375092084764,-0.07053984053628559,-0.0016339869281045694,-0.09667906242956953,0.7533333333333333,forest,NO_ONE
0.7127785315845017,0.6866666666666666,0.6968447024158191,0.25639628131022446,-0.1674369001066477,-0.13725490196078427,-0.16621365787694387,0.6866666666666666,cart,NO_ONE
