precision,recall,f1score,mcc,stat_par,eq_odds,ao,acc,model,fairness_method
0.724571177614656,0.7366666666666667,0.729143301031972,0.304625576435245,-0.0009305210918113538,-0.024265644955300147,0.08145597634327845,0.7366666666666667,logreg,NO_ONE
0.738382788246336,0.7566666666666667,0.7413821480776334,0.3321189588235806,-0.09584367245657577,-0.07188469257434771,-0.028204689691742724,0.7566666666666667,svm,NO_ONE
0.7356972989999213,0.7566666666666667,0.7363846446952499,0.3197767328815079,-0.1898263027295285,-0.08775770844736364,-0.1522060465597172,0.7566666666666667,forest,NO_ONE
0.6973570261437908,0.68,0.6872762127908834,0.23665829917129186,-0.24100496277915634,-0.22605363984674332,-0.18856108668829427,0.68,cart,NO_ONE
