precision,recall,f1score,mcc,stat_par,eq_odds,ao,acc,model,fairness_method
0.6887645687645688,0.7066666666666667,0.6888133064816886,0.2820684089754411,-0.07786016949152541,-0.08242881862513773,-0.04943358739476067,0.7066666666666667,logreg,NO_ONE
0.718811369509044,0.7266666666666667,0.6886376811594203,0.31298346064002663,-0.020656779661016977,-0.01557338367154315,0.002898239671077718,0.7266666666666667,svm,NO_ONE
0.7389822342667871,0.7466666666666667,0.7224404761904762,0.37665685199051757,-0.10884533898305082,-0.09249646059462013,-0.08131672344799495,0.7466666666666667,forest,NO_ONE
0.6673759968877649,0.66,0.6632323232323233,0.24345339653020112,-0.14671610169491522,-0.0756646216768917,-0.14495559850967873,0.66,cart,NO_ONE
