precision,recall,f1score,mcc,stat_par,eq_odds,ao,acc,model,fairness_method
0.7609139784946237,0.7633333333333333,0.739402173643457,0.4176879198037588,-0.03265306122448974,-0.003082851637764894,0.026791907514450874,0.7633333333333333,logreg,NO_ONE
0.7382069874752801,0.74,0.70300395256917,0.34736613916556563,0.011502782931354316,0.02447013487475913,0.058901734104046255,0.74,svm,NO_ONE
0.7479305555555555,0.7566666666666667,0.738155406344505,0.4026378160438198,-0.06679035250463816,-0.052408477842003864,-0.003982016698779733,0.7566666666666667,forest,NO_ONE
0.6743818704549297,0.6866666666666666,0.6785242380673449,0.25377840978749944,-0.13692022263450832,-0.08747591522158005,-0.10234906872190114,0.6866666666666666,cart,NO_ONE
