precision,recall,f1score,mcc,stat_par,eq_odds,ao,acc,model,fairness_method
0.6887049729891317,0.7066666666666667,0.6899291414932498,0.2795345248668923,0.11571438370258591,0.05438859714928734,0.19012962195772826,0.7066666666666667,logreg,NO_ONE
0.7076666666666667,0.7233333333333334,0.693456773437852,0.30276433650857865,0.08573976267233696,0.028507126781695424,0.15654212060477807,0.7233333333333334,svm,NO_ONE
0.7448429716265973,0.7533333333333333,0.7323599867994487,0.3918293367976174,-0.11132450785376224,-0.09152288072018,-0.036806216479493004,0.7533333333333333,forest,NO_ONE
0.6707777777777777,0.6766666666666666,0.6733550862563824,0.24725984397634132,0.006173262912408273,0.07126781695423856,0.05777321195970636,0.6766666666666666,cart,NO_ONE
