precision,recall,f1score,mcc,stat_par,eq_odds,ao,acc,model,fairness_method
0.7759039825422804,0.7866666666666666,0.7779414813043132,0.4343846425406191,-0.13888888888888895,-0.10624999999999996,-0.03392210144927535,0.7866666666666666,logreg,NO_ONE
0.7528363574118453,0.77,0.7460494741519775,0.3572174956127713,-0.06547619047619047,-0.052291666666666625,0.013346920289855069,0.77,svm,NO_ONE
0.8135584415584415,0.82,0.807193675889328,0.5157658475107626,-0.12896825396825395,-0.06791666666666663,-0.014755434782608684,0.82,forest,NO_ONE
0.7054268790849674,0.69,0.6964707599623139,0.26260528043309106,-0.13988095238095233,-0.13083333333333336,-0.06795289855072464,0.69,cart,NO_ONE
