precision,recall,f1score,mcc,stat_par,eq_odds,ao,acc,model,fairness_method
0.7397824397824397,0.7533333333333333,0.7410256410256411,0.3722599520641527,-0.06831119544592024,-0.06422283157742825,-0.04556897272453192,0.7533333333333333,logreg,NO_ONE
0.7698496905393457,0.77,0.7369871130202933,0.39581193476393617,-0.0394415830848468,-0.007360369461682836,-0.034736085351959434,0.77,svm,NO_ONE
0.7664933939787741,0.7766666666666666,0.7597332972924269,0.4246051626654918,-0.1671184602873408,-0.11156010968393715,-0.16965169045273465,0.7766666666666666,forest,NO_ONE
0.6736117856564676,0.6766666666666666,0.6750731257763353,0.22282079779461056,-0.16305231770127404,-0.2674267571078077,-0.09230551105907986,0.6766666666666666,cart,NO_ONE
