precision,recall,f1score,mcc,stat_par,eq_odds,ao,acc,model,fairness_method
0.7442273042273043,0.7533333333333333,0.745785980249312,0.40792572160207163,-0.06887589343729694,-0.11264367816091947,0.022583152868010464,0.7533333333333333,logreg,NO_ONE
0.714108527131783,0.7266666666666667,0.6891624317711275,0.2998454280821271,0.0212259042668399,-0.0367816091954023,0.08144816480648565,0.7266666666666667,svm,NO_ONE
0.7420269312544295,0.75,0.7241519124205974,0.3743784888701135,-0.028373402642408507,-0.03103448275862064,0.039233161197179234,0.75,forest,NO_ONE
0.678252427184466,0.68,0.6790962772785623,0.2606593909759259,-0.08966861598440545,-0.12068965517241381,-0.028943861402632026,0.68,cart,NO_ONE
