precision,recall,f1score,mcc,stat_par,eq_odds,ao,acc,model,fairness_method
0.7204141730787499,0.7333333333333333,0.7111573111573112,0.3429113166327418,-0.12771795047671308,-0.06801470588235292,-0.07698586368580412,0.7333333333333333,logreg,NO_ONE
0.7118039373242265,0.72,0.6763387423935092,0.2903374170051176,-0.0879347005967488,-0.04080882352941173,-0.05238841976070785,0.72,svm,NO_ONE
0.7230933333333334,0.7333333333333333,0.7042493821254884,0.33692414932813136,-0.12003566774127161,-0.05441176470588238,-0.0746821442220067,0.7333333333333333,forest,NO_ONE
0.6709336277757331,0.6766666666666666,0.6734324592232134,0.2516026513325104,-0.051375265793264346,0.07904411764705888,-0.01894870579416169,0.6766666666666666,cart,NO_ONE
