precision,recall,f1score,mcc,stat_par,eq_odds,ao,acc,model,fairness_method
0.7194224994224994,0.7266666666666667,0.7225076452599388,0.3132472462943139,0.007173500246149489,0.05129561078794287,0.08783992362057239,0.7266666666666667,logreg,NO_ONE
0.7324354736620015,0.75,0.734141720348617,0.33542015092617583,-0.02946761375624163,0.017979904812268632,0.0459357652140161,0.75,svm,NO_ONE
0.7730083488138706,0.7833333333333333,0.7744849468497317,0.43881826891878006,-0.038469653280821414,0.050237969328397636,0.0602175068316865,0.7833333333333333,forest,NO_ONE
0.7130935542533845,0.7,0.7054556856187291,0.2971607099864934,-0.07862718897250154,0.014630706857042153,-0.011157552975419815,0.7,cart,NO_ONE
