precision,recall,f1score,mcc,stat_par,eq_odds,ao,acc,model,fairness_method
0.731130901491403,0.7366666666666667,0.7133620075741497,0.3748485043752099,-0.05599999999999994,-0.0051948051948051965,0.02549783549783552,0.7366666666666667,logreg,NO_ONE
0.7086217430368373,0.7066666666666667,0.6559834368530021,0.28392182468222577,-0.028000000000000025,0.005974025974025965,0.02251082251082248,0.7066666666666667,svm,NO_ONE
0.7281830065359477,0.7266666666666667,0.6906449812644504,0.3450406815452255,-0.18000000000000005,-0.08493506493506497,-0.11675324675324678,0.7266666666666667,forest,NO_ONE
0.6400036479708162,0.6533333333333333,0.6443104041864628,0.19967142890957854,-0.04399999999999993,-0.1124675324675325,0.003051948051948028,0.6533333333333333,cart,NO_ONE
