precision,recall,f1score,mcc,stat_par,eq_odds,ao,acc,model,fairness_method
0.7299240855762594,0.74,0.7340923224109065,0.30266705630665336,-0.11241217798594849,-0.05483870967741933,-0.08242756501933363,0.74,logreg,NO_ONE
0.7362285456187895,0.7566666666666667,0.740310197334879,0.31085233763187897,-0.15193208430913352,-0.07465437788018425,-0.1354388473965782,0.7566666666666667,svm,NO_ONE
0.7283062568863259,0.7466666666666667,0.7337925842273668,0.2944287145821804,-0.10948477751756436,-0.05314900153609825,-0.08363525610466654,0.7466666666666667,forest,NO_ONE
0.7444032363435349,0.72,0.7290952659886043,0.33687220136993085,-0.14314988290398123,-0.02596006144393237,-0.1266910323640023,0.72,cart,NO_ONE
