precision,recall,f1score,mcc,stat_par,eq_odds,ao,acc,model,fairness_method
0.7171057872186349,0.73,0.718831395269018,0.34372085924461954,-0.03132754342431765,-0.011164274322169043,-0.015151515151515138,0.73,logreg,NO_ONE
0.7187895212285457,0.7333333333333333,0.7084444444444443,0.3295868218256556,0.03163771712158803,0.07496012759170656,0.03508771929824561,0.7333333333333333,svm,NO_ONE
0.7572987012987012,0.7633333333333333,0.7420085841974071,0.4136701519960153,-0.1504342431761787,0.015417331206804996,-0.19188121819700762,0.7633333333333333,forest,NO_ONE
0.7060812866768095,0.7133333333333334,0.7088869025711131,0.3236267370438031,-0.14174937965260548,-0.21158958001063266,-0.08939014202172099,0.7133333333333334,cart,NO_ONE
