precision,recall,f1score,mcc,stat_par,eq_odds,ao,acc,model,fairness_method
0.7340987514900558,0.7466666666666667,0.7380505891716654,0.3418862480974985,0.04127634660421553,0.005314303067112114,0.0947624146914508,0.7466666666666667,logreg,NO_ONE
0.7422045680238332,0.76,0.7404856013551665,0.3487998943975053,0.041569086651053855,0.014424536896447071,0.08775453320101456,0.76,svm,NO_ONE
0.7216612936415392,0.74,0.7255023836823365,0.30724043870409734,-0.07933255269320849,-0.044184634072274576,-0.0695404829053558,0.74,forest,NO_ONE
0.6491770546651557,0.6466666666666666,0.6478953850612186,0.1361224036795546,-0.12646370023419207,-0.12101427269966591,-0.11553105979480904,0.6466666666666666,cart,NO_ONE
