precision,recall,f1score,mcc,stat_par,eq_odds,ao,acc,model,fairness_method
0.7396982018613897,0.7533333333333333,0.7376033234329198,0.3746750853565402,-0.07008699894300341,-0.04125286478227663,0.035177139037433136,0.7533333333333333,logreg,NO_ONE
0.7596826833167436,0.7633333333333333,0.732852250099562,0.388115184674778,-0.0482153020570778,0.005856888209829325,0.04757130124777181,0.7633333333333333,svm,NO_ONE
0.7530354187355179,0.7633333333333333,0.7416486042692939,0.39323991304537004,-0.10594357264818277,0.08556149732620322,-0.001862108479755542,0.7633333333333333,forest,NO_ONE
0.6727352936298655,0.6633333333333333,0.667460715543617,0.22986407477425208,-0.03666964793885674,-0.023682200152788324,0.039498185637891536,0.6633333333333333,cart,NO_ONE
