precision,recall,f1score,mcc,stat_par,eq_odds,ao,acc,model,fairness_method
0.8420402278125101,0.8582859549378816,0.8423866772359532,0.42775852368675893,-0.04722397858286362,0.03594470046082954,0.010554645170662139,0.8582859549378816,logreg,NO_ONE
0.838965424881401,0.8563908191198147,0.8375287727528195,0.4104345858895096,-0.044055610755461425,0.022828784119106715,0.005417280782315098,0.8563908191198147,svm,NO_ONE
0.8343785721190252,0.8528111181301327,0.8351441427083167,0.399626272535766,-0.06410899984817356,-0.015597305919886562,-0.02199248554865695,0.8528111181301327,forest,NO_ONE
