precision,recall,f1score,mcc,stat_par,eq_odds,ao,acc,model,fairness_method
0.8490245359212889,0.8641819330385344,0.844751280318156,0.43040692118988677,-0.05610877999964886,-0.03335995576580453,-0.024285319490016402,0.8641819330385344,logreg,NO_ONE
0.8426493121443388,0.8591282375236892,0.8342320065127449,0.393740552611812,-0.04254405215447368,-0.005369539841494131,-0.008729561193795211,0.8591282375236892,svm,NO_ONE
0.8367512363436775,0.855759107180459,0.8351234527409874,0.39012323155660245,-0.04962399854866366,-0.004411132272531815,-0.011371458077446033,0.855759107180459,forest,NO_ONE
