precision,recall,f1score,mcc,stat_par,eq_odds,ao,acc,model,fairness_method
0.8397847701134181,0.8568119604127185,0.8372173749004054,0.4127633548302474,-0.05596575980684218,-0.004134258286034642,-0.01201510622438765,0.8568119604127185,logreg,NO_ONE
0.837855394928021,0.8553379658875553,0.832789487697263,0.3982843832987578,-0.05279588523831198,-0.0371732884871418,-0.02439129401115509,0.8553379658875553,svm,NO_ONE
0.8289448630834935,0.8494419877869025,0.8270265135006365,0.3729761978273857,-0.06311560753487408,-0.04491626375166424,-0.035034772242762434,0.8494419877869025,forest,NO_ONE
