precision,recall,f1score,mcc,stat_par,eq_odds,ao,acc,model,fairness_method
0.8470229256094969,0.8612339439882081,0.8446890637034232,0.45194805170739155,-0.05666050632168734,-0.022692805209866662,-0.01752146606552924,0.8612339439882081,logreg,NO_ONE
0.8410403776835609,0.8566013897662665,0.8356139533561107,0.42117047372412897,-0.05187421162251753,-0.02989094071992504,-0.020507873888883726,0.8566013897662665,svm,NO_ONE
0.8329319572958411,0.8511265529585176,0.8301805991531782,0.398111420428274,-0.04707324943530171,-0.0228266202774432,-0.015804344454993118,0.8511265529585176,forest,NO_ONE
