precision,recall,f1score,mcc,stat_par,eq_odds,ao,acc,model,fairness_method
0.854258727043264,0.8688144872604759,0.8524974260892898,0.44780516109071816,-0.051350040457537965,0.0025096525096525157,-0.005058208927789038,0.8688144872604759,logreg,NO_ONE
0.8441548186028172,0.8616550852811118,0.8425768408031913,0.40820105864953976,-0.05061157545330831,-0.0050193050193050315,-0.010540347752460894,0.8616550852811118,svm,NO_ONE
0.8378904724777291,0.8566013897662665,0.8396973211150154,0.3943415413427239,-0.059451892309389825,-0.021364221364221336,-0.022193547714123282,0.8566013897662665,forest,NO_ONE
