precision,recall,f1score,mcc,stat_par,eq_odds,ao,acc,model,fairness_method
0.8495730102221096,0.8627079385133712,0.8439989136064798,0.4531589749320952,-0.0660302848739038,-0.066026209643676,-0.0370186177859176,0.8627079385133712,logreg,NO_ONE
0.8427067381470871,0.8570225310591704,0.8336058522779012,0.4183122186513808,-0.04481180892205458,0.004279011643151642,-0.001090746568810948,0.8570225310591704,svm,NO_ONE
0.8391093139500844,0.8551273952411034,0.8331990225110437,0.41324350198696796,-0.05147630978967109,-0.03727259033623992,-0.020481128199963068,0.8551273952411034,forest,NO_ONE
