precision,recall,f1score,mcc,stat_par,eq_odds,ao,acc,model,fairness_method
0.8532276603731171,0.8683933459675721,0.8517637983327874,0.4395980542957632,-0.047257802399183674,0.004233511586452743,-0.0042753213232061375,0.8683933459675721,logreg,NO_ONE
0.8496501042174611,0.8658664982101495,0.8476078539653044,0.4234535200950037,-0.04388985892873409,0.022950089126559714,0.0037594291258192213,0.8658664982101495,svm,NO_ONE
0.8470149662660313,0.8637607917456307,0.8473203181740143,0.4204208700600766,-0.05145974198556143,-0.004010695187165791,-0.010849607012237656,0.8637607917456307,forest,NO_ONE
