precision,recall,f1score,mcc,stat_par,eq_odds,ao,acc,model,fairness_method
0.8451999274667547,0.8616550852811118,0.8456281237316495,0.4246855247089375,-0.05737733057320686,-0.03359061244979922,-0.025915361395904765,0.8616550852811118,logreg,NO_ONE
0.8399227187294707,0.8582859549378816,0.8386738583406372,0.39842799095844617,-0.05252937211700097,-0.02667545180722891,-0.02267953225487808,0.8582859549378816,svm,NO_ONE
0.8363862861589535,0.8553379658875553,0.8376577199376753,0.39259679271480113,-0.06022785919693137,-0.04074422690763052,-0.032497427828426725,0.8553379658875553,forest,NO_ONE
