precision,recall,f1score,mcc,stat_par,eq_odds,ao,acc,model,fairness_method
0.8481120376286558,0.8641819330385344,0.8471661666271839,0.4285434635487616,-0.04309313288366272,-0.01748704663212436,-0.00988103234055335,0.8641819330385344,logreg,NO_ONE
0.8432523481285645,0.8608128026953042,0.8392234820398834,0.3998828168523661,-0.044334982039611504,-0.020141217108605114,-0.014746272573006963,0.8608128026953042,svm,NO_ONE
0.8406348897316331,0.8589176668772374,0.840234607714265,0.4005688797751165,-0.05718289807358634,-0.059217210200142256,-0.036735691530329684,0.8589176668772374,forest,NO_ONE
