precision,recall,f1score,mcc,stat_par,eq_odds,ao,acc,model,fairness_method
0.84249350944951,0.8584965255843335,0.8383060493569204,0.4203570722457736,-0.04732631700023003,0.01428070175438595,0.0031391086045837475,0.8584965255843335,logreg,NO_ONE
0.8395363945917474,0.8559696778269109,0.8319525456814816,0.3997464792874647,-0.05409535311709225,-0.0025438596491228482,-0.01041896510349714,0.8559696778269109,svm,NO_ONE
0.8301644434621689,0.8500736997262581,0.828247716449444,0.3796941229261769,-0.05932482171612606,-0.008175438596491225,-0.015952672128476387,0.8500736997262581,forest,NO_ONE
