precision,recall,f1score,mcc,stat_par,eq_odds,ao,acc,model,fairness_method
0.8484898074081649,0.8641819330385344,0.8457245078869761,0.4289315805042575,-0.06376396322681123,-0.06379820099721883,-0.03923149876655371,0.8641819330385344,logreg,NO_ONE
0.8443155569367058,0.8612339439882081,0.8410041185868105,0.41089186042107945,-0.0548767382792561,-0.034113402320162356,-0.023804028140213224,0.8612339439882081,svm,NO_ONE
0.8407181781488902,0.8587070962307854,0.8396424648664299,0.40345781973252587,-0.06674869530709696,-0.06084788654756834,-0.041445043417539545,0.8587070962307854,forest,NO_ONE
