precision,recall,f1score,mcc,stat_par,eq_odds,ao,acc,model,fairness_method
0.8403277603925235,0.857654242998526,0.839594618863724,0.4127610026073617,-0.05648938490917765,-0.020066970055848454,-0.01896794036562784,0.857654242998526,logreg,NO_ONE
0.8358367101640997,0.8547062539481997,0.8333584186202057,0.3900267854274419,-0.05813131472207349,-0.026824092387416343,-0.02495746758885304,0.8547062539481997,svm,NO_ONE
0.8317305855981706,0.8513371236049695,0.8328835487832768,0.3853254043198608,-0.068390022199591,-0.04538814377521144,-0.037645308432073775,0.8513371236049695,forest,NO_ONE
