precision,recall,f1score,mcc,stat_par,eq_odds,ao,acc,model,fairness_method
0.8488417078778239,0.8635502210991788,0.8475318465178651,0.44743460922173206,-0.04514762148939118,0.011297011297011328,0.004455811384398028,0.8635502210991788,logreg,NO_ONE
0.84103947373997,0.8578648136449779,0.8364526032879781,0.4080330631255109,-0.03702783822057755,0.023702273702273735,0.009926708538509136,0.8578648136449779,svm,NO_ONE
0.8383591563459982,0.8559696778269109,0.8377743393465622,0.40942342519730063,-0.06177148078135328,-0.038288288288288286,-0.0280216576667183,0.8559696778269109,forest,NO_ONE
