precision,recall,f1score,mcc,stat_par,eq_odds,ao,acc,model,fairness_method
0.8440176824527807,0.8606022320488524,0.8439833778417217,0.422984502450205,-0.05212573409364621,-0.04179728317659348,-0.02293566716308422,0.8606022320488524,logreg,NO_ONE
0.8392550544490576,0.8574436723520741,0.8382598894566153,0.4012594364027376,-0.05208831460311929,-0.035688449481552975,-0.022729932920294002,0.8574436723520741,svm,NO_ONE
0.8346176507922326,0.8538639713623921,0.8356417523561704,0.38949380602451006,-0.055177437467233956,-0.04035045414355759,-0.02665782666326422,0.8538639713623921,forest,NO_ONE
