precision,recall,f1score,mcc,stat_par,eq_odds,ao,acc,model,fairness_method
0.844118343972545,0.8610233733417562,0.8439738753091667,0.4185348727538768,-0.05599432071997368,-0.050204609359309094,-0.029885152398181212,0.8610233733417562,logreg,NO_ONE
0.8479141297310862,0.8637607917456307,0.8436816658161645,0.4210864560510802,-0.04052868666842774,0.010512904197630069,0.002020241726815768,0.8637607917456307,svm,NO_ONE
0.843353102819835,0.8606022320488524,0.8424558684322162,0.4131117680272459,-0.053879481222290596,-0.02355518176340632,-0.019026995316374223,0.8606022320488524,forest,NO_ONE
