precision,recall,f1score,mcc,stat_par,eq_odds,ao,acc,model,fairness_method
0.6326046572475144,0.6266666666666667,0.6293971507703534,0.1646766687223336,-0.038137046436655386,0.012867647058823484,-0.010307805655995539,0.6266666666666667,logreg,NO_ONE
0.6907491582491583,0.7066666666666667,0.6583195609933167,0.24583608415511576,-0.03457027230948628,-0.03492647058823528,0.0022768946409148505,0.7066666666666667,svm,NO_ONE
0.6792910593107406,0.6966666666666667,0.6819370575287049,0.2643174960929601,-0.05274710199602162,0.0025735294117646967,-0.009957613105212149,0.6966666666666667,forest,NO_ONE
0.6265022449105111,0.65,0.6330042971485057,0.14726419752796305,-0.03216955895466078,0.006617647058823506,-0.009684679718964084,0.65,knn,NO_ONE
0.5756402775076185,0.5666666666666667,0.570786294315706,0.035288847379784855,-0.009191302558474446,-0.0025735294117646967,-0.002536140018226163,0.5666666666666667,cart,NO_ONE
