precision,recall,f1score,mcc,stat_par,eq_odds,ao,acc,model,fairness_method
0.7021012006861063,0.7,0.7010199125789217,0.2715659113053429,-0.04938271604938271,0.0033484011384563583,-0.006390315559804072,0.7,logreg,NO_ONE
0.6729241129241129,0.6933333333333334,0.6800031328320801,0.1971628132548168,-0.05328135152696556,-0.016072325464590587,-0.026181324022617858,0.6933333333333334,svm,NO_ONE
0.7073440545808967,0.72,0.7120293258491323,0.28236753986451807,-0.050249079488845605,-0.02159718734304361,-0.0013899915209841796,0.72,forest,NO_ONE
0.6822782931354361,0.71,0.6879135956983267,0.21399784583985082,-0.033571583279185635,-0.024443328310731594,0.003235325091946073,0.71,knn,NO_ONE
0.6719281045751635,0.66,0.6652736736947263,0.19721004288606753,-0.038119991336365566,-0.013058764439979886,-0.0018250811447211301,0.66,cart,NO_ONE
