precision,recall,f1score,mcc,stat_par,eq_odds,ao,acc,model,fairness_method
0.7060778776208815,0.7033333333333334,0.7046355306375246,0.30873221260815537,-0.03680246490927763,-0.0012277470841006721,0.003351519392340435,0.7033333333333334,logreg,NO_ONE
0.7239118966875621,0.7366666666666667,0.6959048042265343,0.30016194477218994,-0.03406367682300582,-0.018825455289543713,-0.004005373643329924,0.7366666666666667,svm,NO_ONE
0.7075901875901877,0.7233333333333334,0.7108189608417399,0.3064502558624916,-0.03646011639849367,-0.004501739308369168,-0.0004484183203705694,0.7233333333333334,forest,NO_ONE
0.6882299421009098,0.7133333333333334,0.6860916179337232,0.24928123623288279,-0.02636083533036626,-0.04317577245754045,0.011216728046644309,0.7133333333333334,knn,NO_ONE
0.611688468992248,0.5666666666666667,0.5815948963317384,0.08399287984192563,-0.009585758301951408,-0.009617352158788672,0.0049245611232011655,0.5666666666666667,cart,NO_ONE
