precision,recall,f1score,mcc,stat_par,eq_odds,ao,acc,model,fairness_method
0.695,0.71,0.6962311372837688,0.3027588109915992,-0.04339416365318305,-0.04150702426564501,-0.005563638715101016,0.71,logreg,NO_ONE
0.6737743923313935,0.6966666666666667,0.658896551724138,0.23255588337908858,-0.020015137498948787,-0.019157088122605415,0.004661962267811237,0.6966666666666667,svm,NO_ONE
0.7437060889929742,0.75,0.7274012323305545,0.3915245229147122,-0.030947775628626717,0.0063856960408684715,0.005724493590054502,0.75,forest,NO_ONE
0.70164,0.7166666666666667,0.6854700218753256,0.294837228664569,-0.029434025733748315,0.06066411238825031,-0.017769209628659688,0.7166666666666667,knn,NO_ONE
0.5717208096876536,0.5266666666666666,0.5402915641394679,0.030280629123074,-0.005634513497603244,0.009578544061302652,-0.0047043988554246186,0.5266666666666666,cart,NO_ONE
