precision,recall,f1score,mcc,stat_par,eq_odds,ao,acc,model,fairness_method
0.6819060166886254,0.7,0.6843762145355615,0.26569279465523105,-0.04053775979148089,-0.010127531882970664,0.013095438038614182,0.7,logreg,NO_ONE
0.5927290882117996,0.6433333333333333,0.5996334664606,0.06184052645746491,-0.013306811166746702,0.010502625656414133,-0.005196448365822781,0.6433333333333333,svm,NO_ONE
0.6590601668862538,0.68,0.6633346288379324,0.214891113076793,-0.04053775979148089,0.007314328582145535,-0.0005716914303202647,0.68,forest,NO_ONE
0.6988425925925926,0.7166666666666667,0.6840495137046861,0.28147189785986027,-0.04609369641264838,0.06657914478619653,-0.008252716164115659,0.7166666666666667,knn,NO_ONE
0.6786048332960395,0.69,0.6825337385050226,0.2636240653100727,-0.047877083476232984,-0.0016879219804951662,0.006369969358011096,0.69,cart,NO_ONE
