precision,recall,f1score,mcc,stat_par,eq_odds,ao,acc,model,fairness_method
0.6464667710897292,0.66,0.6513650793650794,0.19477426287476005,-0.029925847457627164,0.009595721252162903,-0.023421317456110313,0.66,logreg,NO_ONE
0.7019148369108391,0.7166666666666667,0.7029082405487903,0.3144831954779589,-0.036811440677966156,-0.012741859367626285,-0.014042162560525429,0.7166666666666667,svm,NO_ONE
0.7376626826029216,0.7433333333333333,0.7144370860927152,0.3651731363874667,-0.03072033898305082,-0.0094384143463897,-0.006637015392372936,0.7433333333333333,forest,NO_ONE
0.6492169795366143,0.6633333333333333,0.6541436767119168,0.20075459837914306,-0.014300847457627164,0.0034607519270095644,0.00036051294980615767,0.6633333333333333,knn,NO_ONE
0.6949666666666667,0.6933333333333334,0.6941193024775115,0.3065675016324843,-0.033103813559322015,0.0023596035865974807,-0.011696910535468369,0.6933333333333334,cart,NO_ONE
