precision,recall,f1score,mcc,stat_par,eq_odds,ao,acc,model,fairness_method
0.6524918300653594,0.6333333333333333,0.641670660489554,0.12442197842609924,-0.03163771712158803,0.009852216748768461,-0.009075365464967289,0.6333333333333333,logreg,NO_ONE
0.724571177614656,0.7366666666666667,0.729143301031972,0.304625576435245,-0.07071960297766744,-0.024265644955300147,-0.009185143774628701,0.7366666666666667,svm,NO_ONE
0.7001572241799946,0.72,0.7066959064327485,0.2411144213601651,-0.05241935483870963,0.010217113665389466,-0.012577515385433446,0.72,forest,NO_ONE
0.6803629730962153,0.6766666666666666,0.6784507659046802,0.19530386574614708,-0.05272952853598012,-0.05363984674329503,-0.0021331142338434916,0.6766666666666666,knn,NO_ONE
0.6697646414887793,0.6066666666666667,0.626194400837258,0.16002583545729424,-0.026985111662531036,-0.008939974457215838,0.01432146450315333,0.6066666666666667,cart,NO_ONE
