precision,recall,f1score,mcc,stat_par,eq_odds,ao,acc,model,fairness_method
0.7180731922398589,0.72,0.7190041039671683,0.31061309133475024,-0.07342288487235393,-0.0022915564956813572,-0.0011457782478406786,0.72,logreg,NO_ONE
0.7359912605680631,0.7533333333333333,0.7369249512670566,0.3429504814133374,-0.07581405162107036,0.012515423937951686,-0.009752140247772934,0.7533333333333333,svm,NO_ONE
0.7635151515151516,0.7766666666666666,0.759657596687217,0.40450037922844206,-0.06716365426541959,0.022915564956812906,0.012689309572002483,0.7766666666666666,forest,NO_ONE
0.6403698544598685,0.61,0.621925925925926,0.11882933467070164,-0.032984035445530635,0.005288207297726055,-0.005360822459511361,0.61,knn,NO_ONE
0.6866666666666666,0.6866666666666666,0.6866666666666666,0.2338622038687242,-0.04402559954989804,-0.007227216640225631,0.014859298083828076,0.6866666666666666,cart,NO_ONE
