precision,recall,f1score,mcc,stat_par,eq_odds,ao,acc,model,fairness_method
0.6824138573291115,0.66,0.6677875163430341,0.2668201910716333,-0.05588044184535412,0.0045977011494252595,-0.0041423732578155514,0.66,logreg,NO_ONE
0.684496487119438,0.7066666666666667,0.6811654135338346,0.25821667387706804,-0.029456356941737094,-0.01839080459770115,0.01656949303126215,0.7066666666666667,svm,NO_ONE
0.7198757763975155,0.7333333333333333,0.7204375104103048,0.34803653548569113,-0.05847953216374269,-0.0011494252873562871,0.0018407462935199348,0.7333333333333333,forest,NO_ONE
0.6999167253859458,0.7166666666666667,0.7008633881315719,0.30128652212041324,-0.04916612518951702,0.04367816091954024,-0.004730967849408629,0.7166666666666667,knn,NO_ONE
0.6327083333333333,0.62,0.6254188948306595,0.15542059278539866,-0.03205544726012555,0.010344827586206806,-0.0036842689766228842,0.62,cart,NO_ONE
