precision,recall,f1score,mcc,stat_par,eq_odds,ao,acc,model,fairness_method
0.7304749679075738,0.72,0.7244444444444444,0.33526877209082784,-0.027810304449648715,-0.029760097175827505,0.009840844554032002,0.72,logreg,NO_ONE
0.72,0.72,0.72,0.31053351573187415,-0.024882903981264692,-0.025204980261160026,0.008131162182019647,0.72,svm,NO_ONE
0.7284965034965034,0.7433333333333333,0.7326160169520691,0.3267862353101017,-0.03688524590163933,-0.0003036744609777875,-0.024872730372434704,0.7433333333333333,forest,NO_ONE
0.677124478617016,0.66,0.6672136287625418,0.20372611543242425,-0.011416861826697877,-0.000607348921955686,0.005278462700106679,0.66,knn,NO_ONE
0.6872708804653954,0.64,0.6550096101719973,0.22191303568844384,-0.031030444964871173,-0.019890677194047912,-0.01154023492876241,0.64,cart,NO_ONE
