precision,recall,f1score,mcc,stat_par,eq_odds,ao,acc,model,fairness_method
0.7260246220975534,0.7233333333333334,0.7246058890592444,0.34758096074452177,-0.015857956085660097,0.04228604416221671,-0.020264845413715676,0.7233333333333334,logreg,NO_ONE
0.7013428633311674,0.7233333333333334,0.7023561742577825,0.27627148138497065,-0.024803469775006803,-0.0036080242459228806,-0.01836715912089104,0.7233333333333334,svm,NO_ONE
0.7159309994926434,0.7233333333333334,0.7189547294810452,0.3227691450931494,-0.02561669829222013,-0.023524318083417484,-0.0034805855427439414,0.7233333333333334,forest,NO_ONE
0.7379391100702576,0.7533333333333333,0.7338482891798925,0.3584285989641029,-0.029005150447275696,-0.03319382306249097,-0.004174551282798256,0.7533333333333333,knn,NO_ONE
0.6344537815126049,0.55,0.5686274509803921,0.1178612353321986,-0.007725670913526661,0.009958146918747302,-0.007443286789073578,0.55,cart,NO_ONE
