precision,recall,f1score,mcc,stat_par,eq_odds,ao,acc,model,fairness_method
0.711383637751389,0.7033333333333334,0.7069851006693112,0.2730060575560872,-0.059703619264747765,-0.017902813299232823,-0.008951406649616411,0.7033333333333334,logreg,NO_ONE
0.7189358974358975,0.7466666666666667,0.7141898164025883,0.26549523313062534,-0.048446850954687926,0.022698209718670093,-0.02600721697974545,0.7466666666666667,svm,NO_ONE
0.7428583877995643,0.7633333333333333,0.7381147863916587,0.32885873889517964,-0.04915930464519813,-0.012148337595907943,-0.0003270423611723694,0.7633333333333333,forest,NO_ONE
0.7025136612021858,0.7266666666666667,0.7086090720873329,0.24365360423464041,-0.04645198062125966,0.0824808184143222,-0.041374533321574536,0.7266666666666667,knn,NO_ONE
0.6224303519061584,0.56,0.5814025922822926,0.04718604340618266,-0.0005699629524081873,-0.015025575447570327,0.016912499632536715,0.56,cart,NO_ONE
