precision,recall,f1score,mcc,stat_par,eq_odds,ao,acc,model,fairness_method
0.6793642686372527,0.67,0.6743448275862068,0.1732748998915507,-0.042740046838407486,-0.05453149001536095,-0.0022246941045606095,0.67,logreg,NO_ONE
0.7291525056237634,0.7533333333333333,0.7322660663841808,0.2885978570090208,-0.04069086651053866,0.01643625192012288,-0.01846496106785317,0.7533333333333333,svm,NO_ONE
0.7204409937888199,0.73,0.724539650887662,0.27854428997839703,-0.04244730679156916,0.057757296466973806,-0.03475025160230949,0.73,forest,NO_ONE
0.7141144972045044,0.74,0.7197446808510638,0.2532573675358209,-0.03249414519906324,0.06651305683563746,-0.03447746172996452,0.74,knn,NO_ONE
0.6709927908113391,0.6033333333333334,0.6248177422623701,0.14364851817132054,-0.0187353629976581,-0.0004608294930875667,0.005106202659039133,0.6033333333333334,cart,NO_ONE
