precision,recall,f1score,mcc,stat_par,eq_odds,ao,acc,model,fairness_method
0.8342753271552871,0.84204319304194,0.8338232264357867,0.544524844999679,-0.0982657231608606,0.1467156268227663,0.06283524153183856,0.84204319304194,logreg,NO_ONE
0.8184314156121444,0.8284071644431341,0.81686918043147,0.49756916719718447,-0.08336580679204707,0.14508436750847709,0.0642011552876714,0.8284071644431341,svm,NO_ONE
0.8384406056918975,0.8433699417704724,0.8400889783229877,0.5632462561458927,-0.18777496241574654,-0.04607132787640922,-0.06616326906530597,0.8433699417704724,forest,NO_ONE
0.8132814780910436,0.8131495540650107,0.8132152712184039,0.49723127812406387,-0.17198721139773596,-0.029432781226271465,-0.05491312196297677,0.8131495540650107,cart,NO_ONE
