precision,recall,f1score,mcc,stat_par,eq_odds,ao,acc,model,fairness_method
0.8247908549911381,0.8331244932556939,0.823636618423177,0.52601800848585,-0.09285499131786207,0.1277600224432318,0.05443348219146405,0.8331244932556939,logreg,NO_ONE
0.8132473699355455,0.823026461266308,0.8097287729266092,0.4895018742254503,-0.06954582273915462,0.1500726104559057,0.07184131685095094,0.823026461266308,svm,NO_ONE
0.8317034531633094,0.838210363381735,0.8330610106237613,0.5513090749656387,-0.18269727752299741,-0.0732636749691955,-0.07768894408515978,0.838210363381735,forest,NO_ONE
0.8116327289900898,0.8153608019458981,0.8132319864696158,0.5016685731420443,-0.1698197022942639,-0.027710240274599562,-0.05440123740135665,0.8153608019458981,cart,NO_ONE
