precision,recall,f1score,mcc,stat_par,eq_odds,ao,acc,model,fairness_method
0.8308640599672734,0.8391685707967863,0.8302144332680963,0.533190576787014,-0.09473315924984042,0.13216171166723778,0.055839533720081526,0.8391685707967863,logreg,NO_ONE
0.8180069494083163,0.8281123313923491,0.8153137717485615,0.4925974439933224,-0.06854996947116951,0.16507727243688403,0.07898202501440182,0.8281123313923491,svm,NO_ONE
0.8362325563365753,0.8416746517284588,0.8379573263100681,0.5557634126553449,-0.1911005248192476,-0.0955436947898457,-0.09118623039877818,0.8416746517284588,forest,NO_ONE
0.8134196009900031,0.8158030515220757,0.8145207848707957,0.49610422983690433,-0.16767777362822803,-0.04043372458372774,-0.059021690780131524,0.8158030515220757,cart,NO_ONE
