precision,recall,f1score,mcc,stat_par,eq_odds,ao,acc,model,fairness_method
0.8343980012383068,0.8418957765165475,0.8349464182898847,0.5473868962460292,-0.09159680953375665,0.16182453909726635,0.07175471540306748,0.8418957765165475,logreg,NO_ONE
0.8184720809845352,0.8284071644431341,0.8175458887599524,0.49915584713168304,-0.07243436186729107,0.18525111252383974,0.08566997745999846,0.8284071644431341,svm,NO_ONE
0.8367195035153236,0.8418957765165475,0.838412830405843,0.5585408537841815,-0.1895808352246782,-0.07256834075015894,-0.08137976426541312,0.8418957765165475,forest,NO_ONE
0.8133543162941841,0.8148448441070244,0.8140654877398968,0.4974620630266311,-0.17661819249470007,-0.05381436745073109,-0.07066767310481793,0.8148448441070244,cart,NO_ONE
