precision,recall,f1score,mcc,stat_par,eq_odds,ao,acc,model,fairness_method
0.8289197085454105,0.8369573229158989,0.8292638041582708,0.5346017657954651,-0.0866802857350985,0.1419039833410608,0.06384608285261094,0.8369573229158989,logreg,NO_ONE
0.8140469585875133,0.8242795017321441,0.8137736012597528,0.4915684743376399,-0.06257376029561673,0.16247346201713075,0.08101161615529232,0.8242795017321441,svm,NO_ONE
0.836366066836973,0.8410849856268888,0.8380061786125109,0.5606898379767559,-0.17922018873264983,-0.03847702481758952,-0.060788009638744304,0.8410849856268888,forest,NO_ONE
0.8131498665875857,0.8141814697427582,0.8136492996784499,0.5000510808483408,-0.17240850912135802,-0.050161871527693025,-0.06650694490009626,0.8141814697427582,cart,NO_ONE
