precision,recall,f1score,mcc,stat_par,eq_odds,ao,acc,model,fairness_method
0.8315257727318318,0.8392422790594826,0.8311804438545114,0.5425668758017328,-0.08153139073412827,0.15639307657218804,0.07674565953170354,0.8392422790594826,logreg,NO_ONE
0.819935074997552,0.8292179553327929,0.8186935796407797,0.5084543915329042,-0.06798824339000775,0.1675773352630779,0.08443150858876163,0.8292179553327929,svm,NO_ONE
0.8343866766374509,0.8402004864745338,0.8359923580785713,0.5562779192981393,-0.1781242511338113,-0.04080691666995184,-0.05961914821656114,0.8402004864745338,forest,NO_ONE
0.8131441112973058,0.8158030515220757,0.8143507935046829,0.5021861398462594,-0.17901113196566487,-0.08489421132955266,-0.0826288148302821,0.8158030515220757,cart,NO_ONE
