precision,recall,f1score,mcc,stat_par,eq_odds,ao,acc,model,fairness_method
0.8361072836992862,0.8435910665585612,0.8361286720337855,0.5505701612450999,-0.09521477915367058,0.13206546990496304,0.05739780616858635,0.8435910665585612,logreg,NO_ONE
0.819460550526969,0.829291663595489,0.8175183366662117,0.49945693173091615,-0.07135605242752757,0.16468708201337556,0.07743925977948715,0.829291663595489,svm,NO_ONE
0.8378397574110354,0.8430014004569912,0.8395088742184315,0.5612509604636351,-0.19539247655437592,-0.10980359028511089,-0.09962348605835399,0.8430014004569912,forest,NO_ONE
0.8120764969061448,0.8145500110562394,0.8132160936818599,0.4935926173777235,-0.1713954499283711,-0.0503484688489968,-0.06649629853198856,0.8145500110562394,cart,NO_ONE
