precision,recall,f1score,mcc,stat_par,eq_odds,ao,acc,model,fairness_method
0.8323331680285911,0.839979361686445,0.8316537917615962,0.5441548304034932,-0.08947072592145369,0.1374948389794406,0.06098186691621911,0.839979361686445,logreg,NO_ONE
0.8155853927446646,0.8253114174098917,0.8118525641434394,0.4914766485346045,-0.06466513567324059,0.15119213831338174,0.0733414857544706,0.8253114174098917,svm,NO_ONE
0.8328382858096984,0.8389474460086975,0.8344388610738358,0.5519321559056369,-0.17871240031214086,-0.051203231635792434,-0.06743419677715184,0.8389474460086975,forest,NO_ONE
0.8119134452116015,0.8140340532173657,0.8128995623426624,0.49910272287802526,-0.1765843318566358,-0.04582920615790986,-0.06747533049260117,0.8140340532173657,cart,NO_ONE
