precision,recall,f1score,mcc,stat_par,eq_odds,ao,acc,model,fairness_method
0.8324935335071757,0.8402004864745338,0.8318908860173876,0.5435153717323757,-0.09477172710115536,0.15248921824266237,0.06606804350600978,0.8402004864745338,logreg,NO_ONE
0.8175692094744109,0.8272278322399941,0.8147933574051981,0.4974659578998217,-0.0759874930950029,0.15197624105664775,0.06994446481086194,0.8272278322399941,svm,NO_ONE
0.8347748601594764,0.8406427360507113,0.83638161575443,0.556210564131242,-0.18317328594319546,-0.07146369016746357,-0.07625122792730663,0.8406427360507113,forest,NO_ONE
0.8093321300551374,0.8119702218618707,0.8105388016551477,0.49085948735004836,-0.18044027288409006,-0.07144095433650455,-0.08004810547304572,0.8119702218618707,cart,NO_ONE
