precision,recall,f1score,mcc,stat_par,eq_odds,ao,acc,model,fairness_method
0.8320284417122638,0.839979361686445,0.8324471731806113,0.538797600968347,-0.07895553710432274,0.1810725005772339,0.08524498394425833,0.839979361686445,logreg,NO_ONE
0.8176855677277792,0.8278912066042603,0.8165843705489522,0.49478714198139767,-0.05394657145231582,0.21137728007388595,0.10628621373214664,0.8278912066042603,svm,NO_ONE
0.8338843954569102,0.83968452863566,0.8356664447900304,0.5489949597911651,-0.17300286825994476,-0.02414569383514198,-0.05350648509832745,0.83968452863566,forest,NO_ONE
0.8099401671558015,0.8106434731333383,0.810284982419243,0.4866679378202891,-0.16827164939795988,-0.009449318864003686,-0.049003206652125327,0.8106434731333383,cart,NO_ONE
