precision,recall,f1score,mcc,stat_par,eq_odds,ao,acc,model,fairness_method
0.8354522584023713,0.8430014004569912,0.8344124592661334,0.5480842388197671,-0.08201348439969477,0.16530533589357121,0.07593257957230624,0.8430014004569912,logreg,NO_ONE
0.8150262151619422,0.8253114174098917,0.8120195917116019,0.48681047618143347,-0.05763839086978187,0.1728449610802552,0.08522514520409141,0.8253114174098917,svm,NO_ONE
0.8375872030486982,0.8434436500331687,0.8391394585371296,0.5611669738463635,-0.1708682302657906,-0.05249795249795253,-0.06339041127163379,0.8434436500331687,forest,NO_ONE
0.8088663181546817,0.8113805557603008,0.8100257507628924,0.4868025198432898,-0.15632219000629433,-0.021222444751856417,-0.04772006132328359,0.8113805557603008,cart,NO_ONE
