precision,recall,f1score,mcc,stat_par,eq_odds,ao,acc,model,fairness_method
0.8249631700609952,0.8332719097810865,0.8248148678905819,0.5274081029769793,-0.0878181798710457,0.15840375098931148,0.06857882350777321,0.8332719097810865,logreg,NO_ONE
0.8160270744021777,0.8256062504606766,0.8134389275176798,0.497608273813677,-0.06830986389043095,0.1413263035593893,0.06827106435540987,0.8256062504606766,svm,NO_ONE
0.8294925081375081,0.8355568659246702,0.8311917168324615,0.5455139567700285,-0.18063977051325442,-0.08044800818630238,-0.08141194767188545,0.8355568659246702,forest,NO_ONE
0.8080584561430262,0.8110857227095157,0.8094172756677017,0.49116606774860566,-0.17601501884952286,-0.083855636477012,-0.08418533128362755,0.8110857227095157,cart,NO_ONE
