precision,recall,f1score,mcc,stat_par,eq_odds,ao,acc,model,fairness_method
0.8322675857263803,0.8402004864745338,0.8321758688115907,0.5401258163453104,-0.0842967546812173,0.15480199125404337,0.07114618744408308,0.8402004864745338,logreg,NO_ONE
0.8177199863708547,0.8277437900788679,0.8167601513736381,0.4972927092485017,-0.06403383554524056,0.16667459133905355,0.08233125698426061,0.8277437900788679,svm,NO_ONE
0.8356152804082108,0.8407164443134075,0.837328758715827,0.5559631037519993,-0.18968615378013065,-0.09774002752022592,-0.09259037965302197,0.8407164443134075,forest,NO_ONE
0.8099226182828696,0.8095378491928945,0.8097282559415336,0.4885952732665489,-0.1647345097183391,-0.03913635479478694,-0.05825458836031224,0.8095378491928945,cart,NO_ONE
