precision,recall,f1score,mcc,stat_par,eq_odds,ao,acc,model,fairness_method
0.830860760714857,0.8389474460086975,0.8309551766996833,0.5363225111088821,-0.0935665882754011,0.11312676553672318,0.04623060392833299,0.8389474460086975,logreg,NO_ONE
0.8151077579505382,0.8255325421979804,0.8143626105858754,0.4900671205907072,-0.0753043800586352,0.14119879943502822,0.06250047505760632,0.8255325421979804,svm,NO_ONE
0.8324628883781775,0.8386526129579126,0.8342142205538223,0.5461544083413102,-0.1808376911872283,-0.07677877824858759,-0.08171726119409399,0.8386526129579126,forest,NO_ONE
0.8118735996674327,0.8151396771578094,0.8133288353059771,0.4931935538511338,-0.1552226928079362,-0.02942929025423724,-0.050443497576174036,0.8151396771578094,cart,NO_ONE
