precision,recall,f1score,mcc,stat_par,eq_odds,ao,acc,model,fairness_method
0.8378482195216279,0.794249480704056,0.8125057848641505,0.24706995953085897,0.05942408376963351,-0.013626077326785113,-0.0037502795240972053,0.794249480704056,logreg,NO_ONE
0.831683599032663,0.8585328523013009,0.8417778918945027,0.2174861507090118,0.03503174241849406,0.006247291636573726,0.002628823430031523,0.8585328523013009,svm,NO_ONE
0.8497243994342608,0.8003717065704603,0.8200635663947301,0.29682200808170456,0.07238725750562763,-0.007402860031778147,-0.002211616216743151,0.8003717065704603,forest,NO_ONE
0.8216171210401577,0.8125068328413687,0.8168976370695555,0.18086729928678544,0.03913359637807623,0.010640858972507106,0.004159174993355955,0.8125068328413687,knn,NO_ONE
0.8415579054809681,0.7341204766590139,0.7726933566133801,0.24050562089631444,0.06643334092116243,0.0051880206076364566,0.0022676931345679274,0.7341204766590139,cart,NO_ONE
