precision,recall,f1score,mcc,stat_par,eq_odds,ao,acc,model,fairness_method
0.8423591942676143,0.832841368754783,0.8373358079756098,0.27786347318853316,0.06661025875303311,0.00876301137739044,0.00497614600729783,0.832841368754783,logreg,NO_ONE
0.839115596827816,0.8681534929485077,0.8477303250849085,0.24443085074122617,0.037885624975670176,-0.0042846768336964325,-0.0013561147074935415,0.8681534929485077,svm,NO_ONE
0.8495437001791072,0.8081338143653657,0.8250410089692453,0.3010657983649969,0.07851475964814708,-0.018228031953522184,-0.004532714815927111,0.8081338143653657,forest,NO_ONE
0.8195309127060677,0.7972012681753581,0.8075111614858594,0.17238912517789237,0.03965079593773532,-0.01745340111353183,-0.006040217299765713,0.7972012681753581,knn,NO_ONE
0.8458477568794923,0.7629823986006341,0.7937542733226821,0.2691752045293165,0.0740452304364693,-0.010844831759864393,-0.004690420965805089,0.7629823986006341,cart,NO_ONE
