precision,recall,f1score,mcc,stat_par,eq_odds,ao,acc,model,fairness_method
0.851623176339557,0.8461790751065923,0.848791226167866,0.3206677181410761,0.06896098136118964,-0.007930244399185327,-0.0013419750605040137,0.8461790751065923,logreg,NO_ONE
0.8394308411362549,0.8674975401771072,0.8481222309477942,0.2478031808066513,0.03788504873197688,0.001985743380855415,0.001044097621828978,0.8674975401771072,svm,NO_ONE
0.8610268883387933,0.8409314529353886,0.8496169920435405,0.35976322368798874,0.0799325630981306,0.005511710794297353,0.00021068550919306483,0.8409314529353886,forest,NO_ONE
0.8215897487951495,0.8140373893079699,0.8176975969196821,0.18330750686971786,0.03981201412648827,-0.019017311608961307,-0.004851649463089802,0.8140373893079699,knn,NO_ONE
0.84639390560235,0.7636383513720345,0.7943250640791691,0.27145894860540987,0.07080392610590455,-0.009941446028513212,-0.004287710595573022,0.7636383513720345,cart,NO_ONE
