precision,recall,f1score,mcc,stat_par,eq_odds,ao,acc,model,fairness_method
0.8523061641867687,0.8494588389635946,0.8508527217097293,0.3078593092238658,0.0762916092640682,-0.008160030970614185,-0.0006817470870386991,0.8494588389635946,logreg,NO_ONE
0.8475049656271733,0.8749316715863125,0.8549250232935233,0.2634460470102683,0.04611782332055913,-0.010150134891542373,-0.0015793964501001935,0.8749316715863125,svm,NO_ONE
0.8622705266051394,0.8471630042636931,0.8539115999688961,0.3520373869328179,0.09315612016683666,0.004373389467571598,0.0027115865086775742,0.8471630042636931,forest,NO_ONE
0.8226639932179487,0.7550016398819285,0.7830680417297139,0.15886245304674393,0.04576155468588078,0.011704714550139772,0.0016802793529919618,0.7550016398819285,knn,NO_ONE
0.8423681460431321,0.7594839838198316,0.7910803054492631,0.23899601114775978,0.0738390451458737,-0.003780592554954665,-0.001619733506914564,0.7594839838198316,cart,NO_ONE
