precision,recall,f1score,mcc,stat_par,eq_odds,ao,acc,model,fairness_method
0.8542985620446156,0.855690390291899,0.8549854571644878,0.33916282581826146,0.07263472087066185,-0.010321369927281276,-0.0022051325788206566,0.855690390291899,logreg,NO_ONE
0.8403871385791526,0.8703400021865092,0.8477601002562374,0.25063504163632805,0.036598169829681566,0.020056298381421533,0.005440155790718815,0.8703400021865092,svm,NO_ONE
0.8564576533829413,0.8274844211216792,0.8395852791869178,0.34188909079997387,0.08621219328064794,0.014074595355383468,0.00557735687288588,0.8274844211216792,forest,NO_ONE
0.8222791712918291,0.8226741007980759,0.8224762723367062,0.19397124599347243,0.042372326637836605,0.018508092892329353,0.006052457175933855,0.8226741007980759,knn,NO_ONE
0.8482284216611842,0.7645129550672352,0.7951260617039123,0.28427622554172777,0.08293237446489121,0.017088904527328252,0.007181279869551457,0.7645129550672352,cart,NO_ONE
