precision,recall,f1score,mcc,stat_par,eq_odds,ao,acc,model,fairness_method
0.8460972058629666,0.8403848256258882,0.8431336209602713,0.2932782852320567,0.06703515922722603,-0.010697109425355733,0.0006683404390689929,0.8403848256258882,logreg,NO_ONE
0.8393746435097331,0.8664042855581064,0.8482671353797727,0.24780465344948685,0.03860290950061304,0.005515890723387373,0.002015323336096074,0.8664042855581064,svm,NO_ONE
0.8532196844517943,0.8074778615939653,0.8257391456441262,0.3134029331232983,0.07971634025913776,0.016299766969111062,0.006430692558417203,0.8074778615939653,forest,NO_ONE
0.8242978627418006,0.8237673554170767,0.8240319633820574,0.19353655649471566,0.04086821088908772,0.028124845059249337,0.009239111589649796,0.8237673554170767,knn,NO_ONE
0.840808682533586,0.7501913195583252,0.7838851660693453,0.24364558957285137,0.06667660801272496,0.003954087956765329,0.0016781017459650965,0.7501913195583252,cart,NO_ONE
