precision,recall,f1score,mcc,stat_par,eq_odds,ao,acc,model,fairness_method
0.8434289854930701,0.8375423636164863,0.8403702674146113,0.29581252127779767,0.07063746438746438,0.014032600992204103,0.006265532259110834,0.8375423636164863,logreg,NO_ONE
0.8416227791710109,0.8697933748770088,0.8487942357225028,0.2650059713114471,0.040864699758930534,-0.008256555634301915,-0.002762997626097132,0.8697933748770088,svm,NO_ONE
0.8637955679906355,0.8595167814584017,0.8615637273578696,0.3873982098502181,0.08931007560815252,0.004299551145759473,0.002332421103130186,0.8595167814584017,forest,NO_ONE
0.8195988727434198,0.8172078277030721,0.8183906985253897,0.1889900496705122,0.04254670721016873,0.015579966926529631,0.004598247969706516,0.8172078277030721,knn,NO_ONE
0.8499497601786672,0.7832076090521483,0.8082979548828525,0.3040992659499198,0.08282243041858425,-0.016477675407512438,-0.0062320660382308435,0.7832076090521483,cart,NO_ONE
