precision,recall,f1score,mcc,stat_par,eq_odds,ao,acc,model,fairness_method
0.8484377593271228,0.8498961408111949,0.8491575501906679,0.32747495868261206,0.06381719321173716,0.0009941534310128342,0.0015303897598822822,0.8498961408111949,logreg,NO_ONE
0.8418783689366856,0.8711052804198097,0.8472300213539675,0.2670787570408221,0.03391054829210122,-0.013385565838994473,-0.0043365942535495815,0.8711052804198097,svm,NO_ONE
0.856909430143346,0.8451951459494916,0.8505110972867314,0.3634225924173779,0.075698039820639,0.00982318271119842,0.0037460441410595083,0.8451951459494916,forest,NO_ONE
0.8146105517450175,0.7918443205422543,0.8023180257641934,0.1756029438452838,0.03844527218743121,-0.0036452292470471326,-0.00019967599939964276,0.7918443205422543,knn,NO_ONE
0.8479599288143411,0.7680113698480376,0.7970648733460354,0.298560855426616,0.07635495730036385,0.00908940279783188,0.004126108171156384,0.7680113698480376,cart,NO_ONE
