precision,recall,f1score,mcc,stat_par,eq_odds,ao,acc,model,fairness_method
0.851461022849376,0.845741773258992,0.8484827192464818,0.3168205190327106,0.05808278704042055,0.013478818998716335,0.004862161376431681,0.845741773258992,logreg,NO_ONE
0.8565261619721395,0.8822564775336176,0.8573198314764211,0.2948833245639908,0.032629866556307424,0.0032092426187419754,0.0012052848330308449,0.8822564775336176,svm,NO_ONE
0.864880363860173,0.855581064829999,0.8598564389262583,0.37763606773101593,0.06986554370269926,-0.008076593923833975,-0.0025286060242532896,0.855581064829999,forest,NO_ONE
0.8236493881306193,0.811413578222368,0.8172345857757521,0.18866568745876244,0.03470724716800874,-0.01952289259734702,-0.006353553859351005,0.811413578222368,knn,NO_ONE
0.8567396524466573,0.7669181152290369,0.7987711640124545,0.3077548862855879,0.07232353161307936,0.00101626016260159,0.0007709203729019953,0.7669181152290369,cart,NO_ONE
