precision,recall,f1score,mcc,stat_par,eq_odds,ao,acc,model,fairness_method
0.8557362397180945,0.8590794796108013,0.8573533344405024,0.3386577389983197,0.06623938583226706,-0.01374207188160681,-0.004009669434136075,0.8590794796108013,logreg,NO_ONE
0.8388797407267755,0.8695747239532087,0.8471945580574476,0.2382500565646866,0.033416730994955963,0.0167691716317509,0.005173675900286022,0.8695747239532087,svm,NO_ONE
0.867508685449084,0.8630151962392041,0.8651585265235701,0.39243829771510863,0.0797434623071473,0.006582740726503944,0.0010287009751401913,0.8630151962392041,forest,NO_ONE
0.82803995179329,0.8239860063408768,0.8259737710885977,0.21180431287888254,0.04202692271088221,0.019027484143763207,0.004701278352614892,0.8239860063408768,knn,NO_ONE
0.8533141568018694,0.7751175248715426,0.8037997010508979,0.300862720481482,0.07871012086668713,0.001081107053622965,0.0003236493578821359,0.7751175248715426,cart,NO_ONE
