precision,recall,f1score,mcc,stat_par,eq_odds,ao,acc,model,fairness_method
0.8407050231345038,0.8234393790313764,0.8312753373425296,0.2801495755240575,0.069291721455183,-0.0035890804944955224,0.0021816509506474638,0.8234393790313764,logreg,NO_ONE
0.8319233026427023,0.8553624139061987,0.841069266616385,0.23517097703587955,0.03987097304404996,0.012295923916327306,0.0028134941780509,0.8553624139061987,svm,NO_ONE
0.8503995333050307,0.8174264786268722,0.8311531804972438,0.3182221982891415,0.08223482358097745,-0.002501480344648477,0.0019718816428954955,0.8174264786268722,forest,NO_ONE
0.8181163987695415,0.801355635727561,0.8092156191955763,0.17946007568672356,0.04190499671268902,-0.011721912726130213,-0.0027849045601580358,0.801355635727561,knn,NO_ONE
0.8427283680968226,0.7135672898217995,0.7573051403619494,0.2485571144697546,0.07374054898093357,0.0006223489746347566,0.0002754912120684905,0.7135672898217995,cart,NO_ONE
