precision,recall,f1score,mcc,stat_par,eq_odds,ao,acc,model,fairness_method
0.8510071173470698,0.8433366130971903,0.8469684229346343,0.31344197519327105,0.06585773180726498,0.022441538848378184,0.006664821865497515,0.8433366130971903,logreg,NO_ONE
0.8530185891935234,0.8803979446813163,0.8551546788582615,0.28035025766043303,0.03701223339320634,-0.005908976615539352,-0.0006296919316208897,0.8803979446813163,svm,NO_ONE
0.8714929325065222,0.8678255165628075,0.869583920501084,0.40811435397748885,0.08473012438773278,0.0010309278350515427,0.0008089218207445528,0.8678255165628075,forest,NO_ONE
0.8264079960518319,0.8188477096315732,0.8225031761303745,0.2005132220807505,0.03960405023667399,0.03312798591903443,0.008187103722181094,0.8188477096315732,knn,NO_ONE
0.860874765873591,0.7991691264895594,0.8221996473758983,0.33722270468645366,0.08644708408986085,0.003658536585365857,0.0015690217662662764,0.7991691264895594,cart,NO_ONE
