precision,recall,f1score,mcc,stat_par,eq_odds,ao,acc,model,fairness_method
0.8408754720205394,0.8235487044932764,0.8313656186922895,0.2936627585060514,0.07352162574638549,0.008586304706831194,0.003374063083905192,0.8235487044932764,logreg,NO_ONE
0.8287030645561476,0.8559090412156991,0.8384547746338963,0.23082797200288396,0.04148885156809379,0.0016569099178677382,0.001255053952115063,0.8559090412156991,svm,NO_ONE
0.8520803719402888,0.8198316387886739,0.8331199733511679,0.33748264949554,0.08726519101118674,-0.010950967536635825,-0.0035403509126650107,0.8198316387886739,forest,NO_ONE
0.814892937847439,0.7883459057614518,0.8004015229914894,0.17860884345852193,0.04612602118234907,0.009003275414638967,0.003270223755687446,0.7883459057614518,knn,NO_ONE
0.8438421884212823,0.7499726686345249,0.7834273784594291,0.2782368772733617,0.08443730142916261,0.006380749120795337,0.002770364695531269,0.7499726686345249,cart,NO_ONE
