precision,recall,f1score,mcc,stat_par,eq_odds,ao,acc,model,fairness_method
0.8482497090116208,0.8381983163878868,0.8428832670285551,0.3158097788191306,0.07210240936299239,-0.0031664357807243415,5.20421661744791e-06,0.8381983163878868,logreg,NO_ONE
0.8412588297895492,0.8702306767246092,0.8482780144551983,0.2603654111822572,0.037549092322973564,-0.0017151527145589929,-0.001215838784507442,0.8702306767246092,svm,NO_ONE
0.8541720563076656,0.8365584344593856,0.8443445775361779,0.3404078827232633,0.07947544730376138,0.028135101259977535,0.008188867586262291,0.8365584344593856,forest,NO_ONE
0.8134443142951523,0.7933748770088553,0.802736958884902,0.15883281598884896,0.03849561028047155,-0.010785671878092207,-0.0018768730916802617,0.7933748770088553,knn,NO_ONE
0.8444681907207693,0.741554608068219,0.7779679101586298,0.2660706947609916,0.07344591349295554,-0.013160498713635449,-0.0057493745196254414,0.741554608068219,cart,NO_ONE
