precision,recall,f1score,mcc,stat_par,eq_odds,ao,acc,model,fairness_method
0.8848155555727736,0.8986552968186291,0.8856538475456067,0.44653577992685484,0.02770728679167199,-0.10681429182712876,-0.05596729957167508,0.8986552968186291,logreg,NO_ONE
0.8722541378176317,0.8897999344047228,0.8615899437052733,0.33242292535569923,0.05348644210322404,0.04578519469405218,0.029195897504176428,0.8897999344047228,svm,NO_ONE
0.8904173886854051,0.9012791079042309,0.8929866762471389,0.4850454834907339,0.08550302240498027,0.020485665382969587,0.016343234297910497,0.9012791079042309,forest,NO_ONE
