precision,recall,f1score,mcc,stat_par,eq_odds,ao,acc,model,fairness_method
0.880636524343884,0.8951568820378266,0.8812500567801844,0.4379346544087962,0.03947858472998138,-0.12690366469168313,-0.06244403959492954,0.8951568820378266,logreg,NO_ONE
0.8719938469782649,0.888597354323822,0.8613780033027942,0.3485628639763666,0.07793393416775349,0.05296247531270573,0.037677482797552134,0.888597354323822,svm,NO_ONE
0.8859814320005319,0.8978900185853286,0.8883358647890436,0.4736998303840081,0.08210019530362901,-0.07012288786482335,-0.025475464162945667,0.8978900185853286,forest,NO_ONE
