precision,recall,f1score,mcc,stat_par,eq_odds,ao,acc,model,fairness_method
0.8778474108233969,0.8932983491855253,0.8801017428135733,0.42001097911152735,0.047919581585128004,-0.11360445412732995,-0.04844085988255656,0.8932983491855253,logreg,NO_ONE
0.8650974805800926,0.8865201705477206,0.8590754225392131,0.31603290008094986,0.07608334291611613,0.06364076494795448,0.044817654896927316,0.8865201705477206,svm,NO_ONE
0.8861214969744867,0.8967967639663278,0.8893453689828759,0.4707669579690415,0.08505394621978235,-0.10208182038247399,-0.030792928853448268,0.8967967639663278,forest,NO_ONE
