precision,recall,f1score,mcc,stat_par,eq_odds,ao,acc,model,fairness_method
0.8875571157776542,0.9011697824423308,0.8881756362475818,0.44810427455348284,0.05980029991587725,-0.08630034237046175,-0.039053850838910525,0.9011697824423308,logreg,NO_ONE
0.8765169804607029,0.8930796982617252,0.865981699003849,0.3415910264019505,0.04152832471109052,-0.02691781899127743,-0.010179688716417938,0.8930796982617252,svm,NO_ONE
0.8914276132055586,0.902918989832732,0.8937355548099639,0.4774601315077537,0.0610526586716192,-0.1222915834936305,-0.05712522897625248,0.902918989832732,forest,NO_ONE
