precision,recall,f1score,mcc,stat_par,eq_odds,ao,acc,model,fairness_method
0.8804161547695274,0.8954848584235269,0.8816886402165122,0.42758072742852926,0.022672391003204076,-0.14825581395348839,-0.07453258669719269,0.8954848584235269,logreg,NO_ONE
0.8651095796373313,0.8864108450858205,0.8574512800180351,0.3079919411982986,0.03400530840568063,-0.027291946953680563,-0.008426229267713454,0.8864108450858205,svm,NO_ONE
0.8874650451656043,0.8987646222805291,0.8903300576501216,0.4734542182177113,0.06232893081095943,-0.081034979819335,-0.03678694626563585,0.8987646222805291,forest,NO_ONE
