precision,recall,f1score,mcc,stat_par,eq_odds,ao,acc,model,fairness_method
0.882084802167481,0.895812834809227,0.8822339256937075,0.45127234970507046,0.041789874804354726,-0.08792340284517242,-0.04348651268188976,0.895812834809227,logreg,NO_ONE
0.8645701327460209,0.8840056849240188,0.8547495170655668,0.32258542825727876,0.0656672652299991,0.06735389495112076,0.04215435020424719,0.8840056849240188,svm,NO_ONE
0.8884544992305833,0.8996392259757298,0.8903349461194325,0.4909658790912861,0.07285500843246316,-0.05440623002816769,-0.01977077156830697,0.8996392259757298,forest,NO_ONE
