precision,recall,f1score,mcc,stat_par,eq_odds,ao,acc,model,fairness_method
0.8821919384312661,0.895703509347327,0.8811429302737931,0.45252236090856013,0.04632654865262585,-0.12482620364083163,-0.05571465480409321,0.895703509347327,logreg,NO_ONE
0.8721841934678054,0.8864108450858205,0.8568797842124729,0.3485556822727343,0.07312236864683666,0.05807223461700134,0.03833007970084206,0.8864108450858205,svm,NO_ONE
0.8887175477453804,0.8997485514376298,0.8903456848380921,0.4961320440280933,0.06446327761956679,-0.15302163158405274,-0.06170588123645221,0.8997485514376298,forest,NO_ONE
