precision,recall,f1score,mcc,stat_par,eq_odds,ao,acc,model,fairness_method
0.8843361914377694,0.8987646222805291,0.8845532047559344,0.43549934891334446,0.04215472678012976,-0.13637302198111612,-0.058612191831031626,0.8987646222805291,logreg,NO_ONE
0.8737631125947152,0.8912211654094239,0.8638098619885766,0.33650441310919627,0.0767222458938635,0.04411865923325761,0.039441797233746405,0.8912211654094239,svm,NO_ONE
0.8948963917406131,0.9048868481469334,0.8972394693227529,0.5018352097953673,0.07324318457716641,-0.12424054711892829,-0.04799924068476487,0.9048868481469334,forest,NO_ONE
