precision,recall,f1score,mcc,stat_par,eq_odds,ao,acc,model,fairness_method
0.8866616039025719,0.89996720236143,0.8865590486310191,0.4546056810114372,0.03173570133826989,-0.1670570264765784,-0.07644624363355608,0.89996720236143,logreg,NO_ONE
0.8721139015840238,0.8896906089428228,0.8623111144135338,0.3387287395399958,0.07229976914982122,0.05869399185336047,0.04091494959111775,0.8896906089428228,svm,NO_ONE
0.892309265145363,0.9035749426041325,0.8936539978282266,0.4902188352753123,0.07090860757122473,-0.08788187372708761,-0.03287215144176087,0.9035749426041325,forest,NO_ONE
