precision,recall,f1score,mcc,stat_par,eq_odds,ao,acc,model,fairness_method
0.8831949063271696,0.8972340658139281,0.8839780884649434,0.4444014824188767,0.016055108134003654,-0.1632228254744811,-0.08134032743927706,0.8972340658139281,logreg,NO_ONE
0.872306317580945,0.889909259866623,0.864479372887239,0.35231950951512164,0.07050438503778025,0.06092847814702118,0.042696387309329994,0.889909259866623,svm,NO_ONE
0.8892439738010433,0.9006231551328304,0.8914607410767188,0.48268771249502607,0.053142465776590264,-0.1163216196328779,-0.048022042492670974,0.9006231551328304,forest,NO_ONE
