precision,recall,f1score,mcc,stat_par,eq_odds,ao,acc,model,fairness_method
0.8850093575766579,0.8988739477424292,0.8852491076193076,0.44574783126763534,0.05808419961049144,-0.0977418267610381,-0.03566800343163977,0.8988739477424292,logreg,NO_ONE
0.874252781963956,0.8905652126380234,0.8624694143472481,0.3399937519933337,0.09398538078255811,0.10643266406663779,0.07211616715001351,0.8905652126380234,svm,NO_ONE
0.8895677550181018,0.9008418060566306,0.8920255377448889,0.4806775213203959,0.10664757063004275,-0.03194665125908808,0.009611009766555337,0.9008418060566306,forest,NO_ONE
