precision,recall,f1score,mcc,stat_par,eq_odds,ao,acc,model,fairness_method
0.8862581063024401,0.8992019241281295,0.8861642576101355,0.46239012764394405,0.031844458203727416,-0.18216900850979614,-0.08371243436637649,0.8992019241281295,logreg,NO_ONE
0.8708076040797654,0.8879414015524215,0.8599397097663605,0.34011651861832154,0.0781499137412761,0.08196450953229104,0.05077567271960559,0.8879414015524215,svm,NO_ONE
0.8871617441147139,0.8990925986662294,0.8891329010056642,0.47665089832599344,0.09688525139190213,-0.06590144468632497,-0.008401370668251452,0.8990925986662294,forest,NO_ONE
