precision,recall,f1score,mcc,stat_par,eq_odds,ao,acc,model,fairness_method
0.8826083398496878,0.8964687875806275,0.8826344453543862,0.448058369812215,0.02615180169322688,-0.1557795698924731,-0.07830740415672023,0.8964687875806275,logreg,NO_ONE
0.8670695954099805,0.8858642177763201,0.8575115310992351,0.32997652695322666,0.03220053369282587,-0.0344310035842294,-0.015698031988503735,0.8858642177763201,svm,NO_ONE
0.8881949643432083,0.8988739477424292,0.8907881563844186,0.4891455359929214,0.06375986809126959,-0.11319444444444443,-0.05072085190918781,0.8988739477424292,forest,NO_ONE
