precision,recall,f1score,mcc,stat_par,eq_odds,ao,acc,model,fairness_method
0.8864892755492547,0.8998578768995299,0.8872791274082281,0.4540717032211793,0.04365698695039806,-0.11229570027659036,-0.052351953104452245,0.8998578768995299,logreg,NO_ONE
0.8728724249353611,0.889909259866623,0.8609052878656496,0.3292508387172073,0.043579748108422973,0.019688207191350254,0.011300504135768337,0.889909259866623,svm,NO_ONE
0.891197374413371,0.9017164097518312,0.8938265678631407,0.4887622289817692,0.044596910623372774,-0.1265778224792557,-0.06525927144695395,0.9017164097518312,forest,NO_ONE
