precision,recall,f1score,mcc,stat_par,eq_odds,ao,acc,model,fairness_method
0.8823369674717416,0.8969060894282278,0.8832973994016281,0.43515963234138055,0.02722338204592903,-0.1436610640091229,-0.0711055697819751,0.8969060894282278,logreg,NO_ONE
0.8726663561118716,0.8901279107904231,0.8628022819459781,0.33914654007116335,0.048037909666302156,0.006110863205910061,0.008119061511743058,0.8901279107904231,svm,NO_ONE
0.8932929818432201,0.9033562916803324,0.8957151261096846,0.49994804745347615,0.05363555025350433,-0.14310327730675793,-0.06580346380312317,0.9033562916803324,forest,NO_ONE
