precision,recall,f1score,mcc,stat_par,eq_odds,ao,acc,model,fairness_method
0.8770267543004303,0.8917677927189243,0.878791851653596,0.4350762985442354,0.03902181076897139,-0.16970707807776506,-0.07378305042677887,0.8917677927189243,logreg,NO_ONE
0.8654132297138372,0.884333661309719,0.8557148293785037,0.3298027862879775,0.07154177459650844,0.048456385412608965,0.034981273594443675,0.884333661309719,svm,NO_ONE
0.8866246827778538,0.8974527167377282,0.8892145377969445,0.4877983483968131,0.0810893779518766,-0.12065266888685283,-0.04159250134039881,0.8974527167377282,forest,NO_ONE
