precision,recall,f1score,mcc,stat_par,eq_odds,ao,acc,model,fairness_method
0.8858099480849178,0.8982179949710287,0.8855494225940197,0.4734643772845887,0.207339796199585,0.2147961328289196,0.1518451252467632,0.8982179949710287,logreg,NO_ONE
0.873559898965211,0.8878320760905215,0.8604353583363694,0.3639592763307235,0.1227987197908957,0.1579525980534807,0.0994700752713516,0.8878320760905215,svm,NO_ONE
0.8923205950396021,0.9020443861375316,0.8943072419509969,0.5157592654783714,0.190856843988165,0.1126847091538137,0.0996733473909034,0.9020443861375316,forest,NO_ONE
0.8536302948276373,0.8767902044386138,0.8570925349507289,0.3282005159795957,0.23550404983559728,0.2605005335144049,0.2073095353442882,0.8767902044386138,knn,NO_ONE
0.8769663920286469,0.8765715535148136,0.8767677405641565,0.45912953078519997,0.24837980576735413,0.08136903029715137,0.13070868228477564,0.8765715535148136,tree,NO_ONE
