precision,recall,f1score,mcc,stat_par,eq_odds,ao,acc,model,fairness_method
0.8539308315218771,0.8773368317481142,0.8583725192275152,0.320649696009276,0.2225012745062488,0.2060259856630824,0.1849842635099924,0.8773368317481142,knn,NO_ONE
0.8747620920167062,0.872854487810211,0.8737835157891927,0.4393763877678537,0.2121379922313778,0.0338709677419355,0.0950986793779611,0.872854487810211,tree,NO_ONE
0.8857952177066216,0.8984366458948289,0.8868746381177468,0.4687349416213229,0.18283778681723262,0.15833333333333333,0.12037056204585411,0.8984366458948289,logreg,NO_ONE
0.8699138021921055,0.8878320760905215,0.8623753743396938,0.3529838563395854,0.11075086015840141,0.1367831541218638,0.08621599698424837,0.8878320760905215,svm,NO_ONE
0.8936855750316566,0.9017164097518312,0.8963029497618781,0.5188247375484238,0.1908962925199815,0.09997759856630828,0.09513127583707562,0.9017164097518312,forest,NO_ONE
