precision,recall,f1score,mcc,stat_par,eq_odds,ao,acc,model,fairness_method
0.8871162204639038,0.8995299005138296,0.8882760084778841,0.4718955296306928,0.2203662612316458,0.183109569672874,0.1549518786830672,0.8995299005138296,logreg,NO_ONE
0.8702349567213932,0.8881600524762218,0.8617746281424762,0.3460539260743794,0.1161050843743151,0.1036180831651581,0.0826436120000695,0.8881600524762218,svm,NO_ONE
0.8886440991065926,0.8988739477424292,0.8914585461334583,0.4895260352218473,0.208801775147929,0.1389952991504634,0.1267182754291843,0.8988739477424292,forest,NO_ONE
0.8560284678588818,0.8787580627528151,0.8604449075982721,0.3266205705337437,0.2152305226824458,0.20405795700354074,0.17838792615977728,0.8787580627528151,knn,NO_ONE
0.8790311115588272,0.878539411829015,0.8787833980045244,0.454987970179407,0.2358070348454964,0.059757586011045194,0.11877753423002681,0.878539411829015,tree,NO_ONE
