precision,recall,f1score,mcc,stat_par,eq_odds,ao,acc,model,fairness_method
0.8860453567209824,0.8987646222805291,0.8870603478655598,0.4671103972785386,0.2048186500109576,0.1765768958185684,0.1403781379281815,0.8987646222805291,logreg,NO_ONE
0.8702055272391747,0.8881600524762218,0.862405567493572,0.3501856005264196,0.1250410913872452,0.157016300496102,0.1017060735625491,0.8881600524762218,svm,NO_ONE
0.8945028739684155,0.903028315294632,0.8970318230086055,0.5190698731506582,0.2012738330046022,0.1220883534136546,0.1080972366890945,0.903028315294632,forest,NO_ONE
0.8572869238312548,0.8803979446813163,0.8601738565648914,0.32706986248325737,0.19364042296734604,0.18772738010867,0.1579536378344057,0.8803979446813163,knn,NO_ONE
0.8772982833505146,0.877118180824314,0.8772079872071655,0.4484018255163984,0.21121246986631603,0.08020316560359086,0.10544986317762986,0.877118180824314,tree,NO_ONE
