precision,recall,f1score,mcc,stat_par,eq_odds,ao,acc,model,fairness_method
0.8875615704278671,0.9006231551328304,0.8889348070128906,0.4578602334111697,0.2018893989457633,0.1573217201959716,0.1371172587540814,0.9006231551328304,logreg,NO_ONE
0.8717289858675716,0.8905652126380234,0.8641900427555895,0.3353017669459897,0.1088980359683889,0.0990558068815347,0.0778829241207782,0.8905652126380234,svm,NO_ONE
0.8949660490800742,0.904340220837433,0.8975701727529859,0.5044640111007831,0.191747663876986,0.0921730207297004,0.0990160798176891,0.904340220837433,forest,NO_ONE
0.8562128627714881,0.8801792937575161,0.8613471612396493,0.3080355289633321,0.15983382507818342,0.14527058735194187,0.12422310669074914,0.8801792937575161,knn,NO_ONE
0.885651850935785,0.8836777085383186,0.8846343169713906,0.469425993149003,0.22413917853151855,0.01247661416977952,0.09343599524928696,0.8836777085383186,tree,NO_ONE
