precision,recall,f1score,mcc,stat_par,eq_odds,ao,acc,model,fairness_method
0.8619953571249079,0.8834590576145184,0.8668989591810571,0.3316585886689521,0.2388117425058283,0.171052154030414,0.1816245618636918,0.8834590576145184,knn,NO_ONE
0.8811468944537656,0.8797419919099159,0.8804305532467261,0.4430402895614629,0.2065308240100676,0.0351746331312984,0.0849520351803678,0.8797419919099159,tree,NO_ONE
0.8892189340179426,0.9019350606756313,0.890850508003467,0.4618871566899458,0.21244583158924257,0.19636700177839067,0.14731228876798322,0.9019350606756313,logreg,NO_ONE
0.8770475251193328,0.8939543019569258,0.8691997060138422,0.35572138501244177,0.11950103426274744,0.13555692665045546,0.0886550867018511,0.8939543019569258,svm,NO_ONE
0.8981950357947709,0.907182682846835,0.9006126181996703,0.5145727523792447,0.17741297495147024,0.06777241437713988,0.07219789550025825,0.907182682846835,forest,NO_ONE
