precision,recall,f1score,mcc,stat_par,eq_odds,ao,acc,model,fairness_method
0.8872106039984942,0.8998578768995299,0.8884761213058772,0.4667914644433186,0.1727870079909118,0.140889236662618,0.1090209555387701,0.8998578768995299,logreg,NO_ONE
0.8698626352108768,0.8884880288619219,0.8615826140631099,0.3367897180483474,0.1144617430257025,0.1548864804260487,0.0974509702351636,0.8884880288619219,svm,NO_ONE
0.8939780155357223,0.902700338908932,0.8966394599431051,0.510753787088081,0.1713217923395685,0.0742607212930954,0.0763544650723812,0.902700338908932,forest,NO_ONE
0.858504879010643,0.880069968295616,0.8633200859243215,0.3344290970590766,0.197709874391645,0.193981827524993,0.16100938808356446,0.880069968295616,knn,NO_ONE
0.878533119858277,0.8763529025910134,0.8774098225671225,0.44693447252032226,0.18380129868453327,0.03369382416145006,0.07325160249117912,0.8763529025910134,tree,NO_ONE
