precision,recall,f1score,mcc,stat_par,eq_odds,ao,acc,model,fairness_method
0.8891966564592475,0.9009511315185308,0.8904418319972998,0.4832034364248245,0.2174791949839244,0.19414209380566,0.1543860272633486,0.9009511315185308,logreg,NO_ONE
0.8703216981038844,0.8879414015524215,0.8606961580862484,0.3424564489988349,0.1213474821601275,0.157991951975724,0.1033383353920798,0.8879414015524215,svm,NO_ONE
0.8933286954442814,0.902591013447032,0.8958114996020173,0.5114792000209059,0.220883188044018,0.1514941618840293,0.1360678078592143,0.902591013447032,forest,NO_ONE
0.8544267821550433,0.878430086367115,0.8583665793274922,0.3158570541935934,0.20251114175183627,0.17827693119598917,0.16456945734907058,0.878430086367115,knn,NO_ONE
0.8795519347646972,0.8778834590576146,0.878696878120691,0.4576654734793481,0.22420202511958595,0.021043604459397014,0.0980860279487018,0.8778834590576146,tree,NO_ONE
