precision,recall,f1score,mcc,stat_par,eq_odds,ao,acc,model,fairness_method
0.8538158047413518,0.8762435771291134,0.8584360123657846,0.330342473278564,0.2098396981832752,0.172186956497885,0.1623566141468901,0.8762435771291134,knn,NO_ONE
0.8797890813550749,0.8751503225101126,0.8773172798203396,0.4676105989665908,0.2168160349988285,0.0536136546933894,0.0953203953031989,0.8751503225101126,tree,NO_ONE
0.8801823517289098,0.8935170001093254,0.882479198590172,0.45361402253417493,0.18897681415192874,0.11491383519781423,0.11073171437136381,0.8935170001093254,logreg,NO_ONE
0.8657583062392566,0.8849896140811195,0.858757313643317,0.342159193752076,0.1407728470049332,0.16149933888196988,0.11429398038759794,0.8849896140811195,svm,NO_ONE
0.8896769725809807,0.8990925986662294,0.8923603841910556,0.5042840541800189,0.19911495705067428,0.08022845605622525,0.09655726595513521,0.8990925986662294,forest,NO_ONE
