precision,recall,f1score,mcc,stat_par,eq_odds,ao,acc,model,fairness_method
0.8566627472600706,0.8801792937575161,0.8605763009875582,0.3195595247817451,0.214665033134215,0.2459744512724645,0.1992871062169572,0.8801792937575161,knn,NO_ONE
0.8762060846385947,0.877118180824314,0.8766559594717916,0.4368570625725483,0.2048275690197871,0.0922909664631518,0.1190601640064901,0.877118180824314,tree,NO_ONE
0.885038560783471,0.8979993440472286,0.8869582381171041,0.4594007826432629,0.1774508438310638,0.1514229461249329,0.126507010963026,0.8979993440472286,logreg,NO_ONE
0.8702158515476047,0.8890346561714223,0.8644227747662412,0.34933050914244607,0.1231393016604267,0.16165171794310867,0.1105600181996168,0.8890346561714223,svm,NO_ONE
0.8907006491974802,0.9004045042090303,0.8935159969653212,0.49494722062025487,0.16552332745754142,0.1323310065031919,0.10465731222327906,0.9004045042090303,forest,NO_ONE
