precision,recall,f1score,mcc,stat_par,eq_odds,ao,acc,model,fairness_method
0.8600341922818106,0.8818191756860173,0.8643658293081974,0.3345643550542275,0.1904048981145643,0.1928935229675187,0.1586701696568332,0.8818191756860173,knn,NO_ONE
0.8798407095547206,0.8764622280529135,0.8780741410597196,0.4490291538563488,0.2207723624520181,0.1219729002498558,0.1284956620501839,0.8764622280529135,tree,NO_ONE
0.8871752647632297,0.8996392259757298,0.8891657392632267,0.4663285506694411,0.20611904787082178,0.2395973476840284,0.16502293298683962,0.8996392259757298,logreg,NO_ONE
0.8660131705360123,0.887176123319121,0.860997782602673,0.32405543225960365,0.12332885678936628,0.17761387660964825,0.11354025540935633,0.887176123319121,svm,NO_ONE
0.8905054299948929,0.8995299005138296,0.8934879025896209,0.4922647445094627,0.1934277284887963,0.19222083413415342,0.13331494365422225,0.8995299005138296,forest,NO_ONE
