precision,recall,f1score,mcc,stat_par,eq_odds,ao,acc,model,fairness_method
0.8586217747161241,0.881491199300317,0.8625196160679311,0.3254602304831669,0.2144675294623229,0.2250891038696537,0.1863567553936017,0.881491199300317,knn,NO_ONE
0.8827022754209366,0.8837870340002186,0.8832345718398477,0.4631915018340447,0.2025352198035294,0.0161150712830957,0.0835349613222077,0.8837870340002186,tree,NO_ONE
0.8916031422390344,0.9033562916803324,0.8920913417444754,0.48253752150686874,0.19778943047773317,0.17539460285132386,0.1381055151812285,0.9033562916803324,logreg,NO_ONE
0.8715759730858593,0.8897999344047228,0.8638887230218328,0.3444086079607644,0.12587119772124977,0.1607306517311609,0.10779112036080392,0.8897999344047228,svm,NO_ONE
0.8938445269148287,0.9037935935279326,0.8961702906345752,0.5038003708703556,0.20840908965692026,0.13827647657841147,0.12771528057222786,0.9037935935279326,forest,NO_ONE
