precision,recall,f1score,mcc,stat_par,eq_odds,ao,acc,model,fairness_method
0.8545286826618965,0.8779927845195146,0.8588939691637787,0.3199232064476141,0.1998248106982267,0.1547180162387535,0.1514750891161917,0.8779927845195146,knn,NO_ONE
0.8709015018198256,0.8709959549579097,0.8709486693498919,0.4196461854868752,0.2505849376131431,0.1105113012947114,0.1448007810181741,0.8709959549579097,tree,NO_ONE
0.884418636910873,0.8975620421996283,0.8856229330487989,0.4597912510070208,0.19787372095588474,0.18178626289225364,0.13419442749971644,0.8975620421996283,logreg,NO_ONE
0.8728336893842806,0.8895812834809227,0.8645069600521239,0.3619647387043883,0.14090021347140846,0.17022163704191354,0.11327001915722162,0.8895812834809227,svm,NO_ONE
0.8877202292622391,0.8981086695091287,0.8905829428853598,0.48639459976017363,0.17661157936399796,0.07123107307439103,0.07866871170046243,0.8981086695091287,forest,NO_ONE
