precision,recall,f1score,mcc,stat_par,eq_odds,ao,acc,model,fairness_method
0.7616,0.77,0.7615065636118268,0.44556639433950346,-0.06270903010033446,-0.019492690241159516,0.005773223030567348,0.77,logreg,NO_ONE
0.7200037668330351,0.73,0.6918396367706642,0.3095506179305468,-0.053720735785953155,-0.06684993127577155,-0.0037353570009087123,0.73,svm,NO_ONE
0.7310288065843621,0.7433333333333333,0.7218177830416282,0.35992907484271214,0.007525083612040073,-0.02711483193802322,0.08225904826850527,0.7433333333333333,forest,NO_ONE
