precision,recall,f1score,mcc,stat_par,eq_odds,ao,acc,model,fairness_method
0.7425986842105263,0.75,0.7455750647292689,0.3651122204809525,0.004807692307692291,0.008303172237598466,0.0468636530244145,0.75,logreg,NO_ONE
0.7462055417700578,0.7633333333333333,0.7432638089682753,0.3569639456997927,-0.09489966555183937,-0.059718969555035195,-0.07974001046449491,0.7633333333333333,svm,NO_ONE
0.7327668845315904,0.7533333333333333,0.7258810692853246,0.3159265016815474,-0.01881270903010024,0.018841813923781148,-0.010591040469411728,0.7533333333333333,forest,NO_ONE
