precision,recall,f1score,mcc,stat_par,eq_odds,ao,acc,model,fairness_method
0.7356471637286508,0.75,0.7333421064175111,0.3644896449380522,-0.08987176700717237,-0.04171350068689894,-0.047673792949965765,0.75,logreg,NO_ONE
0.7757327427094869,0.7733333333333333,0.7432050050178293,0.4191689953897764,-0.097152792871115,-0.046584238791057886,-0.05662545272886227,0.7733333333333333,svm,NO_ONE
0.750978835978836,0.76,0.7337639751552795,0.3801734763412538,-0.0691154096935449,-0.0407143749219433,-0.021860946859467878,0.76,forest,NO_ONE
