precision,recall,f1score,mcc,stat_par,eq_odds,ao,acc,model,fairness_method
0.7300045179362068,0.7466666666666667,0.7346296296296297,0.31500035231833623,-0.008882462301177396,-0.014278531925590698,0.020186693698883262,0.7466666666666667,logreg,NO_ONE
0.743975116150878,0.7633333333333333,0.7436069831967499,0.33968811101858803,-0.0932658541623631,-0.08848667672197086,-0.07189460706625544,0.7633333333333333,svm,NO_ONE
0.7562666666666666,0.7733333333333333,0.7536078736078735,0.3679361926255868,-0.08262755629002272,-0.03579688285570637,-0.08946643101796375,0.7733333333333333,forest,NO_ONE
