precision,recall,f1score,mcc,stat_par,eq_odds,ao,acc,model,fairness_method
0.7778526645768026,0.79,0.7771019329717703,0.4330882742533938,-0.07496580027359778,-0.024013157894736792,-0.061681903622693046,0.79,logreg,NO_ONE
0.7394407745905348,0.76,0.7320313441832428,0.32116215221915956,-0.11190150478796168,-0.06655701754385968,-0.11120058669400779,0.76,svm,NO_ONE
0.7896103896103897,0.8,0.7857707509881423,0.45799493739754715,-0.0068399452804377425,0.004824561403508731,0.033581111870585545,0.8,forest,NO_ONE
