precision,recall,f1score,mcc,stat_par,eq_odds,ao,acc,model,fairness_method
0.7404665314401623,0.7533333333333333,0.7422991007503293,0.3752715620603564,-0.05043171114599687,-0.018308080808080773,-0.015226914897967514,0.7533333333333333,logreg,NO_ONE
0.7529307879909175,0.7633333333333333,0.7371821349182576,0.3782186736082928,-0.039835164835164805,0.008838383838383868,-0.019872306056516575,0.7633333333333333,svm,NO_ONE
0.7543911007025761,0.7666666666666667,0.7482348681431417,0.39576491135619696,-0.052786499215070615,0.03661616161616166,-0.04899961149961146,0.7666666666666667,forest,NO_ONE
