precision,recall,f1score,mcc,stat_par,eq_odds,ao,acc,model,fairness_method
0.7092114604462475,0.7233333333333334,0.7075584627511721,0.33118909648457656,0.05069492518238461,0.012177477694719108,0.08009253391377319,0.7233333333333334,logreg,NO_ONE
0.7203492896570447,0.7266666666666667,0.6894802878405807,0.3198428960736065,0.028063262154534363,0.01820593199903542,0.041835413817354505,0.7266666666666667,svm,NO_ONE
0.7385882352941177,0.74,0.7066447368421053,0.3603345544390897,0.021566643591245493,0.01121292500602844,0.036915760415727694,0.74,forest,NO_ONE
