precision,recall,f1score,mcc,stat_par,eq_odds,ao,acc,model,fairness_method
0.7023474745036509,0.7166666666666667,0.7049465258995868,0.3104145744340944,0.03260590500641847,0.046873173582700156,0.062325475680238995,0.7166666666666667,logreg,NO_ONE
0.7100256483328583,0.7266666666666667,0.7045879680857259,0.31556974239788427,-0.0713735558408215,-0.06288720046756291,-0.042554711344892526,0.7266666666666667,svm,NO_ONE
0.7420269312544295,0.75,0.7241519124205974,0.3743784888701135,-0.07471116816431322,0.008065458796025715,-0.07374504837976492,0.75,forest,NO_ONE
