precision,recall,f1score,mcc,stat_par,eq_odds,ao,acc,model,fairness_method
0.6994326839674614,0.7166666666666667,0.69394736715983,0.29909379778867956,-0.07838827838827844,0.016461808604038675,-0.10918159015965545,0.7166666666666667,logreg,NO_ONE
0.7163198742509087,0.7233333333333334,0.6813869138644092,0.30136964080485035,-0.04908424908424902,0.0008779631255486642,-0.06048259575224557,0.7233333333333334,svm,NO_ONE
0.7376626826029216,0.7433333333333333,0.7144370860927152,0.3651731363874667,-0.02710622710622712,0.0379719051799825,-0.041492558708192184,0.7433333333333333,forest,NO_ONE
