precision,recall,f1score,mcc,stat_par,eq_odds,ao,acc,model,fairness_method
0.7358101472995091,0.75,0.7402351669144479,0.3310255713912776,-0.14397708427559175,-0.15689792663476876,-0.09143597630439737,0.75,logreg,NO_ONE
0.7483996250167403,0.7666666666666667,0.7345833333333334,0.32861919580734217,-0.1275440976933515,-0.11004784688995217,-0.10418904403866813,0.7666666666666667,svm,NO_ONE
0.7473582106584503,0.7666666666666667,0.7427524717514125,0.3409885153582395,-0.11789537162671493,-0.10546251993620415,-0.08643565081535004,0.7666666666666667,forest,NO_ONE
