precision,recall,f1score,mcc,stat_par,eq_odds,ao,acc,model,fairness_method
0.7385555555555555,0.7433333333333333,0.722106292672198,0.39313010428116496,-0.10684798445847499,-0.01836734693877551,-0.08412224840796267,0.7433333333333333,logreg,NO_ONE
0.7337764303482588,0.7166666666666667,0.6637913181999204,0.31869011708030376,-0.07641249797636396,-0.032789115646258526,-0.058982600411171815,0.7166666666666667,svm,NO_ONE
0.701901745977405,0.71,0.6728561436926145,0.296283714913405,-0.09163024121741936,-0.03197278911564627,-0.07638770495913355,0.71,forest,NO_ONE
