precision,recall,f1score,mcc,stat_par,eq_odds,ao,acc,model,fairness_method
0.7203321947625745,0.7366666666666667,0.7206127824090854,0.3315340185100013,0.030038510911424843,0.07522522522522523,0.04813892840208628,0.7366666666666667,logreg,NO_ONE
0.7579999999999999,0.76,0.7260606060606061,0.37711115708848686,-0.020539152759948665,0.02072072072072073,-0.00317347422610581,0.76,svm,NO_ONE
0.7562313234098618,0.7633333333333333,0.7365749569541763,0.38953547625157386,0.013607188703466,0.040990990990991016,0.042049380207274945,0.7633333333333333,forest,NO_ONE
