precision,recall,f1score,mcc,stat_par,eq_odds,ao,acc,model,fairness_method
0.7235185185185186,0.7366666666666667,0.7286239737274219,0.28537288467006655,-0.11670306231273175,-0.0816993464052288,-0.11947036285778681,0.7366666666666667,logreg,NO_ONE
0.7502800000000001,0.77,0.7512279662272257,0.3418429983868862,-0.1345792494032807,-0.0816993464052288,-0.14947036285778678,0.77,svm,NO_ONE
0.7151427852847703,0.7333333333333333,0.721407867494824,0.26206354834720524,-0.12609821745975314,-0.05228758169934644,-0.16200585981519044,0.7333333333333333,forest,NO_ONE
