precision,recall,f1score,mcc,stat_par,eq_odds,ao,acc,model,fairness_method
0.7284965034965034,0.7433333333333333,0.7326160169520691,0.3267862353101017,-0.07535321821036112,-0.08233293317326928,-0.025010004001600583,0.7433333333333333,logreg,NO_ONE
0.7330975418055667,0.7533333333333333,0.7297269019708326,0.3225023509379507,-0.044348508634222905,-0.04281712685074035,-0.004401760704281776,0.7533333333333333,svm,NO_ONE
0.7360597322830953,0.7533333333333333,0.7380969785575049,0.34026196991725594,-0.02276295133437989,-0.030312124849939948,0.02877817793784182,0.7533333333333333,forest,NO_ONE
