precision,recall,f1score,mcc,stat_par,eq_odds,ao,acc,model,fairness_method
0.731299019607843,0.7433333333333333,0.7293333333333334,0.37469226665726596,-0.04590929866436444,-0.1202898550724637,-0.0014910813823856839,0.7433333333333333,logreg,NO_ONE
0.7200248579545454,0.73,0.6948435544430538,0.3177346136590416,-0.01178203240058906,-0.05696767001114822,0.01574693422519513,0.73,svm,NO_ONE
0.7218852481231536,0.7333333333333333,0.7035946331945366,0.3307389790134968,-0.04809303742826665,-0.08773690078037899,-0.02319537346711259,0.7333333333333333,forest,NO_ONE
