precision,recall,f1score,mcc,stat_par,eq_odds,ao,acc,model,fairness_method
0.7103673469387755,0.73,0.7070468982294905,0.3014084291415888,-0.0915782266347141,-0.0061387354205034,-0.075527911329574,0.73,knn,NO_ONE
0.6847830687830687,0.6866666666666666,0.685694656220972,0.258707261908571,-0.1335159192057514,-0.1714753427460609,-0.082853749238928,0.6866666666666666,tree,NO_ONE
0.7479461279461279,0.76,0.7473119880863738,0.3971806066504973,-0.15097569325573434,-0.12829957028852057,-0.10128028262082842,0.76,logreg,NO_ONE
0.7400235272825989,0.75,0.7178016726403823,0.34685559735995397,-0.1644984594317015,-0.055862492326580804,-0.15410283953026951,0.75,svm,NO_ONE
0.7601190476190476,0.7666666666666667,0.7411594202898552,0.3998920176452607,-0.093461143444026,-0.055862492326580804,-0.05352605510344899,0.7666666666666667,forest,NO_ONE
