precision,recall,f1score,mcc,stat_par,eq_odds,ao,acc,model,fairness_method
0.7786432637571157,0.79,0.7796392572944298,0.4388293831955098,-0.2003968253968253,-0.161875,-0.1001403985507246,0.79,logreg,NO_ONE
0.7574379084967319,0.7733333333333333,0.7488117937853107,0.3662293239713972,-0.119047619047619,-0.1027083333333334,-0.0419338768115942,0.7733333333333333,svm,NO_ONE
0.7623344732592381,0.7766666666666666,0.7629496747477558,0.3953518576759851,-0.1666666666666667,-0.161875,-0.0733288043478261,0.7766666666666666,forest,NO_ONE
0.7396552014128333,0.76,0.7359607201309329,0.3279235804983369,-0.08630952380952372,-0.041874999999999996,-0.019850543478260874,0.76,knn,NO_ONE
0.7247099673202614,0.71,0.7160532915776484,0.310525952044969,-0.09027777777777779,-0.056041666666666656,-0.005557065217391299,0.71,tree,NO_ONE
