precision,recall,f1score,mcc,stat_par,eq_odds,ao,acc,model,fairness_method
0.6599036434808793,0.6866666666666666,0.6567026942355889,0.2101582435467721,-0.1444543521503533,-0.1128676470588235,-0.1156542133345092,0.6866666666666666,knn,NO_ONE
0.640476926895393,0.6566666666666666,0.6459499672770499,0.1806268410702728,-0.0192742986487413,-0.0128676470588234,0.0168045572801834,0.6566666666666666,tree,NO_ONE
0.7160939587875378,0.73,0.7083498439993673,0.334856308484815,-0.22642156526510737,-0.21066176470588238,-0.1727971492195079,0.73,logreg,NO_ONE
0.7230820740204507,0.73,0.6935168961201502,0.3235811262360592,-0.1904794567528637,-0.07205882352941173,-0.16146669312402617,0.73,svm,NO_ONE
0.7528739846714028,0.7566666666666667,0.7326021524407931,0.4041465957415396,-0.1486384525687633,-0.10330882352941173,-0.08738654569773935,0.7566666666666667,forest,NO_ONE
