precision,recall,f1score,mcc,stat_par,eq_odds,ao,acc,model,fairness_method
0.7504048008728859,0.7633333333333333,0.7540892913456773,0.3673355060959881,-0.1802507836990595,-0.1320332480818414,-0.1213327159949437,0.7633333333333333,logreg,NO_ONE
0.7427822519832293,0.7633333333333333,0.7361291228070176,0.3254319569746313,-0.1856654317469365,-0.0872762148337595,-0.1643277625892936,0.7633333333333333,svm,NO_ONE
0.7385552892844917,0.76,0.7354025423728813,0.320230285933022,-0.1518951268167568,-0.0415601023017903,-0.1328490166681365,0.76,forest,NO_ONE
0.7076190476190476,0.7266666666666667,0.7136793372319689,0.2595859040997079,-0.2353946993445426,-0.1451406649616368,-0.217685275009554,0.7266666666666667,knn,NO_ONE
0.7057201540436456,0.69,0.6966205874103458,0.257793029486625,-0.013536620119692255,-0.0604219948849104,0.06677176117823447,0.69,tree,NO_ONE
