precision,recall,f1score,mcc,stat_par,eq_odds,ao,acc,model,fairness_method
0.6757303724702732,0.7,0.6686438651040422,0.2373339769836752,-0.0812615955473098,-0.0684007707129094,-0.0483670520231213,0.7,knn,NO_ONE
0.6733883593375579,0.68,0.676210067009506,0.2530994661842713,-0.1933209647495362,-0.1368015414258189,-0.1600674373795761,0.68,tree,NO_ONE
0.7671395084053311,0.7733333333333333,0.7580075757575758,0.44842676592055425,-0.2771799628942486,-0.1364161849710982,-0.23376364804110467,0.7733333333333333,logreg,NO_ONE
0.7599917140151514,0.7566666666666667,0.724982462646209,0.39830974814569625,-0.13209647495361776,-0.020423892100192687,-0.09743416827231854,0.7566666666666667,svm,NO_ONE
0.7457489177489177,0.7533333333333333,0.7308168859649123,0.3907510331486148,-0.17625231910946193,-0.1421965317919075,-0.12359826589595374,0.7533333333333333,forest,NO_ONE
