precision,recall,f1score,mcc,stat_par,eq_odds,ao,acc,model,fairness_method
0.7132662868931242,0.7333333333333333,0.7197816676077545,0.2563478288849809,-0.1753512880562061,-0.0763440860215053,-0.1773346045871073,0.7333333333333333,knn,NO_ONE
0.7182787114155701,0.6866666666666666,0.6983307920150026,0.2689964319737715,-0.1926229508196721,-0.1920122887864823,-0.1382885746067058,0.6866666666666666,tree,NO_ONE
0.7180101277241323,0.7266666666666667,0.7218074074074075,0.2724900789564312,-0.3018149882903981,-0.24239631336405532,-0.2821176969119127,0.7266666666666667,logreg,NO_ONE
0.7440996687744655,0.7633333333333333,0.7474249864489919,0.33055147182908295,-0.17388758782201397,-0.08003072196620575,-0.16193654324911275,0.7633333333333333,svm,NO_ONE
0.7464667046641968,0.7633333333333333,0.7505618178282965,0.33971675790762246,-0.13553864168618268,-0.03533026113671278,-0.12234493352402145,0.7633333333333333,forest,NO_ONE
