precision,recall,f1score,mcc,stat_par,eq_odds,ao,acc,model,fairness_method
0.7062322518691267,0.7233333333333334,0.7034239622722894,0.3103474024737393,-0.1171756551873511,-0.057471264367816,-0.0697984341162751,0.7233333333333334,knn,NO_ONE
0.67425431711146,0.6666666666666666,0.67,0.2510510963307666,-0.0268572666233485,-0.0022988505747126,0.0262257760008884,0.6666666666666666,tree,NO_ONE
0.7581296992481202,0.7666666666666667,0.7585524885894371,0.43835460617288535,-0.22871994801819362,-0.2080459770114943,-0.14669609639624637,0.7666666666666667,logreg,NO_ONE
0.7084499140349291,0.7233333333333334,0.6864913622247538,0.2903887279713807,-0.08295429932856835,-0.07011494252873562,-0.03827808318063192,0.7233333333333334,svm,NO_ONE
0.7472,0.7533333333333333,0.7269712147727958,0.38348249442368526,-0.07580680095299985,-0.0367816091954023,-0.015170192681437045,0.7533333333333333,forest,NO_ONE
