precision,recall,f1score,mcc,stat_par,eq_odds,ao,acc,model,fairness_method
0.7056279323513366,0.7233333333333334,0.707974675657671,0.2994703087618331,-0.2264267990074442,-0.1555104800540905,-0.2421696544414597,0.7233333333333334,knn,NO_ONE
0.6890646195909353,0.69,0.6895247081023705,0.2687995864024995,-0.0285359801488833,-0.0520622041920215,0.001746675681767,0.69,tree,NO_ONE
0.7335173645487546,0.7433333333333333,0.7364091580975393,0.3704992321066996,-0.1547766749379652,-0.17342799188640967,-0.12124853047773937,0.7433333333333333,logreg,NO_ONE
0.6943036603855317,0.7166666666666667,0.6943833489585659,0.26756033145943364,-0.11910669975186106,-0.06727518593644355,-0.12823218756281635,0.7166666666666667,svm,NO_ONE
0.7235555555555555,0.74,0.7219172932330826,0.3361455542053771,-0.10700992555831268,-0.00845165652467883,-0.1341057081422193,0.74,forest,NO_ONE
