precision,recall,f1score,mcc,stat_par,eq_odds,ao,acc,model,fairness_method
0.7211900330851944,0.7433333333333333,0.7215677928247493,0.2983384801651552,-0.0520369736391645,-0.02,0.0030208333333333,0.7433333333333333,knn,NO_ONE
0.7243226110265885,0.7233333333333334,0.7238198448724764,0.3211666854532435,-0.0979116740842177,-0.0505263157894736,-0.0293554197994987,0.7233333333333334,tree,NO_ONE
0.756453634085213,0.7633333333333333,0.7591443946103748,0.39912888698538906,-0.26566244436836706,-0.24421052631578943,-0.18162907268170425,0.7633333333333333,logreg,NO_ONE
0.7422045680238332,0.76,0.7404856013551665,0.3487998943975053,-0.2791852105443341,-0.25684210526315787,-0.21845081453634085,0.76,svm,NO_ONE
0.7628854410616706,0.7766666666666666,0.76075495604073,0.4012098977270761,-0.13899349537829508,-0.08105263157894738,-0.06768405388471177,0.7766666666666666,forest,NO_ONE
