precision,recall,f1score,mcc,stat_par,eq_odds,ao,acc,model,fairness_method
0.7375354657992229,0.7433333333333333,0.7235402298850575,0.3937912668556418,-0.2319999999999999,-0.152987012987013,-0.151017316017316,0.7433333333333333,logreg,NO_ONE
0.7292241290720379,0.72,0.6740869565217391,0.3265785045309007,-0.188,-0.0509090909090909,-0.133073593073593,0.72,svm,NO_ONE
0.6885983168943987,0.7,0.6581799529298172,0.2651840335904757,-0.164,-0.0166233766233766,-0.1159307359307359,0.7,forest,NO_ONE
0.6771590413943356,0.6933333333333334,0.652918759467432,0.24673849307080226,-0.15600000000000003,-0.15870129870129868,-0.11339826839826839,0.6933333333333334,knn,NO_ONE
0.6433117589781775,0.66,0.6473431831326568,0.2052406116363183,-0.09199999999999997,0.018181818181818188,-0.043051948051948064,0.66,tree,NO_ONE
