precision,recall,f1score,mcc,stat_par,eq_odds,ao,acc,model,fairness_method
0.7297232788841651,0.7333333333333333,0.7313932980599648,0.3389554127694255,-0.0817216400590759,-0.0186849991186321,-0.0007218099041436,0.7333333333333333,logreg,NO_ONE
0.7409648581292726,0.7566666666666667,0.7426895526422489,0.3573820517578355,-0.1266615092481889,-0.0197426405781773,-0.0615954582201231,0.7566666666666667,svm,NO_ONE
0.7405240027045301,0.7533333333333333,0.7438953273930852,0.361045358086366,-0.1187143962303959,-0.0733298078618015,-0.0360491403841027,0.7533333333333333,forest,NO_ONE
0.6922669912241368,0.71,0.6981567750142562,0.24412879763187845,-0.2072578943666924,-0.19143310417768378,-0.15544561612825075,0.71,knn,NO_ONE
0.6710670194003527,0.6733333333333333,0.672171454628363,0.19569281441385955,0.053168295942049304,0.14912744579587522,0.09365239284867649,0.6733333333333333,tree,NO_ONE
