precision,recall,f1score,mcc,stat_par,eq_odds,ao,acc,model,fairness_method
0.7321066666666667,0.7466666666666667,0.7208175984582897,0.342685147574115,-0.1178957638832425,0.0379424497071555,-0.0312519894321365,0.7466666666666667,knn,NO_ONE
0.6811070057233934,0.6866666666666666,0.6836132559419209,0.2498077510482066,-0.1452150581348077,0.0234275528393175,-0.0708755092946269,0.6866666666666666,tree,NO_ONE
0.7592981046145603,0.77,0.7559782529902138,0.42027438749019436,-0.16367184323928785,-0.051948051948051965,-0.04941152597402598,0.77,logreg,NO_ONE
0.7616797900262468,0.7666666666666667,0.7393939393939395,0.3991236468495219,-0.1826164728839743,-0.1476954418130889,-0.09058879233511591,0.7666666666666667,svm,NO_ONE
0.760170384809761,0.77,0.7519111891546005,0.41497649204314363,-0.11439954467842917,-0.015024191494779737,-0.00304781003310417,0.77,forest,NO_ONE
