precision,recall,f1score,mcc,stat_par,eq_odds,ao,acc,model,fairness_method
0.7555743267634106,0.77,0.7539759146761335,0.3881994314309307,-0.2202729044834308,-0.1761258998828059,-0.1653478961779621,0.77,logreg,NO_ONE
0.7294553376906319,0.75,0.7218053679259103,0.311720771626971,-0.1613601905999566,-0.1210447011551983,-0.1236943935883518,0.75,svm,NO_ONE
0.7295013035068539,0.75,0.7237848368243951,0.3148721012417177,-0.1747888239116309,-0.1513477314582287,-0.1307813926108348,0.75,forest,NO_ONE
0.6997866666666667,0.7266666666666667,0.7010936443542936,0.25053734904970676,-0.18410223088585664,-0.12372342206596354,-0.16199611963513233,0.7266666666666667,knn,NO_ONE
0.686760033444816,0.68,0.6831183769103786,0.23382176015348355,-0.14121724063244534,-0.07651096601372842,-0.11218021418965993,0.68,tree,NO_ONE
