precision,recall,f1score,mcc,stat_par,eq_odds,ao,acc,model,fairness_method
0.702046783625731,0.7166666666666667,0.7039273832241886,0.3123629684135021,-0.0279854585362507,-0.0159414853713427,0.0400392075630848,0.7166666666666667,logreg,NO_ONE
0.7125907255332411,0.7266666666666667,0.6961844990244002,0.3114614010643907,-0.0007545099115164,-0.0534508627156788,0.0673044193884292,0.7266666666666667,svm,NO_ONE
0.745949074074074,0.75,0.7212201591511938,0.3786652327562208,-0.107826325536731,-0.0386346586646662,-0.0476755382875569,0.75,forest,NO_ONE
0.6939047619047618,0.7133333333333334,0.6871655701754387,0.280247991566917,-0.16084779477330413,-0.062453113278319594,-0.12276884519637371,0.7133333333333334,knn,NO_ONE
0.6867881944444444,0.6766666666666666,0.6808393537099927,0.28327173783613874,0.04033198436106722,0.00937734433608406,0.11812150798893753,0.6766666666666666,tree,NO_ONE
