precision,recall,f1score,mcc,stat_par,eq_odds,ao,acc,model,fairness_method
0.670640898327095,0.6966666666666667,0.6673575499635411,0.2255852137917997,-0.1119727047146402,-0.0765550239234449,-0.1124401913875597,0.6966666666666667,knn,NO_ONE
0.6625900681596885,0.6766666666666666,0.6674285714285714,0.222594783974641,-0.1699751861042183,-0.1998936735778841,-0.1419837472469051,0.6766666666666666,tree,NO_ONE
0.6970869489255139,0.71,0.7005271351409891,0.3003623110646555,-0.2943548387096774,-0.2711323763955342,-0.28286625655046704,0.71,logreg,NO_ONE
0.7059596314790071,0.7233333333333334,0.7018137006161653,0.30777956940439016,-0.2040942928039703,-0.15470494417862835,-0.20448849396217816,0.7233333333333334,svm,NO_ONE
0.7305055216407161,0.7433333333333333,0.7248631939152564,0.36361068665115454,-0.10297766749379655,0.014354066985645897,-0.12679425837320576,0.7433333333333333,forest,NO_ONE
