precision,recall,f1score,mcc,stat_par,eq_odds,ao,acc,model,fairness_method
0.8345686798459773,0.8410112773641926,0.8360433359226547,0.5531895950305984,-0.07833305300234489,-0.03770389023074161,-0.032723695203868454,0.8410112773641926,logreg,NO_ONE
0.8275143470293918,0.8351146163484927,0.8288698324727288,0.5328947573112858,-0.07890893080561728,-0.06013566986998298,-0.04335886493057392,0.8351146163484927,svm,NO_ONE
0.8381185313399272,0.8426328591435099,0.8397139532401843,0.5649767676678157,-0.09294955571286073,-0.054304948866848224,-0.04673978284699043,0.8426328591435099,forest,NO_ONE
