precision,recall,f1score,mcc,stat_par,eq_odds,ao,acc,model,fairness_method
0.8384484735516716,0.844696690499005,0.8398439412010004,0.5614030063132498,-0.07862623123929813,-0.018602710557361957,-0.025497546277070876,0.844696690499005,logreg,NO_ONE
0.8220847170817213,0.830176162747844,0.8238144504895742,0.5162745853264813,-0.0688220833590315,-0.0049862087959517964,-0.016904941406432204,0.830176162747844,svm,NO_ONE
0.8356917786308748,0.8410112773641926,0.8374116913180276,0.5556831760517412,-0.10179829832381401,-0.08437914917931033,-0.06525950455953283,0.8410112773641926,forest,NO_ONE
