precision,recall,f1score,mcc,stat_par,eq_odds,ao,acc,model,fairness_method
0.8416647224632812,0.8479398540576398,0.8428323478770585,0.5682955648297403,-0.05869946561893563,0.02059389019440283,0.004924363644515831,0.8479398540576398,logreg,NO_ONE
0.8304899565121238,0.8384314881698238,0.831314353149374,0.5357333917296196,-0.05891765440242119,-0.0077440717795342895,-0.008969422287242276,0.8384314881698238,svm,NO_ONE
0.8368273825970177,0.8416746517284588,0.8385189575859464,0.557929127905523,-0.08320166768812653,-0.011600085451826558,-0.02243933097624752,0.8416746517284588,forest,NO_ONE
