precision,recall,f1score,mcc,stat_par,eq_odds,ao,acc,model,fairness_method
0.8399182330452588,0.8463919805410186,0.8409692772637851,0.5649729325326545,-0.050041074730635404,0.027848198112505274,0.00954539290194261,0.8463919805410186,logreg,NO_ONE
0.8259318037946226,0.834303825458834,0.8267739231016323,0.5250925588120433,-0.059668465980018626,-0.0007164953143481423,-0.010146857653496218,0.834303825458834,svm,NO_ONE
0.8365352974771393,0.8412324021522812,0.8381952368909442,0.559103364890399,-0.08364455427913509,-0.016683071273190464,-0.027789239261323217,0.8412324021522812,forest,NO_ONE
