precision,recall,f1score,mcc,stat_par,eq_odds,ao,acc,model,fairness_method
0.842846089895391,0.8487506449472986,0.8441110215023327,0.5732093949871897,-0.06431245355354451,0.031886479359883646,0.007837135553076451,0.8487506449472986,logreg,NO_ONE
0.8264055773139154,0.8338615758826564,0.8281069006675,0.5283671735606844,-0.06045153478767168,0.006375022731405777,-0.002942444591242682,0.8338615758826564,svm,NO_ONE
0.8380453987767984,0.8425591508808138,0.8396664032469637,0.5625676101656462,-0.09690384744495298,-0.03616566648481545,-0.03887347064204166,0.8425591508808138,forest,NO_ONE
