precision,recall,f1score,mcc,stat_par,eq_odds,ao,acc,model,fairness_method
0.8376524268298279,0.8441807326601312,0.8385875326984872,0.5628571408036857,-0.06849691686970663,0.02041525066355765,-0.0016017588137829143,0.8441807326601312,logreg,NO_ONE
0.8294521018769303,0.8373258642293802,0.8295481669886235,0.5379416423491823,-0.07020660189901803,-0.01003452333317878,-0.01682217624791394,0.8373258642293802,svm,NO_ONE
0.832794102816577,0.8386526129579126,0.8344554643946682,0.5522045136349077,-0.09182003060285385,-0.014485563509020083,-0.029559050847124867,0.8386526129579126,forest,NO_ONE
