precision,recall,f1score,mcc,stat_par,eq_odds,ao,acc,model,fairness_method
0.8387247607494978,0.8447703987617012,0.8400840882941805,0.5649832498230006,-0.05294753344029815,0.06950418264968439,0.02893356149727829,0.8447703987617012,logreg,NO_ONE
0.8294057359095164,0.8366624898651139,0.8307912644225501,0.5389113910003116,-0.05666278999718102,0.06092272850960734,0.02135792909330167,0.8366624898651139,svm,NO_ONE
0.8368620923129176,0.8412324021522812,0.8384534920793821,0.5622800469004612,-0.091922731493042,-0.0009161890048541288,-0.022012996454042706,0.8412324021522812,forest,NO_ONE
