precision,recall,f1score,mcc,stat_par,eq_odds,ao,acc,model,fairness_method
0.8441762007901543,0.850372226726616,0.844910237588028,0.5766659537115612,-0.05951958477516281,0.04957038268599345,0.016690590892735595,0.850372226726616,logreg,NO_ONE
0.8271406397641575,0.8353357411365814,0.8279064146276857,0.5291009432167836,-0.06139524190298151,0.0034032904705667555,-0.0060606351320932166,0.8353357411365814,svm,NO_ONE
0.836375126327205,0.8418220682538513,0.8380450350638667,0.5586064367188117,-0.07626027490157211,0.03281343810409787,-0.0003314615932384739,0.8418220682538513,forest,NO_ONE
