precision,recall,f1score,mcc,stat_par,eq_odds,ao,acc,model,fairness_method
0.8407629437198474,0.8466131053291074,0.8422415755212692,0.5668263127231249,-0.048774572741019734,0.06908558497437223,0.02991882237873928,0.8466131053291074,logreg,NO_ONE
0.8297432762797606,0.8371047394412914,0.8312874959695772,0.535685154705593,-0.051772377634005745,0.04650205941443475,0.01692805524883457,0.8371047394412914,svm,NO_ONE
0.8329320797163284,0.8379155303309501,0.8347110366024496,0.5472844261556826,-0.08109833675983741,0.007182782332368909,-0.014838006964892507,0.8379155303309501,forest,NO_ONE
