precision,recall,f1score,mcc,stat_par,eq_odds,ao,acc,model,fairness_method
0.8405483693048255,0.8469816466425887,0.8411246022771021,0.5699524527400431,-0.05928951784557093,0.010204443702319987,0.00031016769318252535,0.8469816466425887,logreg,NO_ONE
0.8292872239270527,0.8368099063905063,0.8302098856116619,0.5397018241586963,-0.05593438673553111,0.02350632951023257,0.005746814594483521,0.8368099063905063,svm,NO_ONE
0.8393839461679878,0.8446229822363087,0.840895621170415,0.5701326524159571,-0.09506476559328197,-0.03505077175149507,-0.0383857261792276,0.8446229822363087,forest,NO_ONE
