precision,recall,f1score,mcc,stat_par,eq_odds,ao,acc,model,fairness_method
0.8392494080167621,0.8453600648632712,0.8405708241621741,0.5654568960547398,-0.06839911209975544,0.029657530905681462,0.0022081612592804237,0.8453600648632712,logreg,NO_ONE
0.8264569089894156,0.8343775337215302,0.8276639096156727,0.529148932016958,-0.07681759760715473,-0.01027244692785878,-0.021350034011123332,0.8343775337215302,svm,NO_ONE
0.8322565557268292,0.8373258642293802,0.834015221923447,0.5487857507676446,-0.09237252927088227,-0.020590419103260982,-0.03252913534961917,0.8373258642293802,forest,NO_ONE
