precision,recall,f1score,mcc,stat_par,eq_odds,ao,acc,model,fairness_method
0.8380480218891077,0.8444018574482199,0.8392007368645492,0.5634432226313756,-0.07053534584714108,0.030807342946071237,0.006405310593046557,0.8444018574482199,logreg,NO_ONE
0.82679409478487,0.8347460750350114,0.8276954678778992,0.5313235351553258,-0.08048155130622137,-0.049669341576855985,-0.03480453425909063,0.8347460750350114,svm,NO_ONE
0.8358758496582742,0.8408638608388,0.8375268931345979,0.5601631362460249,-0.09136940713591496,0.014369702230973891,-0.01204661038919163,0.8408638608388,forest,NO_ONE
