precision,recall,f1score,mcc,stat_par,eq_odds,ao,acc,model,fairness_method
0.8421531942691338,0.8483083953711211,0.8433117001925658,0.570674585921605,-0.06550670898486266,0.015670353208602883,-0.0004562781477821694,0.8483083953711211,logreg,NO_ONE
0.8278965418526799,0.8359991155008476,0.8288732723822092,0.5299685991441784,-0.07751031458618707,-0.06679270851547475,-0.04357754272292732,0.8359991155008476,svm,NO_ONE
0.8360901034068726,0.8407164443134075,0.8377585797280949,0.5571118689037391,-0.0912570308458254,-0.019658157020458145,-0.029965447889220984,0.8407164443134075,forest,NO_ONE
