precision,recall,f1score,mcc,stat_par,eq_odds,ao,acc,model,fairness_method
0.8438862820584975,0.8497088523623498,0.845100357317431,0.5764063010771693,-0.05780687406580273,0.04238009848606816,0.016789651515753116,0.8497088523623498,logreg,NO_ONE
0.8297629433501801,0.8376944055428613,0.830540040950573,0.535379037214543,-0.06482666222181868,0.019556202013024104,7.183561381286091e-05,0.8376944055428613,svm,NO_ONE
0.8400303924723681,0.8440333161347388,0.8415398820855498,0.5686470710599851,-0.10218741629208433,-0.03247708561181828,-0.039430366534429995,0.8440333161347388,forest,NO_ONE
