precision,recall,f1score,mcc,stat_par,eq_odds,ao,acc,model,fairness_method
0.8405001130539766,0.8465393970664111,0.8416089182911394,0.5712188287801594,-0.05601066077807626,0.038816194822418715,0.01420849931989357,0.8465393970664111,logreg,NO_ONE
0.8274392700041839,0.8349671998231002,0.8286550642615824,0.5352326293135715,-0.0621436902098208,0.02603932789607244,0.0029675386604390494,0.8349671998231002,svm,NO_ONE
0.8352373962346472,0.8404216112626225,0.8368868953875542,0.5592916257568119,-0.08635946973764175,-0.012854144257981037,-0.0247108903085111,0.8404216112626225,forest,NO_ONE
