precision,recall,f1score,mcc,stat_par,eq_odds,ao,acc,model,fairness_method
0.6552312400195012,0.6493787142085359,0.6369174101136347,0.2915028898907308,-0.031189695719071486,0.016705502025736396,-0.0033796088903206845,0.6493787142085359,logreg,NO_ONE
0.6141933504553003,0.6034575904916262,0.5723439205703079,0.19610725978261526,-0.02038831454198342,-0.00817851669920433,-0.0003790532909569433,0.6034575904916262,svm,NO_ONE
0.6016542614180715,0.6039978390059427,0.597564840392908,0.19482708686126446,-0.01972062554354259,0.011659004555282682,-1.7698306594149393e-06,0.6039978390059427,forest,NO_ONE
0.5477613655334531,0.5542949756888168,0.5380539962865772,0.08548681513726161,-0.011206625944927828,-0.01697420072632616,0.00040276372896702606,0.5542949756888168,knn,NO_ONE
0.5448805922575594,0.548892490545651,0.5444593848030189,0.08336914887069094,-0.011862736521430328,-0.016348636564015417,-0.00016213710697643435,0.548892490545651,cart,NO_ONE
