precision,recall,f1score,mcc,stat_par,eq_odds,ao,acc,model,fairness_method
0.662162516002682,0.6585629389519179,0.6459487952766576,0.30305404951945264,-0.025062134852673834,-0.001003794834129046,0.0010447221145307162,0.6585629389519179,logreg,NO_ONE
0.633476447126607,0.6272285251215559,0.6035201734272421,0.23640185098531194,-0.020931880545907333,-0.002521728485738728,-0.0018684647731389004,0.6272285251215559,svm,NO_ONE
0.6270780757868888,0.6299297676931388,0.6253945968224814,0.24393751969350985,-0.02376641950659364,0.007793691598318775,-0.00380863365289541,0.6299297676931388,forest,NO_ONE
0.6106944489240426,0.6137223122636413,0.6022511559330115,0.2060934447703728,-0.018734854225557873,-0.0015913820541070267,-0.0008233092329748559,0.6137223122636413,knn,NO_ONE
0.6007221971086677,0.6034575904916262,0.6010152215341193,0.19249608769296178,-0.01790466535112334,-0.0008854612967723607,-0.00038749423654349524,0.6034575904916262,cart,NO_ONE
