precision,recall,f1score,mcc,stat_par,eq_odds,ao,acc,model,fairness_method
0.6127185250194248,0.6191247974068071,0.6037442472822631,0.20166264668734019,-0.021668106393677222,-0.015460840269671206,0.0016352673917715,0.6191247974068071,logreg,NO_ONE
0.6248894499698259,0.6288492706645057,0.6098677048254592,0.2216791018077193,-0.022021376722837438,0.013639457463676896,-0.004484473664317978,0.6288492706645057,svm,NO_ONE
0.6122990509803788,0.6169638033495408,0.6127070007288798,0.20843918018963006,-0.021536597001070135,0.0007947160886279114,5.526718498172212e-05,0.6169638033495408,forest,NO_ONE
0.6145753638177832,0.6196650459211237,0.6144860317271631,0.21252488938374156,-0.024192571008625485,-0.006099160795020264,-0.001137672594797745,0.6196650459211237,knn,NO_ONE
0.5780225754122797,0.5818476499189628,0.5791994506497306,0.13960046738656512,-0.013930970461959014,0.0014829630361956614,0.0005970431552686506,0.5818476499189628,cart,NO_ONE
