precision,recall,f1score,mcc,stat_par,eq_odds,ao,acc,model,fairness_method
0.6563296392619704,0.6547811993517018,0.6422461788530212,0.291428155396887,-0.028959237708198637,0.0026881720430107503,-0.0018316920617486576,0.6547811993517018,logreg,NO_ONE
0.6470636017508671,0.6353322528363047,0.6062183440871612,0.2530663445781834,-0.019907792247775724,-0.0014991728701405638,0.0029126038296366508,0.6353322528363047,svm,NO_ONE
0.6165054790554281,0.6202052944354403,0.6152999987563934,0.22136520004649113,-0.024471999014808565,-0.014784946236559127,0.0004183195925871741,0.6202052944354403,forest,NO_ONE
0.5972560905819382,0.602377093462993,0.5892885808711604,0.17783296429863868,-0.017683414919491325,-0.0012923904052936086,-0.0003642171264422456,0.602377093462993,knn,NO_ONE
0.5813925847654141,0.5834683954619124,0.5820868467796254,0.1524059705062663,-0.015940088051476176,-0.001809346567411052,-2.343439850865936e-06,0.5834683954619124,cart,NO_ONE
