precision,recall,f1score,mcc,stat_par,eq_odds,ao,acc,model,fairness_method
0.6374094944923684,0.631010264721772,0.6123401612868202,0.2502105632632208,-0.0176812415845794,-0.008798055527027504,-0.0013047127762374489,0.631010264721772,logreg,NO_ONE
0.6364893309904173,0.6223662884927067,0.5929302927170756,0.23567595113714218,-0.014326884463657263,-7.702577796042664e-05,-0.0007979357276228782,0.6223662884927067,svm,NO_ONE
0.6426128674726002,0.6434359805510534,0.6371643247835769,0.2745379667255346,-0.01707493759793388,0.013239875389408073,-0.0008477202186151778,0.6434359805510534,forest,NO_ONE
0.6158770091175367,0.6148028092922745,0.598890278814873,0.2133923034574174,-0.015299333065614706,6.846735818699656e-05,-0.002224050025291191,0.6148028092922745,knn,NO_ONE
0.6165352785402302,0.6175040518638574,0.6168574787596423,0.22710217734020008,-0.01726391546390138,-0.0028413953647598023,-0.0016505230151270256,0.6175040518638574,cart,NO_ONE
