precision,recall,f1score,mcc,stat_par,eq_odds,ao,acc,model,fairness_method
0.6203647723782352,0.6164235548352242,0.5997834211631108,0.22172187679982872,-0.019097078325735595,-0.010689773507206568,-0.001215037825096632,0.6164235548352242,logreg,NO_ONE
0.6155942936728549,0.6099405726634252,0.588895301971021,0.20858331309117564,-0.017365571902196453,-0.0009265614275909551,-0.0022156322983618026,0.6099405726634252,svm,NO_ONE
0.5844414044914836,0.5872501350621285,0.5830126629854818,0.16240255830275205,-0.015349150435142955,-0.021568291008922436,0.0005818465662288386,0.5872501350621285,forest,NO_ONE
0.5866478104131098,0.589411129119395,0.5803911959046011,0.16395333406162654,-0.01188613758806456,0.011993822923816011,-0.000607607726503756,0.589411129119395,knn,NO_ONE
0.5710231735952747,0.5737439222042139,0.5707373790106366,0.13623014071840311,-0.010431775797762222,0.003242964996568287,0.0002319097999866071,0.5737439222042139,cart,NO_ONE
