precision,recall,f1score,mcc,stat_par,eq_odds,ao,acc,model,fairness_method
0.6608477610157185,0.655861696380335,0.6417190865993084,0.29859329591826944,-0.02372159494711157,0.0026947212993724268,-0.0002448981026115793,0.655861696380335,logreg,NO_ONE
0.6363402239812265,0.6277687736358725,0.602278289182446,0.23955269817495498,-0.018724786598681376,0.004245108896271721,-0.0015471577835548533,0.6277687736358725,svm,NO_ONE
0.6184476269795507,0.6212857914640735,0.6177695895626738,0.2277571167485229,-0.02052477471074854,-0.012587670727205569,0.001079757742531856,0.6212857914640735,forest,NO_ONE
0.6075270327396153,0.6104808211777417,0.5983857749285902,0.19974037868430805,-0.016942888819399093,0.0053894425987448535,-0.001692532430134952,0.6104808211777417,knn,NO_ONE
0.5888987689748729,0.593192868719611,0.5873628054240588,0.16747548041536744,-0.015507291696278847,-0.007013658176448945,-0.0002847260766002946,0.593192868719611,cart,NO_ONE
