precision,recall,f1score,mcc,stat_par,eq_odds,ao,acc,model,fairness_method
0.6282848451534077,0.6261480280929227,0.6130682260495989,0.23992955834398358,-0.02912447489472314,0.012676664149314898,-0.005292216742909028,0.6261480280929227,logreg,NO_ONE
0.6195890108896812,0.6175040518638574,0.6023674042560413,0.2214719260062145,-0.024282761196702807,0.011867515373826798,-0.002081665069002092,0.6175040518638574,svm,NO_ONE
0.6148435883938775,0.6169638033495408,0.6139001201303076,0.2230294071463916,-0.029408453875161777,0.0017261840543747464,-0.004172023476424397,0.6169638033495408,forest,NO_ONE
0.5969905665401306,0.5996758508914101,0.5915070945412809,0.1841359954124011,-0.023011251707711344,-0.00792965799978429,-0.0008508756824627262,0.5996758508914101,knn,NO_ONE
0.6033151520196647,0.6056185845488925,0.6027579652932483,0.20014781459249528,-0.023407798932648438,0.01569748624447076,-0.0027226606292096722,0.6056185845488925,cart,NO_ONE
