precision,recall,f1score,mcc,stat_par,eq_odds,ao,acc,model,fairness_method
0.6388942154882332,0.6396542409508373,0.6300779742466549,0.26258360500004835,-0.023694316436251972,0.0039088820516151035,-0.0006443221806036736,0.6396542409508373,logreg,NO_ONE
0.6161768215576967,0.6158833063209076,0.5975434884341003,0.21066005003429486,-0.020480030721966247,-0.010983836793011847,-0.0006345442358315911,0.6158833063209076,svm,NO_ONE
0.6294105150880862,0.6315505132360886,0.6294651396163011,0.2506704235492198,-0.022019969278033846,0.008381974492819522,0.00041529724756628195,0.6315505132360886,forest,NO_ONE
0.6085606111716301,0.6121015667206915,0.6056673725419788,0.20606277337864284,-0.019066820276497753,0.003360907932229762,-0.0006631950511852835,0.6121015667206915,knn,NO_ONE
0.5865769640741048,0.586709886547812,0.5866418904564905,0.1649913581375615,-0.017211981566820245,-0.012810417190962875,0.0006563521591123056,0.586709886547812,cart,NO_ONE
