precision,recall,f1score,mcc,stat_par,eq_odds,ao,acc,model,fairness_method
0.6054423382129566,0.6034575904916262,0.5850756740739189,0.19238654762687057,-0.02196742810009389,-0.013799549178074688,0.00034684726106615216,0.6034575904916262,logreg,NO_ONE
0.620190260743855,0.6131820637493247,0.590780410842859,0.21538327172724614,-0.02371987853840174,-0.015347399315731813,0.0007395505348813391,0.6131820637493247,svm,NO_ONE
0.5986089869395806,0.6002160994057266,0.58910411028211,0.18543512390850564,-0.02405033318675376,-0.009841112760459625,-0.0028104807691870515,0.6002160994057266,forest,NO_ONE
0.6064032889112754,0.6072393300918423,0.5960905145374671,0.20036823192962466,-0.021595341370059806,-0.009409744689309218,0.0019668891626968277,0.6072393300918423,knn,NO_ONE
0.6014908919341325,0.6034575904916262,0.5947768773635873,0.19284600548522604,-0.018930888142402513,0.01952997796639555,-0.0007887706034438446,0.6034575904916262,cart,NO_ONE
