precision,recall,f1score,mcc,stat_par,eq_odds,ao,acc,model,fairness_method
0.6578250653773422,0.6428957320367369,0.6256118649403675,0.2895543257724968,-0.026123739134476853,-0.0007167985927879483,-0.00042124494747491914,0.6428957320367369,logreg,NO_ONE
0.6411798015207735,0.6180443003781739,0.5882515941579378,0.24341221781894856,-0.019356513116100316,0.008175021987686826,-0.00017342414944465645,0.6180443003781739,svm,NO_ONE
0.6127124477944083,0.6121015667206915,0.6045867915544823,0.217049830259549,-0.0213088210229474,-0.009063324538258644,0.0002697454734548743,0.6121015667206915,forest,NO_ONE
0.5988947819433074,0.5980551053484603,0.5874832082873606,0.18780631681808427,-0.019375881250096816,-0.00600703605980657,-0.0013821002320149045,0.5980551053484603,knn,NO_ONE
0.5966506984027407,0.5980551053484603,0.5955959289697427,0.1894590700175103,-0.02033654069632307,-0.0028232189973614874,-0.0018892364468959255,0.5980551053484603,cart,NO_ONE
