precision,recall,f1score,mcc,stat_par,eq_odds,ao,acc,model,fairness_method
0.6385153120649883,0.6326310102647218,0.6203634143086291,0.2609600381092982,-0.02383057916688669,-0.002679686106652479,-0.0027055310307519953,0.6326310102647218,logreg,NO_ONE
0.6181313088324183,0.602377093462993,0.5715124345727144,0.20343576161380791,-0.016953962303996595,-0.011253789905475209,-0.0007420582864368086,0.602377093462993,svm,NO_ONE
0.6053259172639294,0.6056185845488925,0.597898558020546,0.20230086863648214,-0.01754395227284722,-0.00577403245942576,3.48457550869985e-05,0.6056185845488925,forest,NO_ONE
0.6050464132695103,0.605078336034576,0.5966318031277499,0.20115197643300753,-0.018445435827041834,0.006634563937934823,-0.0029106426373076144,0.605078336034576,knn,NO_ONE
0.6003205696410233,0.6018368449486764,0.5994153114419138,0.19643271962230893,-0.015882213188321614,0.007923131799536298,-6.354961357868394e-06,0.6018368449486764,cart,NO_ONE
