precision,recall,f1score,mcc,stat_par,eq_odds,ao,acc,model,fairness_method
0.6344965702647398,0.6358725013506212,0.6259638796064612,0.2533966877138213,-0.024566022343823768,-0.012835337650323742,0.002510902603409526,0.6358725013506212,logreg,NO_ONE
0.6090702885750036,0.6126418152350082,0.6027815856904184,0.2040933358070043,-0.02199552911636482,0.00576516453019682,-0.00400053461801847,0.6126418152350082,svm,NO_ONE
0.6302965821123135,0.6326310102647218,0.6302737777613515,0.25181920514238104,-0.025189774177998392,-0.0024778644112594117,0.0006550071883096864,0.6326310102647218,forest,NO_ONE
0.5976644893235924,0.6018368449486764,0.5959013592163652,0.184346704779988,-0.01790604787659511,0.013710849742302078,-0.00253851452278836,0.6018368449486764,knn,NO_ONE
0.588538936662596,0.5910318746623446,0.5891010501016244,0.16800324865067018,-0.01924492920218035,-0.01227368838377163,-0.00022775328279492357,0.5910318746623446,cart,NO_ONE
