precision,recall,f1score,mcc,stat_par,eq_odds,ao,acc,model,fairness_method
0.6588561829881854,0.6596434359805511,0.6591387150845559,0.3107208822139844,0.12077251291264313,0.16811344899200742,0.139498901366752,0.6596434359805511,adversarial_debiasing,NO_ONE
