precision,recall,f1score,mcc,stat_par,eq_odds,ao,acc,model,fairness_method
0.675787932601293,0.6769313884386818,0.6753825395608974,0.34561116410988324,-0.17186749501964582,-0.10126322275854993,-0.1564645117083582,0.6769313884386818,adversarial_debiasing,NO_ONE
