precision,recall,f1score,mcc,stat_par,eq_odds,ao,acc,model,fairness_method
0.6527304249229763,0.6526202052944354,0.6526736023078666,0.2990498139502738,0.24480724782202018,0.3205397972032606,0.2590300639129221,0.6526202052944354,adversarial_debiasing,NO_ONE
