precision,recall,f1score,mcc,stat_par,eq_odds,ao,acc,model,fairness_method
0.6827397152439584,0.6823338735818476,0.6800898844990348,0.3607228282985673,-0.10290676955019451,-0.03239226033421283,-0.0735742096040094,0.6823338735818476,adversarial_debiasing,NO_ONE
