precision,recall,f1score,mcc,stat_par,eq_odds,ao,acc,model,fairness_method
0.6755766759923594,0.6763911399243652,0.674609003854127,0.34593052487913534,-0.10029916079569001,-0.0486959505833906,-0.07614437859816572,0.6763911399243652,adversarial_debiasing,NO_ONE
