precision,recall,f1score,mcc,stat_par,eq_odds,ao,acc,model,fairness_method
0.6670043369562596,0.6677471636952999,0.6655950508321852,0.32865593747079624,-0.11144908266310016,-0.03513875877716943,-0.08689174780963735,0.6677471636952999,adversarial_debiasing,NO_ONE
