precision,recall,f1score,mcc,stat_par,eq_odds,ao,acc,model,fairness_method
0.6390203769486105,0.640194489465154,0.6360865296562966,0.27050484970775157,0.09958133737858388,0.15717445455199042,0.12694650822715237,0.640194489465154,adversarial_debiasing,NO_ONE
