precision,recall,f1score,mcc,stat_par,eq_odds,ao,acc,model,fairness_method
0.6714379012905225,0.6720691518098325,0.6716101756328194,0.33844332204878785,-0.13291594609373159,-0.07799339667138327,-0.09450377005021879,0.6720691518098325,adversarial_debiasing,NO_ONE
