precision,recall,f1score,mcc,stat_par,eq_odds,ao,acc,model,fairness_method
0.6616870468428475,0.6634251755807672,0.659364435984125,0.31310123631300835,-0.164160733013192,-0.09896120733530123,-0.13633524754739293,0.6634251755807672,adversarial_debiasing,NO_ONE
