precision,recall,f1score,mcc,stat_par,eq_odds,ao,acc,model,fairness_method
0.6947946333566253,0.6958400864397623,0.694865382828793,0.38305408359529286,-0.26699057092927236,-0.2067003792667509,-0.2255840831907984,0.6958400864397623,adversarial_debiasing,NO_ONE
