precision,recall,f1score,mcc,stat_par,eq_odds,ao,acc,model,fairness_method
0.6729388952950417,0.6736898973527823,0.673181103027191,0.33970397339283587,-0.1293333333333333,-0.07606837606837613,-0.08258547008547013,0.6736898973527823,adversarial_debiasing,NO_ONE
