precision,recall,f1score,mcc,stat_par,eq_odds,ao,acc,model,fairness_method
0.6777171624397966,0.6769313884386818,0.6715495730164894,0.34441300301635724,-0.30173914630362986,-0.21777467885971735,-0.2701095616520809,0.6769313884386818,adversarial_debiasing,NO_ONE
