precision,recall,f1score,mcc,stat_par,eq_odds,ao,acc,model,fairness_method
0.659167634742522,0.662344678552134,0.6590586896746555,0.30370665130230656,-0.16947147427352705,-0.09116351412886092,-0.15288374025933568,0.662344678552134,adversarial_debiasing,NO_ONE
