precision,recall,f1score,mcc,stat_par,eq_odds,ao,acc,model,fairness_method
0.6835064791523772,0.681793625067531,0.6760174577017322,0.3552446601058327,-0.22966837630062376,-0.12048429319371723,-0.1986842614337462,0.681793625067531,adversarial_debiasing,NO_ONE
