precision,recall,f1score,mcc,stat_par,eq_odds,ao,acc,model,fairness_method
0.6740756518854658,0.6753106428957321,0.6700526757461187,0.33536932014612153,-0.28239995528727924,-0.19580378250591013,-0.26275453789100944,0.6753106428957321,adversarial_debiasing,NO_ONE
