precision,recall,f1score,mcc,stat_par,eq_odds,ao,acc,model,fairness_method
0.6611755311854735,0.662344678552134,0.6594270391957866,0.3151530779658708,-0.1133261447507855,-0.05844240837696335,-0.07054351823806845,0.662344678552134,logreg,NO_ONE
0.6478799775424607,0.646677471636953,0.6378862835184377,0.28200807894885804,-0.15373217572366094,-0.07726876090750434,-0.1288547661286833,0.646677471636953,svm,NO_ONE
0.6503021529337425,0.6504592112371691,0.6503759372313807,0.29553182653658616,-0.16247745821636395,-0.13542757417102969,-0.11316833254006031,0.6504592112371691,forest,NO_ONE
