precision,recall,f1score,mcc,stat_par,eq_odds,ao,acc,model,fairness_method
0.661834424571869,0.6628849270664505,0.6603186746588493,0.3172516463523821,-0.08730158730158721,-0.06783354084857773,-0.05162786800118016,0.6628849270664505,logreg,NO_ONE
0.6535915293655065,0.6547811993517018,0.6519674010744685,0.3005690529979564,-0.12010699068221198,-0.05622066851834118,-0.0990743574026865,0.6547811993517018,svm,NO_ONE
0.6561727291351175,0.6564019448946515,0.6562750736437601,0.3078488842374999,-0.06280142342089245,-0.03333014079111196,-0.030297775837762442,0.6564019448946515,forest,NO_ONE
