precision,recall,f1score,mcc,stat_par,eq_odds,ao,acc,model,fairness_method
0.6579047539244004,0.6580226904376013,0.6552946180241628,0.31067811965270564,-0.09837312645929053,-0.01802397397310318,-0.06761716975054996,0.6580226904376013,logreg,NO_ONE
0.6350039380096645,0.6342517558076716,0.6285297295535266,0.262068331599769,-0.13360698953076755,-0.08010461791842816,-0.1047620869933528,0.6342517558076716,svm,NO_ONE
0.6442195445415354,0.6445164775796867,0.6443311296741693,0.28574427041486333,-0.11145778413798302,-0.06884833301437632,-0.07286228738137901,0.6445164775796867,forest,NO_ONE
