precision,recall,f1score,mcc,stat_par,eq_odds,ao,acc,model,fairness_method
0.663244041567877,0.6639654240950837,0.6608589606986569,0.3196116213985167,-0.15389223156135656,-0.02625507567368035,-0.1433253400346424,0.6639654240950837,logreg,NO_ONE
0.6570866359900681,0.6569421934089681,0.6517722348841788,0.3048931640726433,-0.14158772067043368,-0.05163344407530457,-0.12203650225743251,0.6569421934089681,svm,NO_ONE
0.6281243224007015,0.6283090221501891,0.6282100763824474,0.25165104919376313,-0.16489952269943797,-0.10094822812846072,-0.14491367450379078,0.6283090221501891,forest,NO_ONE
