precision,recall,f1score,mcc,stat_par,eq_odds,ao,acc,model,fairness_method
0.6694570842877736,0.6693679092382496,0.6667411562632931,0.33363694962736534,-0.16734472934472933,-0.10576856047403282,-0.1259131447538495,0.6693679092382496,logreg,NO_ONE
0.6611550804247451,0.6596434359805511,0.6548074016578085,0.3142071757973423,-0.11861538461538457,-0.07183106773556402,-0.07598210231870142,0.6596434359805511,svm,NO_ONE
0.6428096136038965,0.6434359805510534,0.6429053244633541,0.2826577602842821,-0.09896296296296303,-0.05481003834088538,-0.0597452821703881,0.6434359805510534,forest,NO_ONE
