precision,recall,f1score,mcc,stat_par,eq_odds,ao,acc,model,fairness_method
0.6767030584553704,0.678011885467315,0.6769720140933365,0.34512991022124756,-0.10587413369103504,-0.02844401461422741,-0.07767265108393773,0.678011885467315,logreg,NO_ONE
0.6708362174410349,0.6726094003241491,0.6684271903384206,0.3302687225446154,-0.15988710038005816,-0.10312164195142914,-0.12854508420890481,0.6726094003241491,svm,NO_ONE
0.6562178108135119,0.6553214478660183,0.6556932812255285,0.30399279335838125,-0.12810753409344966,-0.07329142488716955,-0.09853412446075216,0.6553214478660183,forest,NO_ONE
