precision,recall,f1score,mcc,stat_par,eq_odds,ao,acc,model,fairness_method
0.6824336762460531,0.6812533765532145,0.6781971898800584,0.35882405274576823,-0.10410202721994866,-0.04536536952407333,-0.04725221225383183,0.6812533765532145,logreg,NO_ONE
0.6661139978044228,0.6645056726094003,0.660276905014444,0.32494890521195596,-0.1367735795184163,-0.0776265983474127,-0.08891895038981928,0.6645056726094003,svm,NO_ONE
0.6519975895002995,0.6526202052944354,0.651921994871463,0.3013003810239754,-0.12463881222042439,-0.061325762821400565,-0.08187000275224593,0.6526202052944354,forest,NO_ONE
