precision,recall,f1score,mcc,stat_par,eq_odds,ao,acc,model,fairness_method
0.6595416886346537,0.6596434359805511,0.6595917927914857,0.30611942720495183,-0.16551697325157733,-0.11267274150554352,-0.13735315163273884,0.6596434359805511,logreg,NO_ONE
0.6560560175407597,0.6580226904376013,0.6566485908859951,0.2986438105118733,-0.15375344352617082,-0.08262940583573375,-0.13436625629946844,0.6580226904376013,svm,NO_ONE
0.654601678837774,0.6509994597514857,0.6521644512130303,0.29545816183736034,-0.15443659468586157,-0.10032181979114974,-0.1280781920226059,0.6509994597514857,forest,NO_ONE
