precision,recall,f1score,mcc,stat_par,eq_odds,ao,acc,model,fairness_method
0.6580414369366515,0.6591031874662344,0.6577542142604039,0.3113030267882429,-0.14931569429903868,-0.07131522716726912,-0.12082354721018396,0.6591031874662344,logreg,NO_ONE
0.6494099633226645,0.6504592112371691,0.6474748389003585,0.29245400390960513,-0.10676691729323307,-0.05621466175535483,-0.07242293796817459,0.6504592112371691,svm,NO_ONE
0.6357509991011348,0.6342517558076716,0.6346907135274276,0.2669864662682524,-0.12832778147901397,-0.09597108207352067,-0.09191796806594865,0.6342517558076716,forest,NO_ONE
