precision,recall,f1score,mcc,stat_par,eq_odds,ao,acc,model,fairness_method
0.6685276316715821,0.6693679092382496,0.6676853907940056,0.33223210936181524,-0.1316929577799143,-0.05871161790640933,-0.10250247233053292,0.6693679092382496,logreg,NO_ONE
0.6629133611987831,0.6634251755807672,0.66047410026141,0.31955907826167596,-0.1292893684198032,-0.06605585485468557,-0.09951368048025999,0.6634251755807672,svm,NO_ONE
0.6464787486454296,0.6472177201512695,0.6466421350429887,0.288989578025929,-0.08209592992201686,-0.013094001401203093,-0.057675654950015615,0.6472177201512695,forest,NO_ONE
