precision,recall,f1score,mcc,stat_par,eq_odds,ao,acc,model,fairness_method
0.664716115035036,0.6655861696380335,0.6625374774166523,0.3223344089300832,-0.14411283032712174,-0.056502416532414945,-0.11215182880895083,0.6655861696380335,logreg,NO_ONE
0.6461942166525919,0.6472177201512695,0.6428702116451434,0.2841572450779288,-0.17226178814434356,-0.0839675573579245,-0.14967573014696264,0.6472177201512695,svm,NO_ONE
0.6443819654909747,0.6455969746083198,0.644437684579939,0.2835039452553358,-0.13582794055908354,-0.07042386534081435,-0.10270753330021176,0.6455969746083198,forest,NO_ONE
