precision,recall,f1score,mcc,stat_par,eq_odds,ao,acc,model,fairness_method
0.6692973858815741,0.6704484062668827,0.6678870329236526,0.3315317785179835,-0.13822289541398247,-0.08148783823647732,-0.09466058578490533,0.6704484062668827,logreg,NO_ONE
0.6648088595212278,0.6650459211237169,0.6600652886731049,0.31964903952895524,-0.08689891782396841,-0.008098903161790294,-0.05382722935867296,0.6650459211237169,svm,NO_ONE
0.6575480299332496,0.6574824419232848,0.6575144687229355,0.3098741687321325,-0.1631822910013322,-0.1211081015849178,-0.11808182857023666,0.6574824419232848,forest,NO_ONE
