precision,recall,f1score,mcc,stat_par,eq_odds,ao,acc,model,fairness_method
0.668153260147151,0.6693679092382496,0.6683804504544252,0.329225910424658,-0.17459907770665573,-0.10203045685279188,-0.14252287332387134,0.6693679092382496,logreg,NO_ONE
0.6525102111782805,0.6542409508373852,0.6525378572335473,0.2972226664842751,-0.17765618188909538,-0.06651953211211648,-0.16652395948974322,0.6542409508373852,svm,NO_ONE
0.6575936459573495,0.655861696380335,0.6564371999585205,0.30800051603582274,-0.16258288021657835,-0.1368572059148091,-0.11604031328097927,0.655861696380335,forest,NO_ONE
