precision,recall,f1score,mcc,stat_par,eq_odds,ao,acc,model,fairness_method
0.6798054534276715,0.6807131280388979,0.6784400336403396,0.3530341277338991,-0.20544478788084652,-0.10558464223385688,-0.16852076227439236,0.6807131280388979,logreg,NO_ONE
0.6612198864141926,0.662344678552134,0.6592725225311343,0.3150682604225317,-0.15499926406485276,-0.07225130890052356,-0.11891448190771853,0.662344678552134,svm,NO_ONE
0.6442142850334532,0.6439762290653701,0.6440860580308055,0.2832640303732471,-0.15482377183746032,-0.12375654450261775,-0.10304530990000085,0.6439762290653701,forest,NO_ONE
