precision,recall,f1score,mcc,stat_par,eq_odds,ao,acc,model,fairness_method
0.6694522860570364,0.6699081577525662,0.6666642923528677,0.3317513199255409,-0.10115030822115112,-0.07591278777719457,-0.0405780505399464,0.6699081577525662,logreg,NO_ONE
0.6529654937034097,0.6520799567801189,0.6453976178763533,0.2949218634703667,-0.13127916578649212,-0.08754522313844348,-0.0878989223975474,0.6520799567801189,svm,NO_ONE
0.6443190280117126,0.6450567260940032,0.644529316401466,0.2841037987268325,-0.08185239951606393,-0.031990608261794784,-0.039902456245896806,0.6450567260940032,forest,NO_ONE
