precision,recall,f1score,mcc,stat_par,eq_odds,ao,acc,model,fairness_method
0.6842384368026837,0.6855753646677472,0.6838578597514025,0.36110590969476447,-0.16506826954467768,-0.09481668773704166,-0.12990134106740037,0.6855753646677472,logreg,NO_ONE
0.6658689374672234,0.6672069151809833,0.662956281134216,0.3215433247067749,-0.15586388339446555,-0.134007585335019,-0.11101639770952632,0.6672069151809833,svm,NO_ONE
0.6420570307554964,0.6423554835224203,0.6421942664244955,0.27703707445373355,-0.09739980412113758,-0.07206068268015176,-0.059384683076770556,0.6423554835224203,forest,NO_ONE
