precision,recall,f1score,mcc,stat_par,eq_odds,ao,acc,model,fairness_method
0.66487664794473,0.6639654240950837,0.658354874597972,0.3195560114372166,-0.053048657186788195,0.05021456256921364,-0.03430480662748106,0.6639654240950837,logreg,NO_ONE
0.638440945351249,0.6385737439222042,0.6319222302568631,0.2666687214346879,0.007241538502626876,0.07300895164267263,0.029817662634523123,0.6385737439222042,svm,NO_ONE
0.6292826826651579,0.6299297676931388,0.6295089433680673,0.25390770709636207,-0.1959545820472417,-0.13407853451458107,-0.1754183881364114,0.6299297676931388,forest,NO_ONE
0.6046314823597583,0.6061588330632091,0.6048193484485213,0.20398397455205255,-0.1380070126173697,-0.12326965669988921,-0.1104205426356589,0.6061588330632091,cart,NO_ONE
