precision,recall,f1score,mcc,stat_par,eq_odds,ao,acc,model,fairness_method
0.6615754708746805,0.6618044300378174,0.6573509368978524,0.31447009806491666,0.004512571990448078,0.0319174408581554,0.03796028653165742,0.6618044300378174,logreg,NO_ONE
0.6509932710360784,0.6509994597514857,0.6452010576799029,0.29202080381163775,-0.07711757269279396,-0.0313906713916291,-0.052542249168647026,0.6509994597514857,svm,NO_ONE
0.6509294422061714,0.6515397082658023,0.6511338606491589,0.297212186269816,-0.09982675469401125,-0.0534671008524088,-0.07372750353013272,0.6515397082658023,forest,NO_ONE
0.6062771324785939,0.6083198271204754,0.6060090913266025,0.20651698521981798,-0.07326637636372146,-0.02897232065894073,-0.05872312035035174,0.6083198271204754,cart,NO_ONE
