precision,recall,f1score,mcc,stat_par,eq_odds,ao,acc,model,fairness_method
0.653995162782273,0.6526202052944354,0.6475776330528182,0.2999805708468922,-0.020452662499058527,0.04536149434286141,0.013457093600536207,0.6526202052944354,logreg,NO_ONE
0.632747338334828,0.631010264721772,0.6235363311934395,0.2557123086234896,-0.019449047224523675,0.015559305717450456,0.015518549224808664,0.631010264721772,svm,NO_ONE
0.6486232688382012,0.6493787142085359,0.6484252820102858,0.29408922183714564,-0.14678767793929348,-0.07551163613377643,-0.11647999504140163,0.6493787142085359,forest,NO_ONE
0.5936925381366475,0.5953538627768774,0.5918689048636528,0.18267036353287994,-0.045567522783761416,-0.05120130830390235,-0.010667628451765276,0.5953538627768774,cart,NO_ONE
