precision,recall,f1score,mcc,stat_par,eq_odds,ao,acc,model,fairness_method
0.662340701260847,0.6628849270664505,0.6599664439362374,0.31846290436774805,-0.01277166494557802,0.058608943541178515,0.015735950739381666,0.6628849270664505,logreg,NO_ONE
0.6537868227469449,0.6537007023230686,0.6490431071664357,0.29942313774290147,-0.0566534914361001,0.0007247602251587715,-0.027884813670570968,0.6537007023230686,svm,NO_ONE
0.6458262385252845,0.646677471636953,0.6459490951557487,0.28759080916611474,-0.11410224453702711,-0.05123450825018727,-0.08846417653782335,0.646677471636953,forest,NO_ONE
0.6350855972883048,0.6364127498649379,0.6341279222880916,0.2648856821490809,-0.0791878835357096,-0.04745971541081817,-0.04772146989240797,0.6364127498649379,cart,NO_ONE
