precision,recall,f1score,mcc,stat_par,eq_odds,ao,acc,model,fairness_method
0.6614134599722568,0.6639654240950837,0.661837284630662,0.3090989686214172,-0.06424953345774453,-0.009076443712234816,-0.03585405593607477,0.6639654240950837,logreg,NO_ONE
0.6463890930323817,0.6493787142085359,0.6468653787087083,0.2783902287294468,-0.08010641606682667,-0.026789323155164246,-0.056339669689551536,0.6493787142085359,svm,NO_ONE
0.6527785370792946,0.6526202052944354,0.6526976601116232,0.29233476126010166,-0.18601150804229982,-0.13991742175788313,-0.157695108195938,0.6526202052944354,forest,NO_ONE
0.6147754895481586,0.6131820637493247,0.6138585737804482,0.21479587858984578,-0.11922376255220835,-0.09145514732592819,-0.09565250767754144,0.6131820637493247,cart,NO_ONE
