precision,recall,f1score,mcc,stat_par,eq_odds,ao,acc,model,fairness_method
0.6837598957000908,0.6807131280388979,0.6760933026437218,0.3587707907607399,-0.021745502998001376,0.04785809906291838,0.03222379394543212,0.6807131280388979,logreg,NO_ONE
0.6588013340648159,0.655861696380335,0.6497848379303387,0.30800873825890057,-0.08107928047968016,-0.03599455292434106,-0.03125987593166654,0.655861696380335,svm,NO_ONE
0.6497724223923458,0.6504592112371691,0.6494519267207977,0.29658324566191213,-0.14349861996764068,-0.08287748695933161,-0.10137894938714231,0.6504592112371691,forest,NO_ONE
0.616482696092494,0.6175040518638574,0.6149496529712125,0.2288467949400264,-0.07342914247644428,-0.03010894151317922,-0.03918565809642685,0.6175040518638574,cart,NO_ONE
