precision,recall,f1score,mcc,stat_par,eq_odds,ao,acc,model,fairness_method
0.6831262641481228,0.6839546191247974,0.680133429302145,0.3563102683964607,-0.045438134925969265,0.041719342604298326,-0.016290188641828407,0.6839546191247974,logreg,NO_ONE
0.6586683683697735,0.6596434359805511,0.6536761750012802,0.3052698109579464,-0.027962667793290263,-0.003160556257901348,0.014316080414466692,0.6596434359805511,svm,NO_ONE
0.6482605439876303,0.6493787142085359,0.6485869130358909,0.2893642827652471,-0.12566973287500238,-0.11504424778761058,-0.08084145162489773,0.6493787142085359,forest,NO_ONE
0.6170558768317473,0.6191247974068071,0.6173709779347563,0.22600847198545898,-0.0608549536227988,-0.030341340075853318,-0.03341296695669416,0.6191247974068071,cart,NO_ONE
