precision,recall,f1score,mcc,stat_par,eq_odds,ao,acc,model,fairness_method
0.6586835308664669,0.6601836844948676,0.6588036792059926,0.31002001576862986,0.01244411190393635,0.08294276079994911,0.04530511728455888,0.6601836844948676,logreg,NO_ONE
0.6478237971102793,0.6499189627228525,0.6465411415137577,0.2865572950074513,-0.09026406555103383,-0.019081500646830563,-0.06442372046062272,0.6499189627228525,svm,NO_ONE
0.6463381796661866,0.6455969746083198,0.6459066493413611,0.285639566129595,-0.15642462178586414,-0.1232265179309906,-0.11679889254095938,0.6455969746083198,forest,NO_ONE
0.618009113543766,0.6158833063209076,0.6165834104451812,0.22820412511820212,-0.1104750260050732,-0.0792102305261595,-0.08022927453130682,0.6158833063209076,cart,NO_ONE
