precision,recall,f1score,mcc,stat_par,eq_odds,ao,acc,model,fairness_method
0.6602105188436691,0.6601836844948676,0.6550559024482211,0.31084315367027054,-0.07490062292688648,0.011482695405810817,-0.04427254504508013,0.6601836844948676,logreg,NO_ONE
0.6452050985190306,0.6450567260940032,0.6381671447819698,0.27934236545764846,-0.11921655692008604,-0.04412532637075728,-0.09231365883231762,0.6450567260940032,svm,NO_ONE
0.6441663132651307,0.6455969746083198,0.6437851952727112,0.2825809795298471,-0.15264545361709858,-0.07830676073551468,-0.12373706101979032,0.6455969746083198,forest,NO_ONE
0.6157136506720207,0.6175040518638574,0.6156173938426881,0.22553428846297457,-0.059469282934375145,0.008782845397477979,-0.03851401399663937,0.6175040518638574,cart,NO_ONE
