precision,recall,f1score,mcc,stat_par,eq_odds,ao,acc,model,fairness_method
0.6708791952878641,0.6693679092382496,0.665112873362747,0.3340797410543898,-0.07957834757834747,-0.020849308702219127,-0.036206288006372295,0.6693679092382496,logreg,NO_ONE
0.6562800365598775,0.6537007023230686,0.6473066337186152,0.3025424054651797,-0.03599999999999992,0.0029046125246892096,0.007961827733398236,0.6537007023230686,svm,NO_ONE
0.6458845079242092,0.646677471636953,0.6457284536733544,0.2885248276591991,-0.11727065527065528,-0.08898570930637861,-0.07213513107595351,0.646677471636953,forest,NO_ONE
0.6126164375825672,0.6137223122636413,0.612500868248727,0.221739697781756,-0.04932193732193735,-0.010537934239572389,-0.01956481477624933,0.6137223122636413,cart,NO_ONE
