precision,recall,f1score,mcc,stat_par,eq_odds,ao,acc,model,fairness_method
0.6756650334104978,0.6774716369529984,0.6752539287878017,0.34205627453639037,-0.015537670467247966,0.038426821405544764,0.02122199439375952,0.6774716369529984,logreg,NO_ONE
0.6498929794951845,0.6515397082658023,0.6436508055294838,0.2846729656835042,-0.04655712050078242,-0.011981517300666211,-0.014202489694682185,0.6515397082658023,svm,NO_ONE
0.6611439236340074,0.6612641815235009,0.6612023158987254,0.31403566654638027,-0.13682092555331993,-0.09597034171502261,-0.10086642979885607,0.6612641815235009,forest,NO_ONE
0.6069702584043017,0.6077795786061588,0.6073176045091409,0.20433122861521696,-0.033651911468812856,-0.011052009456264722,-0.008204116316115201,0.6077795786061588,cart,NO_ONE
