precision,recall,f1score,mcc,stat_par,eq_odds,ao,acc,model,fairness_method
0.6693561464431677,0.6709886547811994,0.668806870097174,0.33064965479374936,-0.07433409043980999,0.008872213639373183,-0.04486459248101271,0.6709886547811994,logreg,NO_ONE
0.6488963943347494,0.6509994597514857,0.6479440903982302,0.2888595563233258,-0.08292610181934978,0.00868461708232171,-0.06487068185827025,0.6509994597514857,svm,NO_ONE
0.6500744073902168,0.6499189627228525,0.6499936535000547,0.2930845336581777,-0.16052951568128104,-0.12162877951886997,-0.12196171700845715,0.6499189627228525,forest,NO_ONE
0.640194489465154,0.640194489465154,0.640194489465154,0.2731281117555077,-0.10832358271961828,-0.09681085853012583,-0.06236773814262603,0.640194489465154,cart,NO_ONE
