precision,recall,f1score,mcc,stat_par,eq_odds,ao,acc,model,fairness_method
0.6567047719633434,0.6585629389519179,0.6542094407301261,0.30288233918555457,-0.058624496329414355,0.007768176192950782,-0.031526613406745785,0.6585629389519179,logreg,NO_ONE
0.6438229626145227,0.6461372231226364,0.6415760644340429,0.27708055974176465,-0.07497930120880936,0.004612689449745244,-0.057112275532822415,0.6461372231226364,svm,NO_ONE
0.6378663241694953,0.6391139924365208,0.6382480138120538,0.2678931262276006,-0.1573273720814704,-0.1313839675558104,-0.12240950346294455,0.6391139924365208,forest,NO_ONE
0.613529883667096,0.6158833063209076,0.6138479538763206,0.21828444351140638,-0.0669923276480654,-0.05035385381899604,-0.03631686964392897,0.6158833063209076,cart,NO_ONE
