precision,recall,f1score,mcc,stat_par,eq_odds,ao,acc,model,fairness_method
0.8247013245103588,0.8335667428318715,0.8206532872365846,0.508836066289344,-0.0184072555161488,0.08727835932493055,0.04997937211191255,0.8335667428318715,adversarial_debiasing,NO_ONE
