precision,recall,f1score,mcc,stat_par,eq_odds,ao,acc,model,fairness_method
0.840520794775777,0.8452863566005749,0.8314844629815525,0.5459359569321843,-0.004794255068422432,0.1137650161532035,0.069338980023017,0.8452863566005749,adversarial_debiasing,NO_ONE
