precision,recall,f1score,mcc,stat_par,eq_odds,ao,acc,model,fairness_method
0.8322224369706714,0.8397582368983563,0.8278275998080145,0.5312353219380374,-0.0033884738406693704,0.1491447700788887,0.086928922076747,0.8397582368983563,adversarial_debiasing,NO_ONE
