precision,recall,f1score,mcc,stat_par,eq_odds,ao,acc,model,fairness_method
0.8262417849602159,0.8338615758826564,0.8203944272385151,0.5170536696482104,-0.018710319892032867,0.09022963898954661,0.05122507460216691,0.8338615758826564,adversarial_debiasing,NO_ONE
