precision,recall,f1score,mcc,stat_par,eq_odds,ao,acc,model,fairness_method
0.8193367921400113,0.8289231222820078,0.8185428308769039,0.5045775685369098,-0.025914456174372463,0.0740356647309729,0.03892448124485757,0.8289231222820078,adversarial_debiasing,NO_ONE
