precision,recall,f1score,mcc,stat_par,eq_odds,ao,acc,model,fairness_method
0.7774772187908989,0.7932483231370236,0.7635986990738389,0.3662056935702289,-0.04475154529492778,-0.0035806768557774538,-0.012146015744138124,0.7932483231370236,adversarial_debiasing,NO_ONE
