precision,recall,f1score,mcc,stat_par,eq_odds,ao,acc,model,fairness_method
0.8395556898731763,0.8466131053291074,0.8389458106969269,0.5604762458611583,-0.005182499821274111,0.14818443525171154,0.08705270085835276,0.8466131053291074,adversarial_debiasing,NO_ONE
