precision,recall,f1score,mcc,stat_par,eq_odds,ao,acc,model,fairness_method
0.6907463420997029,0.6893571042679633,0.6842297348678131,0.37029235941934424,-0.01789384168379282,0.030938687480743576,0.0028589276565954558,0.6893571042679633,logreg,NO_ONE
0.6708166344123468,0.6693679092382496,0.6625806016050022,0.3288965994132068,-0.03405538626288396,0.012983122796206947,-0.016480979470836127,0.6693679092382496,svm,NO_ONE
0.6530890176242587,0.6537007023230686,0.653310626909006,0.3008099278554734,-0.17031236466428867,-0.12125569134914937,-0.15492617894129196,0.6537007023230686,forest,NO_ONE
0.6283143542794252,0.6293895191788222,0.6286135919964991,0.2507676834175,-0.048835030197088236,-0.015473622950258448,-0.03443651969688069,0.6293895191788222,cart,NO_ONE
