precision,recall,f1score,mcc,stat_par,eq_odds,ao,acc,model,fairness_method
0.6650247796478095,0.6655861696380335,0.6625054929183518,0.3233453489973651,-0.001175922088686221,0.05820178448867541,0.020180418558763347,0.6655861696380335,logreg,NO_ONE
0.6329144874410825,0.6342517558076716,0.6304528092337677,0.2589044983155567,-0.05527869871529223,0.023764584763212082,-0.04328925020604393,0.6342517558076716,svm,NO_ONE
0.6339371414012671,0.6342517558076716,0.6340720574140349,0.26358235646445677,-0.11875777041027769,-0.0585792724776939,-0.1034941139668146,0.6342517558076716,forest,NO_ONE
0.5981882944698804,0.5996758508914101,0.5984020113982337,0.19134034278511952,-0.04661598632407793,-0.002076183939601961,-0.03547941248494699,0.5996758508914101,cart,NO_ONE
