precision,recall,f1score,mcc,stat_par,eq_odds,ao,acc,model,fairness_method
0.6585714632499765,0.6601836844948676,0.6552186568192301,0.30590893431976357,-0.06363725453842373,-0.051423946081670446,-0.0299760423049045,0.6601836844948676,logreg,NO_ONE
0.6437968331169042,0.6461372231226364,0.6418679062112389,0.27730331862466845,-0.0879119278301912,-0.05188648077177216,-0.06284800229064799,0.6461372231226364,svm,NO_ONE
0.6410147785410861,0.6423554835224203,0.641384453048725,0.2742010003559656,-0.12107804446516268,-0.09116889123827143,-0.09483769237238246,0.6423554835224203,forest,NO_ONE
0.6080640192840927,0.6099405726634252,0.608557046550459,0.2075559197468687,-0.0664646646572411,-0.020467160037002774,-0.05130500858992998,0.6099405726634252,cart,NO_ONE
