precision,recall,f1score,mcc,stat_par,eq_odds,ao,acc,model,fairness_method
0.6744590950825571,0.6758508914100486,0.6725396511453048,0.33962094576156715,-0.04388449293932706,0.008001006943716082,-0.024911061153992303,0.6758508914100486,logreg,NO_ONE
0.6516862928451045,0.6537007023230686,0.649942894488202,0.2937669002002178,-0.10098413495198211,-0.045190794856195926,-0.08688111171381224,0.6537007023230686,svm,NO_ONE
0.6597948245733026,0.6596434359805511,0.659716052013942,0.31272133886334014,-0.17809143868641103,-0.13094883467242868,-0.16071251257430957,0.6596434359805511,forest,NO_ONE
0.6236676833065697,0.6239870340356564,0.6238157232530165,0.23973183453746622,-0.06328053790570798,-0.03134951435943689,-0.048838022485840904,0.6239870340356564,cart,NO_ONE
