precision,recall,f1score,mcc,stat_par,eq_odds,ao,acc,model,fairness_method
0.677851244883861,0.6785521339816315,0.6737907048313696,0.3443838188567284,-0.03287522080179184,0.03113804219202676,-0.008596909085162058,0.6785521339816315,logreg,NO_ONE
0.6628674685440379,0.6639654240950837,0.6584267878892764,0.31383237061530506,-0.06929232217535353,-0.018982331578732636,-0.046112906841067586,0.6639654240950837,svm,NO_ONE
0.6571678385863131,0.6585629389519179,0.6574204181957267,0.30683877193363474,-0.1383596398894117,-0.10174643979271225,-0.11306941963122136,0.6585629389519179,forest,NO_ONE
0.6180736461472613,0.6196650459211237,0.6185189125518392,0.22800470594396063,-0.08420856620432993,-0.04564002121842736,-0.06739579496626183,0.6196650459211237,cart,NO_ONE
