precision,recall,f1score,mcc,stat_par,eq_odds,ao,acc,model,fairness_method
0.6811496846297977,0.6828741220961643,0.6802592894149724,0.35265558198397956,-0.018780209968904837,0.03298180314309351,0.013854406559033972,0.6828741220961643,logreg,NO_ONE
0.6618943810743299,0.6639654240950837,0.6595776208382791,0.31224809835248246,-0.10199809119177361,-0.043010752688172005,-0.07728063981735095,0.6639654240950837,svm,NO_ONE
0.6575653108703788,0.6574824419232848,0.6575231094341675,0.3067922666594155,-0.12149410424555895,-0.05221257237386279,-0.09884253094390152,0.6574824419232848,forest,NO_ONE
0.6169719000205239,0.6175040518638574,0.6172120854279444,0.22459840745629842,-0.04812043964163659,-0.00227460711331684,-0.030068254175247833,0.6175040518638574,cart,NO_ONE
