precision,recall,f1score,mcc,stat_par,eq_odds,ao,acc,model,fairness_method
0.6607338413385507,0.6612641815235009,0.6572956589194663,0.3134165639682877,-0.0022487108176202364,0.03764908025065705,0.03662157291425758,0.6612641815235009,logreg,NO_ONE
0.6454928391276461,0.646677471636953,0.6429373586980659,0.28350943165065795,-0.08705611181024486,-0.07177750825416074,-0.0491109902018286,0.646677471636953,svm,NO_ONE
0.6490744225637629,0.6499189627228525,0.6492769382262438,0.29336938485341185,-0.10784916500749575,-0.08471464187049393,-0.06957407140969599,0.6499189627228525,forest,NO_ONE
0.6135018064773894,0.6148028092922745,0.6137553884787342,0.22166955122876758,-0.09242868617206357,-0.03454955865507714,-0.07182948987900764,0.6148028092922745,cart,NO_ONE
