precision,recall,f1score,mcc,stat_par,eq_odds,ao,acc,model,fairness_method
0.6573271146272524,0.6574824419232848,0.651953900658312,0.3044308692441218,-0.012847409640394658,0.056419633868217134,0.017040637704627826,0.6574824419232848,logreg,NO_ONE
0.6268638062672918,0.6272285251215559,0.617814095070565,0.24078970679548928,-0.031167571366011115,0.013482361159622758,-0.006602203004778262,0.6272285251215559,svm,NO_ONE
0.6529207109142446,0.6537007023230686,0.6531499487973279,0.30066060622002055,-0.13720580297583274,-0.0934683898009081,-0.10382967228738871,0.6537007023230686,forest,NO_ONE
0.5942913500649708,0.595894111291194,0.594657912412645,0.18242962445434024,-0.046540670733570266,-0.025464855868997938,-0.024739128102003155,0.595894111291194,cart,NO_ONE
