precision,recall,f1score,mcc,stat_par,eq_odds,ao,acc,model,fairness_method
0.6796639163294282,0.6796326310102647,0.6755991893459345,0.35037207994254277,-0.03233278955954322,0.03329089211442149,-0.009521697449300148,0.6796326310102647,logreg,NO_ONE
0.6543630902200073,0.6553214478660183,0.6511192543136647,0.300181958912193,-0.10724959216965735,-0.05167642814701645,-0.08817611080871504,0.6553214478660183,svm,NO_ONE
0.6492904209620636,0.6499189627228525,0.6495127888463124,0.2934135968156119,-0.14147471451876026,-0.09628214922332567,-0.12097056203111256,0.6499189627228525,forest,NO_ONE
0.6104438962848346,0.6121015667206915,0.6106704638184837,0.2148081524048472,-0.03480978792822187,-0.03804430863254393,-0.013417057923320291,0.6121015667206915,cart,NO_ONE
