precision,recall,f1score,mcc,stat_par,eq_odds,ao,acc,model,fairness_method
0.6682301872780014,0.6661264181523501,0.6611037516282465,0.3277439930149801,-0.06128240325220424,0.007441590868557113,-0.03968419077969859,0.6661264181523501,logreg,NO_ONE
0.6612181498758799,0.6580226904376013,0.6513834447174296,0.3117395398091824,-0.0794282244865635,-0.020768682004636996,-0.058380363395727025,0.6580226904376013,svm,NO_ONE
0.6442712195986177,0.6450567260940032,0.6441725649777678,0.28534496149826677,-0.11649992080671556,-0.043682004637060845,-0.09928164493445246,0.6450567260940032,forest,NO_ONE
0.6196751040054826,0.6207455429497569,0.619465479823691,0.23582748273815163,-0.037608890766063,-0.02115213126449078,-0.016875018927653695,0.6207455429497569,cart,NO_ONE
