precision,recall,f1score,mcc,stat_par,eq_odds,ao,acc,model,fairness_method
0.6639410844012351,0.6655861696380335,0.6636600961909606,0.3201525463642632,-0.009339477726574508,0.0518221154236449,0.015315315057410323,0.6655861696380335,logreg,NO_ONE
0.648381547252675,0.6504592112371691,0.647297589665095,0.2878689153598559,-0.05779185867895542,0.0039007639165130614,-0.037588915831434117,0.6504592112371691,svm,NO_ONE
0.6412166620709076,0.640194489465154,0.6405982089963987,0.2752563733418841,-0.13211981566820274,-0.07436617660191103,-0.1127070928453896,0.640194489465154,forest,NO_ONE
0.611411450085318,0.6099405726634252,0.6104943621541963,0.21502119433547942,-0.036900921658986174,0.0019077617489710041,-0.019873641524540298,0.6099405726634252,cart,NO_ONE
