precision,recall,f1score,mcc,stat_par,eq_odds,ao,acc,model,fairness_method
0.6677029410959245,0.6661264181523501,0.6599288022096996,0.32423366863161956,-0.021580892001626162,0.048223019921489585,0.008083823054178152,0.6661264181523501,logreg,NO_ONE
0.6447069273454189,0.6445164775796867,0.6380307000196087,0.27907856699306716,-0.047050847283187536,0.009207128912399942,-0.02121826591162898,0.6445164775796867,svm,NO_ONE
0.6267118673505974,0.6277687736358725,0.6269318143401253,0.24856502050272677,-0.13456956573198775,-0.047081050443982586,-0.11840674506826379,0.6277687736358725,forest,NO_ONE
0.5974140653704589,0.5980551053484603,0.5976648648312133,0.18981162004955004,-0.09005439285328343,-0.026298885320234278,-0.07692773463596758,0.5980551053484603,cart,NO_ONE
