precision,recall,f1score,mcc,stat_par,eq_odds,ao,acc,model,fairness_method
0.6745093154264032,0.6731496488384657,0.6677418506976103,0.3386549774848336,-0.01703792942841753,0.06010395124694978,0.013786809455020504,0.6731496488384657,logreg,NO_ONE
0.6455736887757824,0.6445164775796867,0.6367345848845237,0.27922036606277745,-0.07913478126244089,-0.011130987875173859,-0.055869155459817105,0.6445164775796867,svm,NO_ONE
0.6468276514207605,0.6477579686655862,0.6469895106836091,0.28901848534408126,-0.17644717018934786,-0.10407811991186566,-0.15252802940041482,0.6477579686655862,forest,NO_ONE
0.6203274115747172,0.62182603997839,0.6203305706569229,0.2353881372351856,-0.10623596543496416,-0.051967165277407745,-0.08547486505068261,0.62182603997839,cart,NO_ONE
