precision,recall,f1score,mcc,stat_par,eq_odds,ao,acc,model,fairness_method
0.6783146701754835,0.6790923824959482,0.6751625475345119,0.34693684425336513,-0.027476944721442798,0.041901385114984424,-0.010405126666611253,0.6790923824959482,logreg,NO_ONE
0.6472295449994965,0.6488384656942193,0.6435457900719805,0.28383485085651616,-0.09201626431050614,-0.015980184240175,-0.08173692587558679,0.6488384656942193,svm,NO_ONE
0.6582895926063466,0.6585629389519179,0.6584139618216696,0.31026052583760083,-0.1562734321251053,-0.1198638080721055,-0.13691830584914433,0.6585629389519179,forest,NO_ONE
0.6272882299853263,0.6277687736358725,0.6274975689935568,0.2476724876719001,-0.04720824346992569,-0.026600503678176235,-0.029948032135048652,0.6277687736358725,cart,NO_ONE
