precision,recall,f1score,mcc,stat_par,eq_odds,ao,acc,model,fairness_method
0.6641879982239425,0.6645056726094003,0.6612592120622277,0.32171553679601117,-0.024287115651320912,0.03987864515740891,0.0021103752102833995,0.6645056726094003,logreg,NO_ONE
0.6612177675399474,0.6601836844948676,0.6547483975348947,0.3129714492175396,-0.09578240992508824,-0.06409804646205941,-0.06636481270471392,0.6601836844948676,svm,NO_ONE
0.6452980580369295,0.6461372231226364,0.6454301071516154,0.2865433150401937,-0.11633694925309446,-0.04930685070432228,-0.09491000429952956,0.6461372231226364,forest,NO_ONE
0.6165919509157108,0.6180443003781739,0.6164558018095528,0.2284316529321024,-0.060481006663735015,-0.011748730157365994,-0.042413838762893535,0.6180443003781739,cart,NO_ONE
