precision,recall,f1score,mcc,stat_par,eq_odds,ao,acc,model,fairness_method
0.7056279323513366,0.7233333333333334,0.707974675657671,0.2994703087618331,-0.03601661496398345,-0.0357142857142857,0.006954887218045103,0.7233333333333334,logreg,NO_ONE
0.6851502782931354,0.71,0.685346668468712,0.2453614071937727,-0.020768704979231223,-0.006578947368421018,0.006234335839599037,0.71,svm,NO_ONE
0.7188476027861345,0.7366666666666667,0.7088477881302245,0.3123606568895737,-0.03370313896629684,-0.003759398496240629,-0.0066416040100250595,0.7366666666666667,forest,NO_ONE
0.6890646195909353,0.69,0.6895247081023705,0.2687995864024995,-0.022030600977969383,-0.03947368421052633,0.029135338345864653,0.69,knn,NO_ONE
0.6355573917234731,0.6333333333333333,0.6344189912212352,0.14296354592077337,-0.023450233976549772,-0.046992481203007586,0.01008771929824559,0.6333333333333333,cart,NO_ONE
