precision,recall,f1score,mcc,stat_par,eq_odds,ao,acc,model,fairness_method
0.7097417153996102,0.72,0.7140481043620057,0.268294132747559,-0.022309440198306163,0.0007038712921065837,-0.016238825577108706,0.72,logreg,NO_ONE
0.7316782734174039,0.7433333333333333,0.7360004326514157,0.32239836385853815,-0.021379880190043332,-0.010055304172951196,-0.0027504887813357137,0.7433333333333333,svm,NO_ONE
0.6960043795992157,0.7233333333333334,0.7022445240939865,0.2257879439242577,-0.021586449080768455,-0.020814479638008976,-0.005202295121541856,0.7233333333333334,forest,NO_ONE
0.7180491638886629,0.7433333333333333,0.7200349398047927,0.2752979177916005,-0.010018591200165239,-0.009653092006033148,0.009812360958597,0.7433333333333333,knn,NO_ONE
0.6350965298142718,0.5733333333333334,0.5940873622131323,0.0775633245689612,-0.0022722577979755743,0.007541478129713508,-0.001759514676197227,0.5733333333333334,cart,NO_ONE
