precision,recall,f1score,mcc,stat_par,eq_odds,ao,acc,model,fairness_method
0.7522222222222222,0.7666666666666667,0.7525717619133829,0.38330742441634613,-0.022512864493996587,-0.019264069264069317,0.0002201821167338025,0.7666666666666667,logreg,NO_ONE
0.7006328279499012,0.73,0.6950089061277488,0.2413499179752727,-0.01565180102915953,0.0010822510822510178,-0.013005672488431153,0.73,svm,NO_ONE
0.7249389478489102,0.7466666666666667,0.7191090391090391,0.30305549554424455,-0.008147512864494,0.024242424242424288,-0.011277802657112979,0.7466666666666667,forest,NO_ONE
0.682360570687419,0.7166666666666667,0.6823779193205946,0.2034887979612803,-0.0062178387650085876,-0.0025974025974025983,0.0030116435288848886,0.7166666666666667,knn,NO_ONE
0.6867902948198322,0.69,0.6883274070209641,0.23409299602886527,-0.010506003430531652,-0.008874458874458924,0.005414987311538999,0.69,cart,NO_ONE
