precision,recall,f1score,mcc,stat_par,eq_odds,ao,acc,model,fairness_method
0.740998243559719,0.75,0.7279685923586438,0.382125636414543,-0.05264421922282536,-0.016666666666666607,0.0018968456947996981,0.75,logreg,NO_ONE
0.7325153477419898,0.74,0.7091154970760234,0.34904345778718526,-0.0421249819876075,0.007936507936507908,-0.0032781228433402254,0.74,svm,NO_ONE
0.7435713469145119,0.7533333333333333,0.7352773163793267,0.3944334216650346,-0.055286036793313786,-0.0023809523809523725,-0.0028955060284983625,0.7533333333333333,forest,NO_ONE
0.6267173283705542,0.6633333333333333,0.6292904160280163,0.13529674806143388,-0.01594697151640334,-0.0071428571428572285,0.004314334429423916,0.6633333333333333,knn,NO_ONE
0.6356903594771242,0.6366666666666667,0.6361717440473917,0.16743537630734026,-0.03054901772419416,-0.005555555555555647,-0.0044828076158,0.6366666666666667,cart,NO_ONE
