precision,recall,f1score,mcc,stat_par,eq_odds,ao,acc,model,fairness_method
0.6911002921129503,0.7033333333333334,0.6948571428571428,0.2874912224512128,-0.030551989730423612,0.009818819403857426,-0.014535034742515718,0.7033333333333334,logreg,NO_ONE
0.6757970540098199,0.6966666666666667,0.678173714964841,0.24630219908536172,-0.021822849807445532,-0.007714786674459462,-0.001079615559451963,0.6966666666666667,svm,NO_ONE
0.6933713308634938,0.7133333333333334,0.6901776250655175,0.2793805517559251,-0.025160462130937034,-0.0014026884862653466,-0.006256899798688265,0.7133333333333334,forest,NO_ONE
0.6566823308270676,0.6733333333333333,0.6619734840252118,0.2083334485109515,-0.014377406931964098,-0.017182933956750412,0.010852977466069225,0.6733333333333333,knn,NO_ONE
0.653625730994152,0.6733333333333333,0.6590740740740741,0.2001096638487161,-0.01848523748395381,-0.030976037405026302,0.009511981297486816,0.6733333333333333,cart,NO_ONE
