precision,recall,f1score,mcc,stat_par,eq_odds,ao,acc,model,fairness_method
0.7475576036866359,0.76,0.7446951255023003,0.39252809132969174,-0.05259726146489896,0.00387161233920319,-0.007337376787791894,0.76,logreg,NO_ONE
0.7677333333333333,0.7733333333333333,0.7502052196732066,0.42027423759089577,-0.043468811128015705,-0.021106531784688465,0.01425876418284372,0.7733333333333333,svm,NO_ONE
0.7639515407756728,0.77,0.7457024984934871,0.4101363216087642,-0.0318409041512715,0.004870738104158834,0.018475469302705994,0.77,forest,NO_ONE
0.7098268151882267,0.73,0.7014768460575719,0.29280552394573567,-0.0318409041512715,-0.00886724116398152,0.005090188941818785,0.73,knn,NO_ONE
0.6619220286763834,0.6566666666666666,0.6591197106038955,0.20482686055332983,-0.035753097152792845,-0.01973273385787433,-0.0015956902372078474,0.6566666666666666,cart,NO_ONE
