precision,recall,f1score,mcc,stat_par,eq_odds,ao,acc,model,fairness_method
0.7286331012897307,0.7266666666666667,0.7276171846699994,0.3317474149555612,-0.041797488226059665,-0.01540616246498605,-0.006285847672402339,0.7266666666666667,logreg,NO_ONE
0.7422045680238332,0.76,0.7404856013551665,0.3487998943975053,-0.03865777080062793,-0.03601440576230497,0.0055188742163531646,0.76,svm,NO_ONE
0.736948121727599,0.7533333333333333,0.7395791845191398,0.34399901561784774,-0.04199372056514905,-0.023509403761504566,-0.005802320928371296,0.7533333333333333,forest,NO_ONE
0.6975233363444746,0.7233333333333334,0.7017842558924661,0.24452983195197478,-0.01883830455259028,0.004801920768307322,-0.00100040016006403,0.7233333333333334,knn,NO_ONE
0.6326052118171683,0.6233333333333333,0.627664916990557,0.09518438941172824,-0.01628728414442704,0.021008403361344574,-0.02435974389755896,0.6233333333333333,cart,NO_ONE
