precision,recall,f1score,mcc,stat_par,eq_odds,ao,acc,model,fairness_method
0.6816455022005439,0.7033333333333334,0.6677872931666035,0.24728593439520313,-0.00805860805860803,0.008779631255487197,-0.004914570725823075,0.7033333333333334,logreg,NO_ONE
0.674609011462944,0.6966666666666667,0.6424321142379705,0.20943576748572434,-0.006593406593406681,-0.01382791922739246,0.005048822840889533,0.6966666666666667,svm,NO_ONE
0.718811369509044,0.7266666666666667,0.6886376811594203,0.31298346064002663,-0.004395604395604491,0.0305092186128183,-0.007563290560671065,0.7266666666666667,forest,NO_ONE
0.63354411321891,0.6666666666666666,0.6347901002506265,0.15465870739885693,-0.00146520146520146,-0.012730465320456519,0.011357408013232095,0.6666666666666666,knn,NO_ONE
0.636054516054516,0.6533333333333333,0.6418124642652945,0.17046078472071072,-0.010256410256410331,0.0030728709394205467,-0.007324884867019932,0.6533333333333333,cart,NO_ONE
