precision,recall,f1score,mcc,stat_par,eq_odds,ao,acc,model,fairness_method
0.6862631737428486,0.7066666666666667,0.6786152882205514,0.26565777969468723,-0.014999999999999902,-0.0006793478260869179,-0.0057160179990649596,0.7066666666666667,logreg,NO_ONE
0.726205280981845,0.7366666666666667,0.7106242471619543,0.3482394429337644,-0.019999999999999907,0.008831521739130488,-0.01260932873616949,0.7366666666666667,svm,NO_ONE
0.67696,0.7,0.6672805548911744,0.2415682580088489,-0.020000000000000018,0.014945652173913082,-0.022097066386161768,0.7,forest,NO_ONE
0.67696,0.7,0.6672805548911744,0.2415682580088489,-0.020000000000000018,-0.030797101449275388,-0.001061633161913711,0.7,knn,NO_ONE
0.6775204784160007,0.6766666666666666,0.6770861516628669,0.26693628092050836,-0.015000000000000013,-0.010869565217391353,0.0026297335203365746,0.6766666666666666,cart,NO_ONE
