precision,recall,f1score,mcc,stat_par,eq_odds,ao,acc,model,fairness_method
0.7186297018265829,0.7266666666666667,0.7016628787878788,0.34769765788069895,-0.03998704872915648,-0.011564625850340127,-0.005577562720419871,0.7266666666666667,logreg,NO_ONE
0.725320987654321,0.71,0.6530794867253789,0.2971876383554045,-0.021045815120608657,0.020816326530612272,-0.005152852295709387,0.71,svm,NO_ONE
0.6873638344226579,0.7,0.6604640038268357,0.26639893076568694,-0.015379634126598707,0.028435374149659798,0.0019326747898176233,0.7,forest,NO_ONE
0.6755062274005625,0.69,0.6404959903583184,0.23119231285578382,-0.015865306783228172,-0.011972789115646254,0.007117618546189974,0.69,knn,NO_ONE
0.6045362517099864,0.62,0.6101094815120842,0.12177620306709017,-0.005666180994010062,0.058503401360544216,-0.006784335355763893,0.62,cart,NO_ONE
