precision,recall,f1score,mcc,stat_par,eq_odds,ao,acc,model,fairness_method
0.7349046610169491,0.75,0.73908636302203,0.33273554773403613,-0.03064295485636115,-0.015350877192982448,-0.0037793347003873268,0.75,logreg,NO_ONE
0.74917373258982,0.7666666666666667,0.7484744759972954,0.358250100091745,-0.03255813953488362,0.029824561403508754,-0.03541239462292095,0.7666666666666667,svm,NO_ONE
0.7561385199240986,0.77,0.7586525198938991,0.3836230028661893,-0.02352941176470591,0.007236842105263208,-0.0012517088174982538,0.77,forest,NO_ONE
0.7453884372177055,0.7633333333333333,0.7456964785882823,0.35027218711145636,-0.027906976744185963,-0.011513157894736836,-0.0021851503759398594,0.7633333333333333,knn,NO_ONE
0.6946031746031747,0.6666666666666666,0.6772705363905529,0.23355091820310508,-0.02051983584131334,0.0005482456140351033,-0.003946656413761657,0.6666666666666666,cart,NO_ONE
