precision,recall,f1score,mcc,stat_par,eq_odds,ao,acc,model,fairness_method
0.711358024691358,0.7133333333333334,0.7123137254901961,0.2941959089174801,-0.042386185243328156,-0.005369127516778427,-0.0015934562843030187,0.7133333333333334,logreg,NO_ONE
0.6943408460000388,0.7033333333333334,0.6981980691927203,0.2519011689415618,-0.033948194662480335,0.0033040784718636473,-0.0035307212659776432,0.7033333333333334,svm,NO_ONE
0.7575581014729951,0.77,0.7593852416702311,0.40019881506584387,-0.05102040816326525,0.006401652039235928,-0.006346364378636282,0.77,forest,NO_ONE
0.6173456790123456,0.62,0.6186484268125855,0.06435535507569878,-0.01295133437990581,0.022302529685079953,-0.019399744431873533,0.62,knn,NO_ONE
0.671583813827853,0.6633333333333333,0.6671173095892108,0.19667703619729457,-0.011185243328100447,-0.0353123386680434,0.04535528729445623,0.6633333333333333,cart,NO_ONE
