precision,recall,f1score,mcc,stat_par,eq_odds,ao,acc,model,fairness_method
0.6411612654320988,0.63,0.6347749305341154,0.17934604785432684,-0.0012188309379920215,-0.010590858416945403,0.006483416945373466,0.63,logreg,NO_ONE
0.6134627432151267,0.6466666666666666,0.6208026423811979,0.11113543812588061,-0.004215123660555653,0.00468227424749168,-0.007514632107023411,0.6466666666666666,svm,NO_ONE
0.6453451421776657,0.6666666666666666,0.6509038800705468,0.18515721263133939,-0.0006602000914123218,-0.003455964325529526,0.0033200947603121422,0.6666666666666666,forest,NO_ONE
0.6822638888888889,0.7033333333333334,0.6807648104748074,0.26011115549733493,-0.009141232034939883,-0.015273132664436972,-0.002588489409141581,0.7033333333333334,knn,NO_ONE
0.6766256298374111,0.68,0.6781925545571246,0.2608661205932924,0.0010664770707429216,-0.028762541806020114,0.020714882943143775,0.68,cart,NO_ONE
