precision,recall,f1score,mcc,stat_par,eq_odds,ao,acc,model,fairness_method
0.7483456478988869,0.7533333333333333,0.7505183859178042,0.3798494279465204,-0.027801003344481656,-0.00809027038535226,0.006408867196810136,0.7533333333333333,logreg,NO_ONE
0.7172222222222222,0.7366666666666667,0.7211999494758116,0.29589068858212364,-0.025083612040133763,-0.00777091760698323,-0.0029894014558213833,0.7366666666666667,svm,NO_ONE
0.7598783638566888,0.7733333333333333,0.7606943857743447,0.3991368809884734,-0.035953177257525115,-0.017351500958058375,-0.00300072061045098,0.7733333333333333,forest,NO_ONE
0.6974154122165223,0.7266666666666667,0.6984200984200983,0.23776621260580066,-0.0248745819397993,-0.017351500958058375,-0.005688892653461675,0.7266666666666667,knn,NO_ONE
0.6803599908863066,0.6733333333333333,0.6765901943967981,0.2126770656455982,-0.017140468227424654,-0.005641899084522062,0.0028540803263171766,0.6733333333333333,cart,NO_ONE
