precision,recall,f1score,mcc,stat_par,eq_odds,ao,acc,model,fairness_method
0.6978618482966309,0.7133333333333334,0.697691798941799,0.3070872335734985,-0.008466904521007512,0.001929105377381224,-0.0028305137249716172,0.7133333333333334,logreg,NO_ONE
0.6847120708748615,0.7033333333333334,0.6617892736290734,0.24802177843272913,-0.008626657436498264,0.014950566674704624,-0.012686006985228315,0.7033333333333334,svm,NO_ONE
0.7309325396825397,0.7366666666666667,0.7058097941163219,0.3511563965715325,0.003834069971776932,0.025198938992042397,0.004297761716135051,0.7366666666666667,forest,NO_ONE
0.6967776990314198,0.7133333333333334,0.6827555555555556,0.286290177560021,-0.013898503647691518,-0.01253918495297801,-0.005795209174781268,0.7133333333333334,knn,NO_ONE
0.5886479591836735,0.5833333333333334,0.5858408507153405,0.06971187702186844,-0.002343042760530323,-0.005907885218230047,0.002027082058816687,0.5833333333333334,cart,NO_ONE
