precision,recall,f1score,mcc,stat_par,eq_odds,ao,acc,model,fairness_method
0.8448972051720836,0.8606022320488524,0.847158680648349,0.43007921330263565,-0.05565957427058729,-0.01961990359509941,-0.015747279999858664,0.8606022320488524,adversarial_debiasing,NO_ONE
