precision,recall,f1score,mcc,stat_par,eq_odds,ao,acc,model,fairness_method
0.8396009130440143,0.8549168245946515,0.8423384398146743,0.43122442405224276,-0.07956924315619966,0.0010526315789473606,-0.01806270526936738,0.8549168245946515,adversarial_debiasing,NO_ONE
