precision,recall,f1score,mcc,stat_par,eq_odds,ao,acc,model,fairness_method
0.8485930324850621,0.8606022320488524,0.8522780032694288,0.4498100509780876,-0.068544270374934,-0.02254139997968102,-0.022882601053986335,0.8606022320488524,adversarial_debiasing,NO_ONE
