precision,recall,f1score,mcc,stat_par,eq_odds,ao,acc,model,fairness_method
0.8487911176706155,0.8624973678669193,0.8513937373616317,0.45367573045373094,-0.06162639277415538,0.024112607099143202,0.0011744470665838481,0.8624973678669193,adversarial_debiasing,NO_ONE
