precision,recall,f1score,mcc,stat_par,eq_odds,ao,acc,model,fairness_method
0.8513721665093448,0.863129079806275,0.8548969149242869,0.457454107948993,-0.06942892805914158,-0.02007722007722007,-0.020692803194040394,0.863129079806275,adversarial_debiasing,NO_ONE
