precision,recall,f1score,mcc,stat_par,eq_odds,ao,acc,model,fairness_method
0.8395293075280986,0.855759107180459,0.8373032357909508,0.424337316865439,-0.05568423831734576,-0.025118203309692666,-0.019957656143174705,0.855759107180459,adversarial_debiasing,NO_ONE
