precision,recall,f1score,mcc,stat_par,eq_odds,ao,acc,model,fairness_method
0.8494457088533554,0.8627079385133712,0.8523386004074288,0.4558375815682251,-0.06829473832054636,-0.017970141918043858,-0.020703320419340275,0.8627079385133712,adversarial_debiasing,NO_ONE
