precision,recall,f1score,mcc,stat_par,eq_odds,ao,acc,model,fairness_method
0.8399078021925442,0.8574436723520741,0.8427078463796341,0.40428288057909356,-0.05078574897661833,0.010956784102584105,-0.0006711896582065335,0.8574436723520741,adversarial_debiasing,NO_ONE
