precision,recall,f1score,mcc,stat_par,eq_odds,ao,acc,model,fairness_method
0.631741480488871,0.6196650459211237,0.5984924435826328,0.23779619178024117,-0.030985754985754954,-0.022650168467526433,0.007401384910122877,0.6196650459211237,logreg,NO_ONE
0.6166076286409425,0.5921123716909779,0.5473839773023911,0.18662192322560897,-0.023908831908831862,0.016347159288950808,-0.008839570352796422,0.5921123716909779,svm,NO_ONE
0.6491846408795422,0.6499189627228525,0.6491132772734697,0.2952469234375659,-0.043925925925925924,-0.014749622400371809,0.003581701049500341,0.6499189627228525,forest,NO_ONE
0.596463901966333,0.5975148568341437,0.5903329575395508,0.18548201053946436,-0.031635327635327615,-0.022934820494945884,0.00018206866342351802,0.5975148568341437,knn,NO_ONE
0.6087415791641699,0.6094003241491086,0.6089213457287304,0.21434443151713475,-0.031982905982905985,-0.0027651911235041515,-5.122654336392474e-05,0.6094003241491086,cart,NO_ONE
