precision,recall,f1score,mcc,stat_par,eq_odds,ao,acc,model,fairness_method
0.6247830580964827,0.6148028092922745,0.5811001096619425,0.21026345365531635,-0.02491831378220577,0.01727983897742358,-0.00788429703550475,0.6148028092922745,logreg,NO_ONE
0.615484171655571,0.6034575904916262,0.5601832524354771,0.18506455624143256,-0.02191333226203873,-0.004176004316069015,-0.0013757514457837794,0.6034575904916262,svm,NO_ONE
0.6241504995115822,0.6266882766072394,0.6180751379669317,0.23466556763603916,-0.03207456210830795,-0.009731905710491318,0.0014018534125606052,0.6266882766072394,forest,NO_ONE
0.5948445602327426,0.5980551053484603,0.5785760522057238,0.1698378835344582,-0.024607638330922832,-0.012958582337317393,-0.00035393504330255565,0.5980551053484603,knn,NO_ONE
0.6029701568788178,0.6056185845488925,0.6032704104081524,0.1970589493776757,-0.02845894263217097,-0.008175630810092871,0.00032813901090797404,0.6056185845488925,cart,NO_ONE
