precision,recall,f1score,mcc,stat_par,eq_odds,ao,acc,model,fairness_method
0.6256986027621461,0.6012965964343598,0.5521562796710571,0.19557145617983562,-0.026635191286527804,-0.0047120418848167755,-0.0006746346663498715,0.6012965964343598,logreg,NO_ONE
0.6141077966304952,0.595894111291194,0.5486959256693841,0.17980116946397287,-0.025508644407459036,0.0014834205933682565,-0.004009253059865492,0.595894111291194,svm,NO_ONE
0.6308973892218396,0.6326310102647218,0.6306334067273939,0.25550627681098215,-0.04215776185138642,-0.016164921465968596,0.007175670953667529,0.6326310102647218,forest,NO_ONE
0.6005505424126,0.6034575904916262,0.5980873597071706,0.19269005718737434,-0.03032618910136653,-0.0002181500872601161,0.0016919828535001957,0.6034575904916262,knn,NO_ONE
0.596101746691639,0.5953538627768774,0.5956652608638452,0.18631017294401728,-0.03360393102589354,-0.004341186736474656,-0.0015303501955033216,0.5953538627768774,cart,NO_ONE
