precision,recall,f1score,mcc,stat_par,eq_odds,ao,acc,model,fairness_method
0.6156334753429016,0.6077795786061588,0.57973463122361,0.20132280838428632,-0.02814330067485915,0.016623036649214717,-0.008906112529387167,0.6077795786061588,logreg,NO_ONE
0.6082575980438224,0.5813074014046461,0.5120392242527116,0.14958740414816296,-0.017299076019260395,0.0021815008726003837,-0.0037301862028182864,0.5813074014046461,svm,NO_ONE
0.6308973892218396,0.6326310102647218,0.6306334067273939,0.25550627681098215,-0.04121846474186175,-0.005213787085514898,-0.0019181883085976625,0.6326310102647218,forest,NO_ONE
0.5822547826863721,0.5861696380334954,0.5773555214098288,0.15459091886309675,-0.029506032831991713,-0.015815881326352477,-0.0037757092582175744,0.5861696380334954,knn,NO_ONE
0.600011482377778,0.6029173419773096,0.5979180508756523,0.1918641070197381,-0.029907601926044358,-0.005453752181500904,2.7944845888694392e-05,0.6029173419773096,cart,NO_ONE
