precision,recall,f1score,mcc,stat_par,eq_odds,ao,acc,model,fairness_method
0.6478070111881495,0.6428957320367369,0.6234260868062206,0.2666848720461838,-0.02776101050748936,-0.018993122716526978,0.008363238355613478,0.6428957320367369,logreg,NO_ONE
0.6254489543331868,0.6110210696920584,0.5661847738648801,0.19876473385372387,-0.020551084283478627,-0.0017354395013968738,-0.001914930051127639,0.6110210696920584,svm,NO_ONE
0.636931851692063,0.6396542409508373,0.6323942438317343,0.2599101297699999,-0.03180751173708929,0.003916827852998073,-0.003392086788808535,0.6396542409508373,forest,NO_ONE
0.6133262149029454,0.6169638033495408,0.6049395083574663,0.20964044234014365,-0.023943661971830954,-0.00805394369224155,0.0028113686402883586,0.6169638033495408,knn,NO_ONE
0.5956985613679595,0.5953538627768774,0.5955177381409487,0.18154785430533257,-0.022831433042700633,-0.01928325811304543,0.005826182102275562,0.5953538627768774,cart,NO_ONE
