precision,recall,f1score,mcc,stat_par,eq_odds,ao,acc,model,fairness_method
0.5949843113250873,0.5850891410048622,0.5530217110144157,0.16304083123261398,-0.023214958198388147,-0.01410950086118401,-0.000410728981725339,0.5850891410048622,logreg,NO_ONE
0.5935628702986364,0.5786061588330632,0.5352329364740863,0.15153268688668242,-0.01958462001958272,0.00029576019067834025,-0.003419809878811131,0.5786061588330632,svm,NO_ONE
0.6289099046334311,0.6283090221501891,0.622223876182932,0.2497850130838186,-0.03616027717104764,0.00133382046776509,-0.002964869979324325,0.6283090221501891,forest,NO_ONE
0.5968293488430426,0.5964343598055105,0.5853949466073378,0.18331501835321384,-0.027564585373201722,-0.011766616213457648,-0.00028075304253177835,0.5964343598055105,knn,NO_ONE
0.5892857557977995,0.5910318746623446,0.5862768406668142,0.1731456091720229,-0.02470249303306471,0.0006147172590569294,-0.0011667168687731766,0.5910318746623446,cart,NO_ONE
