precision,recall,f1score,mcc,stat_par,eq_odds,ao,acc,model,fairness_method
0.62037664494263,0.6045380875202593,0.5704893962856231,0.20370494277018353,-0.022118956901565623,-0.011330418186649927,0.0014891019958572227,0.6045380875202593,logreg,NO_ONE
0.6205539598758437,0.5991356023770935,0.5566959739115405,0.19511553017022382,-0.018474996735866278,0.02027516729881862,-0.005651240823268622,0.5991356023770935,svm,NO_ONE
0.5972054150442965,0.5985953538627768,0.5885852009651517,0.18401205157778158,-0.02386971952189343,-0.012483994878361049,0.00048058798082684095,0.5985953538627768,forest,NO_ONE
0.5975402493899219,0.5985953538627768,0.5875221053900666,0.18385607129244114,-0.025632351719308333,-0.009518517623752887,-0.002909005943984466,0.5985953538627768,knn,NO_ONE
0.6230579857749683,0.6239870340356564,0.6232592038623812,0.2418768074241388,-0.03119918337309635,0.004559949749957659,-0.003702509397871784,0.6239870340356564,cart,NO_ONE
