precision,recall,f1score,mcc,stat_par,eq_odds,ao,acc,model,fairness_method
0.6225009151563933,0.6126418152350082,0.5774182009224589,0.20473825197125645,-0.02217254512336475,-0.019506158288643993,0.005743297018884874,0.6126418152350082,logreg,NO_ONE
0.5979972949742924,0.5877903835764452,0.5315245668452602,0.14583918565365117,-0.014787216426560668,-0.010977236565073212,0.0021505191548292224,0.5877903835764452,svm,NO_ONE
0.6342201491329494,0.6358725013506212,0.6345809548130323,0.2603395987262538,-0.03210796489485013,-0.01697212564087458,0.006959982276198373,0.6358725013506212,forest,NO_ONE
0.6059483767337303,0.6094003241491086,0.5970799379031718,0.19614002554019788,-0.02062703538113375,0.007082433742814365,0.001265134194241846,0.6094003241491086,knn,NO_ONE
0.5872454065253175,0.5899513776337115,0.5877786174291524,0.16531497233632642,-0.022718993210796512,-0.004580545272395153,-0.0010319959719169713,0.5899513776337115,cart,NO_ONE
