precision,recall,f1score,mcc,stat_par,eq_odds,ao,acc,model,fairness_method
0.6207931204792868,0.6142625607779578,0.5849943171930668,0.20813920384269055,-0.02621194392823545,0.0029684396380489364,-0.003932397461999582,0.6142625607779578,logreg,NO_ONE
0.5791675284992022,0.5753646677471637,0.5136624730311715,0.11374905748216686,-0.011769564319636494,-0.002979474729640219,0.00016369394962817418,0.5753646677471637,svm,NO_ONE
0.6340903991288394,0.6364127498649379,0.6337669402691175,0.25953915366181346,-0.03495308234106498,0.011388214522180529,-0.004321301059402816,0.6364127498649379,forest,NO_ONE
0.5918319940881416,0.5942733657482442,0.5702005969980471,0.16108814946097177,-0.017677289099961024,0.008916354005738314,-0.0009169563383658597,0.5942733657482442,knn,NO_ONE
0.602979347298941,0.6066990815775256,0.6014216370710055,0.19561884388420356,-0.02712391309335349,0.013197969543147225,-0.006545497864434424,0.6066990815775256,cart,NO_ONE
