precision,recall,f1score,mcc,stat_par,eq_odds,ao,acc,model,fairness_method
0.6083328641745285,0.589411129119395,0.5399634231669007,0.1689148238826389,-0.017304529967683946,-0.00467192691029894,9.810247891645085e-05,0.589411129119395,logreg,NO_ONE
0.5682160765328175,0.5613182063749325,0.49398084380076096,0.09580696549110676,-0.008674203259073865,-0.001384274640088612,8.258795468096825e-05,0.5613182063749325,svm,NO_ONE
0.604277374716738,0.6039978390059427,0.5892074861498695,0.1932815681189321,-0.022852052087188435,0.0028723698781838447,-0.0011737051707981783,0.6039978390059427,forest,NO_ONE
0.5673961741863848,0.5715829281469476,0.5555819052071576,0.12284861554719406,-0.019320943612909702,-0.012862218530823144,-0.0024970433313456497,0.5715829281469476,knn,NO_ONE
0.5803979919213037,0.5818476499189628,0.5807638180544394,0.1554181312562221,-0.021741784592844593,0.013242894056847532,-0.007054377147400398,0.5818476499189628,cart,NO_ONE
