precision,recall,f1score,mcc,stat_par,eq_odds,ao,acc,model,fairness_method
0.6249729972456114,0.6110210696920584,0.5787160587135989,0.21304135955882472,-0.027838818140901722,0.0036886839620020595,-0.0018951226851098846,0.6110210696920584,logreg,NO_ONE
0.6059237218420074,0.5904916261480281,0.5439475341560134,0.16776678137021853,-0.022609938841968713,0.0006888506194100419,-0.0038233990859604106,0.5904916261480281,svm,NO_ONE
0.6212749856593621,0.6191247974068071,0.6043217629189075,0.2249612673939886,-0.029293070647549047,0.010754958057885622,-0.00024908390520556045,0.6191247974068071,forest,NO_ONE
0.5934021130062479,0.5915721231766613,0.5663674415595309,0.16471492007435867,-0.025057016531957688,-0.00041664351980441605,-0.003669931466302123,0.5915721231766613,knn,NO_ONE
0.5706977985203591,0.5748244192328471,0.5679065876876109,0.1332602816559665,-0.020554317938554556,-0.0030164990833843053,0.00025149853647771225,0.5748244192328471,cart,NO_ONE
