precision,recall,f1score,mcc,stat_par,eq_odds,ao,acc,model,fairness_method
0.6211916556278319,0.6202052944354403,0.6078933606424937,0.22736687388748658,-0.026800346490612026,-0.006369121731634952,-0.004190564259039742,0.6202052944354403,logreg,NO_ONE
0.6001962585123447,0.5856293895191789,0.5366708051780191,0.1567132596678474,-0.011091211312450167,0.006800114931519996,-3.666763973442233e-05,0.5856293895191789,svm,NO_ONE
0.6394190269003335,0.6407347379794706,0.636708474639046,0.27118307780267414,-0.027075431942688577,-0.002346518532707509,0.0013499060009712627,0.6407347379794706,forest,NO_ONE
0.6076248732953744,0.608860075634792,0.5984731620042977,0.2031695953460221,-0.020701643489254073,0.021765156594195978,-0.00676870286181791,0.608860075634792,knn,NO_ONE
0.6003506328685233,0.6012965964343598,0.6006657960957937,0.1953835900757,-0.022972561689375892,0.005698687865147045,-0.004986606822200923,0.6012965964343598,cart,NO_ONE
