precision,recall,f1score,mcc,stat_par,eq_odds,ao,acc,model,fairness_method
0.6346196410546857,0.631010264721772,0.6134444451195171,0.2458433595687738,-0.03425641025641024,0.005982905982905962,-0.004594017094017078,0.631010264721772,logreg,NO_ONE
0.6186772178095816,0.615343057806591,0.5928083257246242,0.21147623569285903,-0.029350427350427366,0.006837606837606813,-0.005395299145299182,0.615343057806591,svm,NO_ONE
0.6234663063378126,0.6261480280929227,0.6210540132743528,0.23700029992276658,-0.03793732193732202,-0.002564102564102555,-0.004807692307692291,0.6261480280929227,forest,NO_ONE
0.60016925503728,0.6018368449486764,0.5830927509279217,0.1808855738229497,-0.02504273504273513,0.008974358974358942,-0.004914529914529953,0.6018368449486764,knn,NO_ONE
0.5871069799470982,0.5915721231766613,0.584020102544173,0.1634530488072917,-0.023635327635327608,-0.0008547008547008517,-0.00042735042735042583,0.5915721231766613,cart,NO_ONE
