precision,recall,f1score,mcc,stat_par,eq_odds,ao,acc,model,fairness_method
0.6151091822318114,0.6110210696920584,0.5925619478447096,0.21022948035395794,-0.02828209764918621,0.0005785876732182782,-0.0033259267418261906,0.6110210696920584,logreg,NO_ONE
0.6156748277294354,0.5948136142625607,0.5485840242307071,0.18346996811007213,-0.020161796897306572,0.003208010861408206,-0.0021611551717215516,0.5948136142625607,svm,NO_ONE
0.6173108839983747,0.6191247974068071,0.615168730442845,0.22783192965951732,-0.03268678024174354,-0.003643383764027841,-0.0018716718900107232,0.6191247974068071,forest,NO_ONE
0.5965519611028028,0.5975148568341437,0.5844088047279715,0.18017292225293371,-0.024450366422385073,0.00041818713014785125,-0.0021399668107757175,0.5975148568341437,knn,NO_ONE
0.6024262315112952,0.6002160994057266,0.6007726904338089,0.1998438601259994,-0.02909679261444753,-0.015455738042998823,0.002717952649832045,0.6002160994057266,cart,NO_ONE
