precision,recall,f1score,mcc,stat_par,eq_odds,ao,acc,model,fairness_method
0.6379642004478653,0.6358725013506212,0.6208189427806993,0.2546766436933149,-0.03020055842473124,-0.00962292961211375,0.006252565325769843,0.6358725013506212,logreg,NO_ONE
0.5977249522441702,0.5888708806050783,0.5381973646199594,0.15036367335626646,-0.014747157691114454,0.003934002078340715,-0.00018527229954368174,0.5888708806050783,svm,NO_ONE
0.6301316955241397,0.6320907617504052,0.630328137383164,0.25231545520077914,-0.036200886909867225,-0.004830021419633956,-0.000767176434864042,0.6320907617504052,forest,NO_ONE
0.5807824641772159,0.5861696380334954,0.5698656854611698,0.1457171605209314,-0.022090625399200703,-0.020385765486819585,0.0024853523924524556,0.5861696380334954,knn,NO_ONE
0.5718147352187292,0.5769854132901134,0.5704220773238857,0.13321456834474732,-0.017316641421975643,0.002290416304370879,-0.00023359195542821398,0.5769854132901134,cart,NO_ONE
