precision,recall,f1score,mcc,stat_par,eq_odds,ao,acc,model,fairness_method
0.8193478694348381,0.8445988629185092,0.8207530425637444,0.325945181199193,-0.030668630646217332,-0.004578938137355604,-0.0024354091807982613,0.8445988629185092,logreg,NO_ONE
0.8212685931077403,0.8460728574436723,0.8215665003728355,0.3300609872978787,-0.03156746599815627,-0.0049234546866778195,-0.0031525396704719724,0.8460728574436723,svm,NO_ONE
0.8181038518527736,0.8382817435249527,0.8240538107768467,0.3409168510838175,-0.03596838187376851,0.0027310766455363455,0.0009281549328502767,0.8382817435249527,forest,NO_ONE
0.8021423380744904,0.832175194777848,0.8083801919325619,0.2731195520821593,-0.026718091920690634,0.002355240409912085,0.00012763790128700325,0.832175194777848,knn,NO_ONE
0.7779892579643692,0.7508949252474205,0.7628377607484164,0.20580351891622556,-0.02917223481478695,0.013335922427400948,0.004682913520996174,0.7508949252474205,cart,NO_ONE
