precision,recall,f1score,mcc,stat_par,eq_odds,ao,acc,model,fairness_method
0.8194727191166401,0.8387028848178564,0.8247268145745994,0.35960922793100875,-0.03649888244213778,-0.012253338059789676,-0.004008843153977645,0.8387028848178564,logreg,NO_ONE
0.8144468398479798,0.8349126131817225,0.820226207993139,0.3420770262324373,-0.03573840497683206,0.00565993146638305,0.002026443758939657,0.8349126131817225,svm,NO_ONE
0.81853277691466,0.8328069067172036,0.8238885211673467,0.3629371699821416,-0.041111523241936385,-0.010398203946591078,-0.0042931283638919585,0.8328069067172036,forest,NO_ONE
0.8029846533271465,0.8256475047378395,0.810136862523366,0.3033537587569348,-0.03300034016808531,-0.016672574737090884,-0.007297156158411533,0.8256475047378395,knn,NO_ONE
0.7920662309057502,0.7797431038113287,0.7854209317960591,0.2740831640086314,-0.03634032952101643,0.002977667493796521,0.0008787003058578491,0.7797431038113287,cart,NO_ONE
