precision,recall,f1score,mcc,stat_par,eq_odds,ao,acc,model,fairness_method
0.8266142678856546,0.8479679932617393,0.8308089348110799,0.35487755406567073,-0.034838563566426214,-0.0037315373413771558,-0.0014342072102439783,0.8479679932617393,logreg,NO_ONE
0.8261059743765556,0.8490208464939988,0.828781492490189,0.3465620519098821,-0.033169487745667275,-0.012091741210734364,-0.005115003414888863,0.8490208464939988,svm,NO_ONE
0.822606861848933,0.843124868393346,0.8282159451049139,0.3456580313084543,-0.03690800959964133,-0.009933430413979594,-0.004875325721248588,0.843124868393346,forest,NO_ONE
0.8177857428727123,0.8405980206359234,0.823671671024868,0.3261304068213545,-0.033565813814563306,-0.00024703557312250046,-0.0007661454402653096,0.8405980206359234,knn,NO_ONE
0.7890897134529283,0.759107180459044,0.7720355709728772,0.23287199925331203,-0.03268650145762489,0.0020933014354067025,0.00047539390048291497,0.759107180459044,cart,NO_ONE
