precision,recall,f1score,mcc,stat_par,eq_odds,ao,acc,model,fairness_method
0.8377071541000257,0.8555485365340072,0.8369035614556234,0.4062345874109734,-0.03928835014510726,-0.0047905047905048015,-0.001296039573466714,0.8555485365340072,logreg,NO_ONE
0.8284026087445229,0.8490208464939988,0.8289032525824322,0.37423804408424594,-0.036841705366391544,0.0059702559702559665,0.0021486302512470877,0.8490208464939988,svm,NO_ONE
0.8295859065671333,0.8473362813223837,0.8335269144847047,0.3917416457814529,-0.04257020644901659,0.005219505219505205,0.00168622042957196,0.8473362813223837,forest,NO_ONE
0.8149168627849487,0.8403874499894715,0.8164219970521287,0.3244796853850461,-0.03125561978040524,0.003396253396253379,0.0008567937172291387,0.8403874499894715,knn,NO_ONE
0.7884973466513274,0.764582017266793,0.7750027273889002,0.2583826651789345,-0.03582322456938403,0.009473759473759502,0.004043827664492877,0.764582017266793,cart,NO_ONE
