precision,recall,f1score,mcc,stat_par,eq_odds,ao,acc,model,fairness_method
0.8214375956844381,0.8422825858075385,0.8236130947994326,0.3697000827751786,-0.03558273930006747,-0.01337035550202953,-0.0054546761867507,0.8422825858075385,logreg,NO_ONE
0.8220141337310394,0.8435460096862497,0.8218245000015884,0.364325430237708,-0.03370882102731086,0.005464115259378233,0.0014832677092556576,0.8435460096862497,svm,NO_ONE
0.8235791194922325,0.8435460096862497,0.8259500261346088,0.3785486796411625,-0.03570887969726305,0.0008251929167224503,0.0006064530337567993,0.8435460096862497,forest,NO_ONE
0.8051117129773495,0.832175194777848,0.8079317767152167,0.3089868705930561,-0.027364839097656135,-0.006434274499308612,-0.0023261894982686583,0.832175194777848,knn,NO_ONE
0.775075829039717,0.7677405769635712,0.7712497081688563,0.23229965270645744,-0.030410396315527,0.019810205629153865,0.006408369114988793,0.7677405769635712,cart,NO_ONE
