precision,recall,f1score,mcc,stat_par,eq_odds,ao,acc,model,fairness_method
0.8106095886273033,0.8361760370604338,0.8153914400532208,0.3145747448404854,-0.031559465856609084,0.003540876381933733,3.924813787734016e-06,0.8361760370604338,logreg,NO_ONE
0.8134478751442927,0.8378606022320488,0.8180278015167889,0.3252998400180169,-0.03200392429974465,0.011494321973272104,0.003581286587092704,0.8378606022320488,svm,NO_ONE
0.8161769334253736,0.83575489576753,0.8220752039945184,0.34445663553069156,-0.035627835464050794,-0.010255916990796088,-0.004040403544155538,0.83575489576753,forest,NO_ONE
0.798624536350782,0.8298589176668772,0.8041796081818949,0.26835137120434516,-0.02472052196452966,0.005801266058685972,0.0016125782884316153,0.8298589176668772,knn,NO_ONE
0.7858351655995535,0.7540534849441988,0.7675231660526852,0.2433462867690861,-0.032646697533780605,0.004977666628592725,0.0021797418852005923,0.7540534849441988,cart,NO_ONE
