precision,recall,f1score,mcc,stat_par,eq_odds,ao,acc,model,fairness_method
0.8306914234423061,0.8509159823120657,0.8340856477697918,0.3712470708321538,-0.035796875574680934,0.018018018018018056,0.006789836046754864,0.8509159823120657,logreg,NO_ONE
0.8311419325037451,0.8507054116656139,0.8349734048893119,0.3750149489899093,-0.03653763930265917,-0.006113256113256138,-0.0024365862283179385,0.8507054116656139,svm,NO_ONE
0.8204798921119517,0.8359654664139818,0.8262736557431742,0.347843114296317,-0.03841512192430763,-0.007335907335907332,-0.0035866272514032266,0.8359654664139818,forest,NO_ONE
0.8127657275613731,0.8355443251210781,0.8194823241493644,0.3132781958975218,-0.031489067269851775,-0.018082368082368072,-0.00735510285550256,0.8355443251210781,knn,NO_ONE
0.7892251539540984,0.7454200884396716,0.763297608098926,0.23327553993440733,-0.033003926220162544,-0.011647361647361631,-0.004867518646116981,0.7454200884396716,cart,NO_ONE
