precision,recall,f1score,mcc,stat_par,eq_odds,ao,acc,model,fairness_method
0.8325580282430146,0.852179406190777,0.8322600338296967,0.3852053223050321,-0.03831610351765767,0.00939046063691823,0.0033418315402494875,0.852179406190777,logreg,NO_ONE
0.8341118344838524,0.8534428300694883,0.8317032994895849,0.3848471685217727,-0.03561310391082126,0.005151544262452568,0.0026871239781862018,0.8534428300694883,svm,NO_ONE
0.8261283646297931,0.8445988629185092,0.830622154393157,0.37795355108183254,-0.04168748120909363,-0.01947740045151064,-0.007844386159055566,0.8445988629185092,forest,NO_ONE
0.812534979830178,0.839334596757212,0.8141209722140075,0.3122138166490438,-0.030212886514489237,0.0032542389163744967,0.0006116261517363046,0.839334596757212,knn,NO_ONE
0.7769448204381666,0.7382606864603074,0.754456529746374,0.21294135242657386,-0.03060836282060178,0.011864162543830159,0.005079617730760502,0.7382606864603074,cart,NO_ONE
