precision,recall,f1score,mcc,stat_par,eq_odds,ao,acc,model,fairness_method
0.8078264343404822,0.8334386186565593,0.8125304515894891,0.3146006973568422,-0.03691166321601104,0.007000000000000006,0.0008177799374758515,0.8334386186565593,logreg,NO_ONE
0.8244622776390745,0.8458622867972204,0.8251777806040055,0.36575152493733876,-0.03682194616977226,0.011736842105263157,0.005731878158082852,0.8458622867972204,svm,NO_ONE
0.8142147724481821,0.8351231838281743,0.8196828149013711,0.3442768129261125,-0.041822521279043026,-0.01221052631578945,-0.005866536201739273,0.8351231838281743,forest,NO_ONE
0.8035671500010163,0.8296483470204253,0.8094691809013563,0.3026508070348894,-0.03435185185185184,-0.010245614035087725,-0.0045962690581729596,0.8296483470204253,knn,NO_ONE
0.7837087062606068,0.7561591914087177,0.7680049471615653,0.24757857881093492,-0.03830055210489994,0.0015789473684210131,0.0006114324589655967,0.7561591914087177,cart,NO_ONE
