precision,recall,f1score,mcc,stat_par,eq_odds,ao,acc,model,fairness_method
0.8180520492288407,0.8420720151610865,0.8217923475057097,0.3329457718870405,-0.03321411547616397,0.004340487099107837,0.0007898426727307555,0.8420720151610865,logreg,NO_ONE
0.8253909633661043,0.8475468519688355,0.8273950704046822,0.3561367624146209,-0.03403350637129192,0.0032955550196929195,0.0010902742369416733,0.8475468519688355,svm,NO_ONE
0.8271595442546579,0.8437565803327016,0.8322829452958905,0.37848079722229594,-0.039742953046407084,-0.009324009324009286,-0.0029827796952008323,0.8437565803327016,forest,NO_ONE
0.8003226143954163,0.8300694883133292,0.8070386993953249,0.27198684293111014,-0.02632086963663563,-0.0014468290330359457,-0.0010210707546569782,0.8300694883133292,knn,NO_ONE
0.7799381375006289,0.7475257949041904,0.7614414377475928,0.21550522204505776,-0.032378221626239545,-0.03174985933606622,-0.013676156613177934,0.7475257949041904,cart,NO_ONE
