precision,recall,f1score,mcc,stat_par,eq_odds,ao,acc,model,fairness_method
0.8204962089014937,0.8445988629185092,0.8234722921911448,0.33462838553307866,-0.031170676597800304,-0.008052570797348835,-0.003557163170343835,0.8445988629185092,logreg,NO_ONE
0.8341234999794696,0.8540745420088439,0.8347297799535863,0.3813062817046419,-0.03531023898691918,-0.005360012050612539,-0.002287849162561171,0.8540745420088439,svm,NO_ONE
0.8292306469453494,0.848599705201095,0.8333022874790654,0.37482707925879677,-0.03721564439755115,0.0019331191002209258,0.00048644226955337974,0.848599705201095,forest,NO_ONE
0.8079544447027405,0.8351231838281743,0.8138946368027606,0.2948360929304916,-0.0281022641700628,0.002931060453906398,0.000593256083651017,0.8351231838281743,knn,NO_ONE
0.7844796743172263,0.7671088650242156,0.7750292962391522,0.22861554339672113,-0.0299947129012558,-0.009176039365334399,-0.003803705957176995,0.7671088650242156,cart,NO_ONE
