precision,recall,f1score,mcc,stat_par,eq_odds,ao,acc,model,fairness_method
0.8226811370803914,0.8437565803327016,0.8259245492034136,0.3634466375727347,-0.036077378133354626,0.007751937984496138,0.0031566035566726637,0.8437565803327016,logreg,NO_ONE
0.8165607086131128,0.839334596757212,0.8206498503448066,0.3425477943982257,-0.03590601605622365,0.0033627128243248205,0.00016043342868022129,0.839334596757212,svm,NO_ONE
0.8231461127299041,0.8416508738681828,0.8279550570229304,0.37263923233186197,-0.03913694919469417,0.00481398888534923,0.0021227897598195926,0.8416508738681828,forest,NO_ONE
0.8026305133064451,0.8307012002526848,0.8080359391971088,0.29174338575058667,-0.02964832587118331,-0.0026547732823616887,-0.0020799535583981878,0.8307012002526848,knn,NO_ONE
0.7831964599029969,0.7515266371867761,0.7649541171361494,0.24075920609445212,-0.03331447646870539,0.010176630915719798,0.004325419190798388,0.7515266371867761,cart,NO_ONE
