precision,recall,f1score,mcc,stat_par,eq_odds,ao,acc,model,fairness_method
0.8341182460192942,0.8523899768372288,0.8381404599347839,0.38609034256490565,-0.040954924952010904,0.010111453578349139,0.004364503776316829,0.8523899768372288,logreg,NO_ONE
0.8271064871998178,0.846704569383028,0.8320992612343137,0.3619387561294437,-0.03996970327713406,-0.012894541765830436,-0.005499207939931933,0.846704569383028,svm,NO_ONE
0.8252493154514811,0.8405980206359234,0.8307877344113894,0.3625081449032264,-0.042517171997502254,0.0009103559491761004,7.997594272473457e-05,0.8405980206359234,forest,NO_ONE
0.8148680624476888,0.8401768793430195,0.8203314236097392,0.3119647182934227,-0.03202779897777469,0.0025489966576932033,0.0007882225020027743,0.8401768793430195,knn,NO_ONE
0.7893289550882961,0.7479469361970941,0.7650127751862388,0.23197141239670493,-0.03513610398020306,-0.002607519540140213,-0.0011061008908134495,0.7479469361970941,cart,NO_ONE
