precision,recall,f1score,mcc,stat_par,eq_odds,ao,acc,model,fairness_method
0.8240954889689963,0.8452305748578648,0.8278093174243665,0.3603079804082073,-0.03696693854866087,-0.007955936352509185,-0.0034761110696226068,0.8452305748578648,logreg,NO_ONE
0.8256596581067809,0.8452305748578648,0.8300393325746185,0.36968495562224296,-0.03859383972943524,0.0020807833537331843,0.0006797370386890898,0.8452305748578648,svm,NO_ONE
0.8223584320756663,0.8403874499894715,0.8278006917322216,0.3630587843481086,-0.03986254533773799,-0.008323133414932682,-0.003554101921302774,0.8403874499894715,forest,NO_ONE
0.8142450392386076,0.8368077489997894,0.8199761552077052,0.3296035079543281,-0.032478516931673626,0.02288861689106486,0.009657655961869262,0.8368077489997894,knn,NO_ONE
0.7776653205740953,0.7656348704990524,0.7712816650364499,0.21358866056637926,-0.028707641929218236,-0.00507955936352511,-0.002100434084602615,0.7656348704990524,cart,NO_ONE
