precision,recall,f1score,mcc,stat_par,eq_odds,ao,acc,model,fairness_method
0.8222190869063895,0.8445988629185092,0.8230394002712386,0.35530147704319787,-0.03406574945352042,-0.01839394576413711,-0.007017961305426975,0.8445988629185092,logreg,NO_ONE
0.817978803372827,0.8424931564539904,0.8167310916616857,0.3323128056679542,-0.029811510940335573,-0.010826150935463519,-0.003983231415532248,0.8424931564539904,svm,NO_ONE
0.8107911195869647,0.8323857654242999,0.8168009669656726,0.3312082295567541,-0.03506943562675689,-0.026382173638847983,-0.010015402725906113,0.8323857654242999,forest,NO_ONE
0.8031902536018025,0.8313329121920404,0.8080128846988431,0.29405052247150865,-0.028176467485686044,-0.01814869315394857,-0.006882332294560353,0.8313329121920404,knn,NO_ONE
0.7819224432490082,0.7652137292061487,0.772806547928428,0.24121987136094866,-0.03277881202469948,0.00255763436339429,0.0010177047064778844,0.7652137292061487,cart,NO_ONE
