precision,recall,f1score,mcc,stat_par,eq_odds,ao,acc,model,fairness_method
0.833653435997002,0.8408638608388,0.8342358379370041,0.5506993158605553,-0.1074039206230368,0.09850496421149846,0.03890045340393271,0.8408638608388,logreg,NO_ONE
0.8243883683329487,0.832829660204909,0.8247247887426784,0.5243706635175039,-0.09581857927401347,0.11235365008926002,0.04783965817166147,0.832829660204909,svm,NO_ONE
0.8343784072718727,0.8410112773641926,0.8356043795967191,0.5545934313126596,-0.14978678244665095,0.01158480269863893,-0.02170968384687294,0.8410112773641926,forest,NO_ONE
