precision,recall,f1score,mcc,stat_par,eq_odds,ao,acc,model,fairness_method
0.8339688791921098,0.8413798186776738,0.8349487738330346,0.5457915067595943,-0.10168951067380524,0.1376933733548834,0.05491155410541579,0.8413798186776738,logreg,NO_ONE
0.8241393658027022,0.8331982015183902,0.8243502344359863,0.516021440483871,-0.08043820762827869,0.16332833063957508,0.07382302912579755,0.8331982015183902,svm,NO_ONE
0.8338446654558775,0.8402741947372301,0.8355151037046397,0.5479819233338679,-0.14534059370210678,0.03549988455322095,-0.012568305173133735,0.8402741947372301,forest,NO_ONE
