precision,recall,f1score,mcc,stat_par,eq_odds,ao,acc,model,fairness_method
0.8358178778206548,0.8431488169823838,0.8363739451887412,0.5512934315553251,-0.1181716131858504,0.09315781072618268,0.030207295720142417,0.8431488169823838,logreg,NO_ONE
0.8217299158308323,0.8309132453748065,0.8222029696173327,0.51146635337202,-0.11253402494997064,0.07698842827754826,0.021310110321146127,0.8309132453748065,svm,NO_ONE
0.8368748453038556,0.8427065674062062,0.8385071965916532,0.5580418233619315,-0.16348346292848537,-0.008396472839942715,-0.03695817911523277,0.8427065674062062,forest,NO_ONE
