precision,recall,f1score,mcc,stat_par,eq_odds,ao,acc,model,fairness_method
0.8335982065086057,0.841158693889585,0.8338851451911781,0.5464352412159555,-0.10331418083438046,0.10730136365923615,0.03890476769662979,0.841158693889585,logreg,NO_ONE
0.821687168191201,0.8308395371121102,0.8217494660042585,0.5125723730542346,-0.086138576780138,0.13743672319227085,0.057272817394721884,0.8308395371121102,svm,NO_ONE
0.831156044394909,0.8378418220682539,0.8327727075964457,0.5436669299462293,-0.14035792988756562,0.0032325265435515504,-0.025014377378787984,0.8378418220682539,forest,NO_ONE
