precision,recall,f1score,mcc,stat_par,eq_odds,ao,acc,model,fairness_method
0.833033753843893,0.8404216112626225,0.8333351058064751,0.5483631888264024,-0.11379597889924603,0.08673074537280445,0.02660508747616875,0.8404216112626225,logreg,NO_ONE
0.8190828343434049,0.8284808727058304,0.8176469955152582,0.5057824315196245,-0.08265618576750088,0.10755008897632268,0.04746409985214235,0.8284808727058304,svm,NO_ONE
0.8325379551960218,0.8394634038475713,0.8337008733289051,0.5493585013764443,-0.14653068472646,0.00025796897676899633,-0.02778026185255084,0.8394634038475713,forest,NO_ONE
