precision,recall,f1score,mcc,stat_par,eq_odds,ao,acc,model,fairness_method
0.8334601320311292,0.8410112773641926,0.8341362465663352,0.5450927326602367,-0.11258458115936723,0.06958421610169496,0.018356044313198688,0.8410112773641926,logreg,NO_ONE
0.8156818851323474,0.8256062504606766,0.81644358656083,0.495241376500902,-0.09671746869136592,0.098925229519774,0.033737193573238844,0.8256062504606766,svm,NO_ONE
0.8326793432256834,0.8394634038475713,0.8342257120573748,0.545672332183438,-0.15438808032083567,-0.011729784604519788,-0.0394150068482618,0.8394634038475713,forest,NO_ONE
