precision,recall,f1score,mcc,stat_par,eq_odds,ao,acc,model,fairness_method
0.8310904692548922,0.8387263212206089,0.8315744807504204,0.5421791316372633,-0.1174381371576425,0.08954293874825048,0.026892609541249828,0.8387263212206089,logreg,NO_ONE
0.8200686258712775,0.8293653718581853,0.8196065329912634,0.5092598024049357,-0.09979165127653597,0.10307288965306549,0.038060639124173914,0.8293653718581853,svm,NO_ONE
0.8348106249187421,0.8413798186776738,0.8361087242743271,0.5549130191466288,-0.15451658839258642,-0.009890086467207126,-0.03414854584244549,0.8413798186776738,forest,NO_ONE
