precision,recall,f1score,mcc,stat_par,eq_odds,ao,acc,model,fairness_method
0.8289878724626732,0.8367361981278101,0.8299697458841578,0.5358818328780024,-0.10406868092940666,0.12814849223127023,0.04709924711316113,0.8367361981278101,logreg,NO_ONE
0.8203242452479519,0.8297339131716666,0.8198409790671367,0.5080294649384668,-0.08163959579985393,0.1344322726293964,0.05858905449624924,0.8297339131716666,svm,NO_ONE
0.8331952289396969,0.8393896955848751,0.8348439839419742,0.5501515805717084,-0.14887406200734637,0.027797602683607536,-0.01843184207449805,0.8393896955848751,forest,NO_ONE
