precision,recall,f1score,mcc,stat_par,eq_odds,ao,acc,model,fairness_method
0.8353877075796693,0.8424117343554213,0.8364868384770027,0.5517263113587122,-0.11738328481720363,0.0987921169739352,0.03111062597420925,0.8424117343554213,logreg,NO_ONE
0.8196902120932494,0.8290705388074003,0.8203593115335711,0.50631944551635,-0.0930528678462185,0.1389701207883025,0.056016004674567604,0.8290705388074003,svm,NO_ONE
0.8362546677051333,0.8421906095673325,0.837889633625084,0.5563595666442318,-0.1598092491433379,0.009059122695486255,-0.030240022629210384,0.8421906095673325,forest,NO_ONE
