precision,recall,f1score,mcc,stat_par,eq_odds,ao,acc,model,fairness_method
0.8267686163011777,0.8347460750350114,0.8267021502949912,0.533838479643791,-0.1144777931961305,0.07663428533708849,0.021938679124903212,0.8347460750350114,logreg,NO_ONE
0.8168236280865325,0.8261222082995504,0.8165601624868293,0.5060021167187957,-0.10947040433942361,0.06400171624713957,0.01589951535760696,0.8261222082995504,svm,NO_ONE
0.8300076496326197,0.8371784477039876,0.8309417574768199,0.5452720153922448,-0.1589809704120161,-0.03262657322654461,-0.04786969533679741,0.8371784477039876,forest,NO_ONE
