precision,recall,f1score,mcc,stat_par,eq_odds,ao,acc,model,fairness_method
0.8282040284319593,0.8358516989754552,0.8288566933872188,0.5382942557698863,-0.11179962447895146,0.09839551672036262,0.03141909295689428,0.8358516989754552,logreg,NO_ONE
0.8213939904221732,0.830176162747844,0.8211655137356869,0.5173713101584931,-0.09650582122378817,0.08669832463272231,0.03253845352206275,0.830176162747844,svm,NO_ONE
0.8291548963157591,0.8362202402889364,0.8304141190999129,0.5426711349169218,-0.14471076436390423,-0.002997913452237211,-0.028982171683687684,0.8362202402889364,forest,NO_ONE
