precision,recall,f1score,mcc,stat_par,eq_odds,ao,acc,model,fairness_method
0.8373968563380516,0.8446229822363087,0.837389364534336,0.5558419217901014,-0.10410231324401448,0.1167096814155637,0.044209040418719855,0.8446229822363087,logreg,NO_ONE
0.8224746735058497,0.8317240362644652,0.820978797162037,0.5108023943737494,-0.0844311193446407,0.11328364269540736,0.048084455188818674,0.8317240362644652,svm,NO_ONE
0.8339325742188328,0.840569027788015,0.8353958116333751,0.5503676310665505,-0.1439508117961851,0.009472191825132925,-0.023210393718296023,0.840569027788015,forest,NO_ONE
