precision,recall,f1score,mcc,stat_par,eq_odds,ao,acc,model,fairness_method
0.8336650813836233,0.8409375691014963,0.8345228474342788,0.5483183323204643,-0.10858243997738927,0.11472645580075469,0.04095432002886949,0.8409375691014963,logreg,NO_ONE
0.8204053272009336,0.8296602049089703,0.8206696703433561,0.5096734827556164,-0.0796196088737269,0.1787409049938138,0.07936379923778764,0.8296602049089703,svm,NO_ONE
0.830504790556943,0.8371047394412914,0.8321858524895726,0.5423338499397626,-0.144672516040739,0.030304235025584214,-0.015362314828793352,0.8371047394412914,forest,NO_ONE
