precision,recall,f1score,mcc,stat_par,eq_odds,ao,acc,model,fairness_method
0.8321207909068081,0.8395371121102676,0.8329511884750241,0.5448022767379944,-0.1049172313865128,0.10684130896312738,0.04009726846160242,0.8395371121102676,logreg,NO_ONE
0.8175075949222892,0.8269329991892092,0.8181864009393275,0.5035374684648151,-0.07695316177765585,0.1325536656986912,0.062204163824255455,0.8269329991892092,svm,NO_ONE
0.8319877871839768,0.8379155303309501,0.8337270689014451,0.547934412423425,-0.14741551617990603,0.019784523780472907,-0.019576775877859488,0.8379155303309501,forest,NO_ONE
