precision,recall,f1score,mcc,stat_par,eq_odds,ao,acc,model,fairness_method
0.8376171866642304,0.8447703987617012,0.8381249459590971,0.5560208090114108,-0.11303584626073061,0.10081802182330168,0.03475412114746358,0.8447703987617012,logreg,NO_ONE
0.8237935399625574,0.8329033684676053,0.8235623184386714,0.5153777641086615,-0.09727192246658485,0.11091235480464623,0.0425001474107835,0.8329033684676053,svm,NO_ONE
0.8348979347248244,0.8406427360507113,0.8366246569735563,0.5528437343216686,-0.16206668103331345,-0.022812390003519867,-0.04456934013609343,0.8406427360507113,forest,NO_ONE
