precision,recall,f1score,mcc,stat_par,eq_odds,ao,acc,model,fairness_method
0.8347727775292915,0.8421906095673325,0.8353544845265696,0.5488191910415957,-0.10510085022526165,0.10214182281873396,0.03839750609066622,0.8421906095673325,logreg,NO_ONE
0.8222640046352879,0.8312080784255915,0.8230309863609602,0.5141504069119808,-0.0998124169115359,0.09476251197706165,0.03416619414286892,0.8312080784255915,svm,NO_ONE
0.8335089005542698,0.8400530699491413,0.8350939947606739,0.5485072620040845,-0.15049812845561153,0.0032491156786040865,-0.02886774448877434,0.8400530699491413,forest,NO_ONE
