precision,recall,f1score,mcc,stat_par,eq_odds,ao,acc,model,fairness_method
0.6381636882818663,0.640194489465154,0.638503194608197,0.2669323972866602,-0.1673093500815861,-0.0894334160463192,-0.1523794622440189,0.640194489465154,knn,NO_ONE
0.6117801053525808,0.6099405726634252,0.6106306321038614,0.2139432233208999,-0.071399433514978,-0.0192824648469809,-0.0561570408193876,0.6099405726634252,tree,NO_ONE
0.6883112245693885,0.6898973527822798,0.687661608098,0.36744090928518797,-0.175852806255965,-0.0904156327543425,-0.15028342174885362,0.6898973527822798,logreg,NO_ONE
0.67095817654368,0.671528903295516,0.6646239743283991,0.32707646076173236,-0.2717627228225732,-0.17959057071960294,-0.2549145973332955,0.671528903295516,svm,NO_ONE
0.6559870941715792,0.655861696380335,0.6559226741492779,0.30359650739036326,-0.1460700101597857,-0.084005376344086,-0.122588497625358,0.655861696380335,forest,NO_ONE
