precision,recall,f1score,mcc,stat_par,eq_odds,ao,acc,model,fairness_method
0.6576743889722428,0.6569421934089681,0.6529534925012246,0.3085937570853798,-0.151515510300734,-0.0785033989519897,-0.1285646119823411,0.6569421934089681,logreg,NO_ONE
0.6356352837706254,0.6326310102647218,0.6237399763619564,0.2596285692347441,-0.1330649617175784,-0.0736351083415947,-0.1142776216037874,0.6326310102647218,svm,NO_ONE
0.6488243926587199,0.6493787142085359,0.64891910783473,0.294853949853907,-0.1301010340200489,-0.0251911910494264,-0.1125995009102399,0.6493787142085359,forest,NO_ONE
0.6240819367448921,0.6250675310642896,0.6223436543482994,0.24357328239118642,-0.09784118714973555,-0.06269473162441586,-0.07585574286416255,0.6250675310642896,knn,NO_ONE
0.6043272512931211,0.6056185845488925,0.6039477607565269,0.2049871987725514,-0.08638803378325044,-0.03277687296416942,-0.07140555508864316,0.6056185845488925,tree,NO_ONE
