precision,recall,f1score,mcc,stat_par,eq_odds,ao,acc,model,fairness_method
0.6248459673466144,0.6272285251215559,0.6247365018915655,0.2412470840969997,-0.1710350513119367,-0.1222222222222222,-0.1566568868418075,0.6272285251215559,knn,NO_ONE
0.618296082253232,0.6196650459211237,0.6187193211703259,0.228858052814615,-0.1587297485185309,-0.0989294942783315,-0.1473339905770779,0.6196650459211237,tree,NO_ONE
0.6885351787219153,0.6893571042679633,0.685929562216929,0.3675874664950655,-0.16923377103324222,-0.08918420081210776,-0.14793857727729956,0.6893571042679633,logreg,NO_ONE
0.6642923014692371,0.6645056726094003,0.6577947776549942,0.31535773068462,-0.2082662483492571,-0.12812846068660022,-0.19319778190036516,0.6645056726094003,svm,NO_ONE
0.6402562588875131,0.6412749864937871,0.6405969720771273,0.27326307229468993,-0.14858236399300162,-0.11941675895164261,-0.12686684680718197,0.6412749864937871,forest,NO_ONE
