precision,recall,f1score,mcc,stat_par,eq_odds,ao,acc,model,fairness_method
0.6666577216643536,0.6682874122096164,0.6645072906873539,0.3233024085643787,-0.2193990793369955,-0.1671567331835602,-0.1936108341242477,0.6682874122096164,logreg,NO_ONE
0.651864712005423,0.6537007023230686,0.648434835275397,0.2923094704583165,-0.2516236088082764,-0.2134927976741112,-0.2272550568457136,0.6537007023230686,svm,NO_ONE
0.642960418810737,0.6439762290653701,0.6433100563948695,0.2782570216206894,-0.1470796230472991,-0.122654288357341,-0.1194115597630861,0.6439762290653701,forest,NO_ONE
0.6109811421363598,0.6131820637493247,0.6113922026872609,0.2132678851562784,-0.15241925658316424,-0.12022598123430694,-0.13465844516260803,0.6131820637493247,knn,NO_ONE
0.6041123634951111,0.6056185845488925,0.6046105061075857,0.1997092430675261,-0.12268576150696331,-0.09496828333553586,-0.10521141439504064,0.6056185845488925,tree,NO_ONE
