precision,recall,f1score,mcc,stat_par,eq_odds,ao,acc,model,fairness_method
0.6593245915090298,0.6601836844948676,0.6574307660287154,0.3124160708267636,-0.1915846456692913,-0.1160089224433768,-0.1749326310022071,0.6601836844948676,logreg,NO_ONE
0.6494495036991309,0.6488384656942193,0.6425144243979244,0.2886647959805113,-0.2257938769167011,-0.1621825669183253,-0.2103701308588154,0.6488384656942193,svm,NO_ONE
0.6305317936489769,0.6304700162074555,0.6305001697014131,0.2567501757177565,-0.1510231040198922,-0.0875257378174331,-0.1371006937901656,0.6304700162074555,forest,NO_ONE
0.6181483954191761,0.6196650459211237,0.6180670301318989,0.23119825164564692,-0.12701771653543303,-0.05574811256005496,-0.1166933405691104,0.6196650459211237,knn,NO_ONE
0.5972384569629303,0.595894111291194,0.596341385533962,0.18963103195175615,-0.1238486842105263,-0.06829100892244333,-0.11489943672522107,0.595894111291194,tree,NO_ONE
