precision,recall,f1score,mcc,stat_par,eq_odds,ao,acc,model,fairness_method
0.6643462994948144,0.6666666666666666,0.66482339133222,0.3152329980723202,-0.1819986849060739,-0.0978869677968873,-0.1639164207104609,0.6666666666666666,logreg,NO_ONE
0.6561406718496348,0.6596434359805511,0.6555181610921039,0.2969110053270085,-0.2233777284975696,-0.1523421309798583,-0.205443400222034,0.6596434359805511,svm,NO_ONE
0.6558299059480904,0.6542409508373852,0.6548862575968017,0.2984145450051875,-0.1417336032284266,-0.0714179788354557,-0.1211974951648543,0.6542409508373852,forest,NO_ONE
0.6440984489675594,0.6445164775796867,0.644295443657084,0.27463499671315267,-0.1620982194659688,-0.11342385745302996,-0.13964995706684216,0.6445164775796867,knn,NO_ONE
0.6170833849745957,0.6126418152350082,0.6140651111962244,0.2190004956720183,-0.13100785188432335,-0.06561541064767462,-0.11976340075654424,0.6126418152350082,tree,NO_ONE
