precision,recall,f1score,mcc,stat_par,eq_odds,ao,acc,model,fairness_method
0.60613829152137,0.6083198271204754,0.6051791147156635,0.2059786027173368,-0.1537086971959634,-0.0766756932636396,-0.1420307639966433,0.6083198271204754,knn,NO_ONE
0.591427797638616,0.5921123716909779,0.5916940001716561,0.1777636867563233,-0.1082762560014819,-0.0471608203707202,-0.0965710482342443,0.5921123716909779,tree,NO_ONE
0.6754082924282508,0.6747703943814155,0.6702824051641075,0.3417811125656588,-0.15763249574171367,-0.08655456892751434,-0.12738191490605616,0.6747703943814155,logreg,NO_ONE
0.6527282181115553,0.6504592112371691,0.6418714675425564,0.29199901260079986,-0.19023089946327587,-0.10602262946869023,-0.1701620368280178,0.6504592112371691,svm,NO_ONE
0.6278382165861478,0.6288492706645057,0.628064156640516,0.25085336756997495,-0.131463975669876,-0.051271070806305996,-0.11364984429434688,0.6288492706645057,forest,NO_ONE
