precision,recall,f1score,mcc,stat_par,eq_odds,ao,acc,model,fairness_method
0.6319649036620033,0.6342517558076716,0.63188479977234,0.2553174606349616,-0.1470805024582383,-0.0946382666177011,-0.1306984969853861,0.6342517558076716,knn,NO_ONE
0.6158970440106123,0.6175040518638574,0.6163514063731564,0.2236117391724867,-0.1320802050385482,-0.1111845595136084,-0.1128172024258276,0.6175040518638574,tree,NO_ONE
0.6780922896527969,0.6790923824959482,0.674938649224207,0.34567157404244775,-0.18241137539796048,-0.11559962459705397,-0.15976622856012665,0.6790923824959482,logreg,NO_ONE
0.6743615857824664,0.6731496488384657,0.6652461839479633,0.333104976818159,-0.21174342249889444,-0.13609580936059085,-0.19321361391582348,0.6731496488384657,svm,NO_ONE
0.650359211034017,0.6520799567801189,0.6504833841544639,0.29282538454634205,-0.15076333410058995,-0.10431713388011588,-0.12907527043099914,0.6520799567801189,forest,NO_ONE
