precision,recall,f1score,mcc,stat_par,eq_odds,ao,acc,model,fairness_method
0.6829010741689767,0.6828741220961643,0.6790495427888744,0.3570642377766423,-0.1950290375203915,-0.1270435446906035,-0.1731503720404808,0.6828741220961643,logreg,NO_ONE
0.6661340945562018,0.6661264181523501,0.6611318260156598,0.3224058013284696,-0.2576169657422512,-0.1733299380358203,-0.2424244813043349,0.6661264181523501,svm,NO_ONE
0.6452281669257612,0.6455969746083198,0.645385436795163,0.2852903110724539,-0.1592939641109298,-0.1233511586452763,-0.1381749509635911,0.6455969746083198,forest,NO_ONE
0.6166164314847977,0.6185845488924906,0.6164386829324645,0.22679903121010517,-0.17388319738988578,-0.14315423138952554,-0.15802996202755243,0.6185845488924906,knn,NO_ONE
0.6167603439548488,0.6148028092922745,0.6153861164281673,0.2276706200459722,-0.12770114192495924,-0.11740938799762335,-0.10773341134419523,0.6148028092922745,tree,NO_ONE
