precision,recall,f1score,mcc,stat_par,eq_odds,ao,acc,model,fairness_method
0.6301661662470706,0.6315505132360886,0.6296103022672076,0.2553442690493068,-0.1196792248106389,-0.0746822170464019,-0.0985713716810957,0.6315505132360886,knn,NO_ONE
0.6369592429009041,0.637493246893571,0.6371441524635519,0.2699650803868318,-0.1093934986300443,-0.0471238386633778,-0.0889961298580047,0.637493246893571,tree,NO_ONE
0.6758935238632396,0.6758508914100486,0.6726764680535207,0.34497573456348246,-0.1751825957082528,-0.10435914845341332,-0.14879141633196985,0.6758508914100486,logreg,NO_ONE
0.6654798360544201,0.6634251755807672,0.6571126329729409,0.32003471323641086,-0.24480704831142885,-0.17256968019733054,-0.2229164190460337,0.6634251755807672,svm,NO_ONE
0.651871160311543,0.6526202052944354,0.6520118076933697,0.2998007849601779,-0.15091629609777302,-0.09399843579452183,-0.12665711263410304,0.6526202052944354,forest,NO_ONE
