precision,recall,f1score,mcc,stat_par,eq_odds,ao,acc,model,fairness_method
0.6679474934398857,0.6693679092382496,0.6679957564157054,0.328671134304213,-0.1869969278033794,-0.1172502252782491,-0.1646539711561968,0.6693679092382496,logreg,NO_ONE
0.6524166971591591,0.6542409508373852,0.6498247076719128,0.2946739548645691,-0.2089631336405529,-0.1403990875216145,-0.191052237426492,0.6542409508373852,svm,NO_ONE
0.6491613297647604,0.6472177201512695,0.6478411419505028,0.2910785268755607,-0.1242588325652842,-0.0709565598590691,-0.1020766893776035,0.6472177201512695,forest,NO_ONE
0.6254505868437499,0.6266882766072394,0.6258452340644077,0.24332792545833784,-0.14929723502304149,-0.10469552934299942,-0.13144336786348843,0.6266882766072394,knn,NO_ONE
0.604860478853269,0.6007563479200432,0.6017167625864686,0.20118128392773152,-0.07132872503840249,-0.04153237918185437,-0.05450248995897192,0.6007563479200432,tree,NO_ONE
