precision,recall,f1score,mcc,stat_par,eq_odds,ao,acc,model,fairness_method
0.6228520393895697,0.624527282549973,0.62265883025677,0.239971573647885,-0.1156522831151773,-0.0601374570446735,-0.0923600748493394,0.624527282549973,knn,NO_ONE
0.6085114010609209,0.6094003241491086,0.6088063440551092,0.2118102394463578,-0.1094961265661833,-0.0784819082272083,-0.0852486561180646,0.6094003241491086,tree,NO_ONE
0.663711974702555,0.6639654240950837,0.6597209699697161,0.318948375777281,-0.16362870500943172,-0.11257664577858639,-0.12904178948392675,0.6639654240950837,logreg,NO_ONE
0.6490744352995603,0.6493787142085359,0.6439196261206002,0.2886642357832668,-0.21191908303878138,-0.18485951081463514,-0.17815264947705117,0.6493787142085359,svm,NO_ONE
0.6516345721570296,0.6526202052944354,0.6517740316666466,0.29839574588777845,-0.12474000507562422,-0.10275587898389593,-0.08581531914812826,0.6526202052944354,forest,NO_ONE
