precision,recall,f1score,mcc,stat_par,eq_odds,ao,acc,model,fairness_method
0.6596649919361907,0.6596434359805511,0.6540469766929269,0.3089279671035189,-0.1596212993044168,-0.0746851307760267,-0.1344748936962211,0.6596434359805511,logreg,NO_ONE
0.6502083992631023,0.6461372231226364,0.6337974656217754,0.2819352922003607,-0.2108810888981678,-0.1362700581455076,-0.1899541245501407,0.6461372231226364,svm,NO_ONE
0.6475443640319254,0.6482982171799028,0.6477831591722266,0.2898548121591733,-0.1271017710380788,-0.0746728031065727,-0.0967568370641741,0.6482982171799028,forest,NO_ONE
0.619105616593461,0.6212857914640735,0.6180985717332157,0.23107602753319706,-0.16131188194437374,-0.11547327977645827,-0.13933127975422577,0.6212857914640735,knn,NO_ONE
0.6069190806520571,0.6077795786061588,0.6072295216708835,0.2080575728477364,-0.11615881292582819,-0.09728174888537322,-0.09126063993682396,0.6077795786061588,tree,NO_ONE
