precision,recall,f1score,mcc,stat_par,eq_odds,ao,acc,model,fairness_method
0.6389308975382723,0.6407347379794706,0.6375816727875107,0.2703916857481288,-0.1645288545579099,-0.1058505357570778,-0.1533222994678643,0.6407347379794706,knn,NO_ONE
0.621696756349747,0.6212857914640735,0.6214693794008765,0.2376087472964532,-0.1015283584910117,-0.0637602273116292,-0.0890033666502055,0.6212857914640735,tree,NO_ONE
0.6771697027641048,0.6769313884386818,0.6722207868753284,0.34432248502083646,-0.19604878778573054,-0.12194036493101912,-0.18193158513281574,0.6769313884386818,logreg,NO_ONE
0.6790113601439708,0.6747703943814155,0.6658351547979713,0.3413628845618711,-0.22914747360215426,-0.1476584163500051,-0.21724021580920055,0.6747703943814155,svm,NO_ONE
0.6646386876472207,0.6655861696380335,0.664815858638532,0.323869802537724,-0.1678595894455861,-0.11162746910410459,-0.15180411519609613,0.6655861696380335,forest,NO_ONE
