precision,recall,f1score,mcc,stat_par,eq_odds,ao,acc,model,fairness_method
0.8432951027016505,0.8591282375236892,0.8420708635572,0.4319138395529376,-0.1128094087876696,-0.1523157894736841,-0.0998998482997638,0.8591282375236892,logreg,NO_ONE
0.8428600736011991,0.8587070962307854,0.8382063786910314,0.4204563249104001,-0.090858063031976,-0.0979649122807017,-0.0675362259290306,0.8587070962307854,svm,NO_ONE
0.8386807578620742,0.8555485365340072,0.8391230502834878,0.4195059570553268,-0.093531746031746,-0.0745614035087719,-0.0583966587995977,0.8555485365340072,forest,NO_ONE
0.8252424862568513,0.8469151400294799,0.8227306170887333,0.3589580403352331,-0.06759201748332183,-0.03235087719298246,-0.03248071281121341,0.8469151400294799,knn,NO_ONE
0.7981316844450231,0.7965887555274794,0.7973504416558018,0.300819062890813,-0.12139291465378418,-0.07605263157894737,-0.07938498006083886,0.7965887555274794,tree,NO_ONE
