precision,recall,f1score,mcc,stat_par,eq_odds,ao,acc,model,fairness_method
0.8199277016704887,0.8433354390397979,0.8202417107123375,0.3447478686708288,-0.0742063592837064,-0.0820895522388059,-0.0577647438001194,0.8433354390397979,knn,NO_ONE
0.7896350055517345,0.7927984838913456,0.7911781239667711,0.2692549982794374,-0.1138896648453936,-0.059771564711653,-0.0737101926075226,0.7927984838913456,tree,NO_ONE
0.8480026121027738,0.8627079385133712,0.8458065488631843,0.44514739996145875,-0.11306686878434422,-0.17857893630439353,-0.11150126469069506,0.8627079385133712,logreg,NO_ONE
0.8387281935764009,0.8559696778269109,0.8340261309349227,0.40265156796604484,-0.09042513083277823,-0.13594001821876533,-0.08525997912453838,0.8559696778269109,svm,NO_ONE
0.8382363315051973,0.8551273952411034,0.8394229129311065,0.4184070724976018,-0.10393680176123676,-0.10854179805199354,-0.0800625218967281,0.8551273952411034,forest,NO_ONE
