precision,recall,f1score,mcc,stat_par,eq_odds,ao,acc,model,fairness_method
0.8529129391224083,0.8677616340282165,0.8531028262114806,0.4468472131529981,-0.0911486158329286,-0.0880119126578491,-0.0620783332964758,0.8677616340282165,logreg,NO_ONE
0.8491825382128368,0.8652347862707939,0.8484371607576272,0.428930316063952,-0.0808650755105344,-0.0540686408385678,-0.0444731977634949,0.8652347862707939,svm,NO_ONE
0.8419470808422607,0.8587070962307854,0.844828646044401,0.4129168748179295,-0.076133236198802,-0.0152874774036648,-0.0259400124529664,0.8587070962307854,forest,NO_ONE
0.8311535260635192,0.8526005474836807,0.8326631269653947,0.3637945392286609,-0.06978480075857443,-0.0652920291834107,-0.04654539864232468,0.8526005474836807,knn,NO_ONE
0.8035745137983445,0.7925879132448936,0.7976807508278394,0.28879715987906907,-0.12167429866555654,-0.067398852951504,-0.07770826340192902,0.7925879132448936,tree,NO_ONE
