precision,recall,f1score,mcc,stat_par,eq_odds,ao,acc,model,fairness_method
0.8576437122966022,0.8702884817856391,0.8556269905424387,0.4766101389045584,-0.1095024167996484,-0.1737475383063547,-0.104600331662432,0.8702884817856391,logreg,NO_ONE
0.8495952858098611,0.8637607917456307,0.843073969873793,0.4331391066041842,-0.0800139919979648,-0.0921273836399443,-0.0599407676730872,0.8637607917456307,svm,NO_ONE
0.8454402597110021,0.8610233733417562,0.8456739347798999,0.4368096827031948,-0.0910572631189435,-0.0663216292809452,-0.0543425420393053,0.8610233733417562,forest,NO_ONE
0.8297827592656531,0.850494841019162,0.8286145772384491,0.3716710450687412,-0.0709099424130993,-0.09143090446227004,-0.05730211535981392,0.850494841019162,knn,NO_ONE
0.794800870605854,0.7866919351442409,0.7905222880463773,0.2799531265578061,-0.10355755220981058,0.0004202891589413782,-0.041629719618659786,0.7866919351442409,tree,NO_ONE
