precision,recall,f1score,mcc,stat_par,eq_odds,ao,acc,model,fairness_method
0.8288027082244708,0.8494419877869025,0.828670173218515,0.3737871619968975,-0.0691788047559903,-0.0878735878735878,-0.0545453258913297,0.8494419877869025,knn,NO_ONE
0.7972930765469153,0.7953253316487682,0.7962940831091546,0.2918435544582297,-0.1098290746772647,-0.0789003289003288,-0.0757322463141199,0.7953253316487682,tree,NO_ONE
0.855897338237977,0.8688144872604759,0.8549314779097033,0.47532180967486914,-0.10507094620779604,-0.1648076648076648,-0.09836659455480815,0.8688144872604759,logreg,NO_ONE
0.8450461561343927,0.8608128026953042,0.8426547489117592,0.42971797866878525,-0.08017687011973976,-0.09323609323609328,-0.05968933105306414,0.8608128026953042,svm,NO_ONE
0.8475789017268539,0.8620762265740156,0.8488355022575281,0.4508317196938191,-0.09346312870428242,-0.10682110682110679,-0.06980204079700568,0.8620762265740156,forest,NO_ONE
