precision,recall,f1score,mcc,stat_par,eq_odds,ao,acc,model,fairness_method
0.8427510373535541,0.8591282375236892,0.8432063149464954,0.4259245413707125,-0.1156676850714458,-0.1831456688889824,-0.1170167940084801,0.8591282375236892,logreg,NO_ONE
0.8397929384016314,0.8572331017056223,0.8393814213941485,0.4116879330905855,-0.097663035172878,-0.1303751886162928,-0.0870373046708573,0.8572331017056223,svm,NO_ONE
0.8356791782054457,0.8530216887765846,0.8384552195811684,0.4066901084186001,-0.0984831251611307,-0.104524987525775,-0.0766118972685652,0.8530216887765846,forest,NO_ONE
0.8153137397995126,0.8399663086965677,0.8187706788907335,0.32837822074851414,-0.0751613057512456,-0.11154061186824815,-0.07087973770639922,0.8399663086965677,knn,NO_ONE
0.8032336095377121,0.801010739102969,0.802101670827177,0.3085852944985991,-0.11429581334145256,-0.02803243899653124,-0.05908472905492573,0.801010739102969,tree,NO_ONE
