precision,recall,f1score,mcc,stat_par,eq_odds,ao,acc,model,fairness_method
0.8451103118128971,0.8610233733417562,0.8462856854388053,0.4313097358702613,-0.107832417483307,-0.1737802427457599,-0.1075840180623703,0.8610233733417562,logreg,NO_ONE
0.8429446892402106,0.8597599494630449,0.8432928784465201,0.4200288051840559,-0.0854344537176551,-0.121533638775018,-0.0747127221545004,0.8597599494630449,svm,NO_ONE
0.8406193107487733,0.8570225310591704,0.8432373494948096,0.4190498211133467,-0.0874783254797178,-0.0837553251346354,-0.0603376046652234,0.8570225310591704,forest,NO_ONE
0.8179032136160044,0.8429142977468941,0.820318522693515,0.32742496337069943,-0.07294401967459244,-0.08263001366449643,-0.05875366249463626,0.8429142977468941,knn,NO_ONE
0.7971742743680945,0.7896399241945673,0.7932139461017176,0.2799376750856007,-0.09883811522439798,-0.002170243549553863,-0.040438809208574324,0.7896399241945673,tree,NO_ONE
