precision,recall,f1score,mcc,stat_par,eq_odds,ao,acc,model,fairness_method
0.8241029845735897,0.8477574226152874,0.8248530413098868,0.3415002941159903,-0.0599399196840581,-0.0463885820445872,-0.0366815550867979,0.8477574226152874,knn,NO_ONE
0.7995990946503924,0.7949041903558643,0.7971729240099132,0.2838092025267451,-0.1149042810802699,-0.0731258786905,-0.0784760784326607,0.7949041903558643,tree,NO_ONE
0.8499772512457977,0.865024215624342,0.8505782119379345,0.4440713332629352,-0.12169261418992326,-0.21540469973890342,-0.13241556225721055,0.865024215624342,logreg,NO_ONE
0.8527428064344224,0.8673404927353127,0.8504477609737449,0.44576395372898275,-0.08497899277481408,-0.1143615685880699,-0.0714926772755266,0.8673404927353127,svm,NO_ONE
0.8502380885332448,0.865024215624342,0.8513863230515729,0.4469947983065703,-0.09139989766157075,-0.12190575416750354,-0.07682973249881499,0.865024215624342,forest,NO_ONE
