precision,recall,f1score,mcc,stat_par,eq_odds,ao,acc,model,fairness_method
0.8500475777275638,0.86481364497789,0.8497733988059636,0.4481483751290968,-0.1045723087091209,-0.1394124847001224,-0.0909822184562501,0.86481364497789,logreg,NO_ONE
0.8466815955285852,0.8624973678669193,0.8438754006503179,0.4274080205961909,-0.0762673479315361,-0.0402080783353733,-0.0377925900597038,0.8624973678669193,svm,NO_ONE
0.8451939099935202,0.8608128026953042,0.8465737711680128,0.4348414843481985,-0.0784633178847049,-0.0326805385556915,-0.0338596713795268,0.8608128026953042,forest,NO_ONE
0.8275969345851512,0.8494419877869025,0.8272831504289413,0.3601099687892649,-0.06403670233601287,-0.0244798041615667,-0.028677193182027286,0.8494419877869025,knn,NO_ONE
0.7963875417800772,0.7995367445778059,0.7979224519204495,0.2802905251839925,-0.08903413141617819,-0.05048959608323128,-0.05355912885664218,0.7995367445778059,tree,NO_ONE
