precision,recall,f1score,mcc,stat_par,eq_odds,ao,acc,model,fairness_method
0.8351705588048429,0.8555485365340072,0.8356843928578067,0.3759938774928903,-0.0647363391719211,-0.0356901393800707,-0.0325394835584913,0.8555485365340072,knn,NO_ONE
0.8014540143736406,0.7951147610023163,0.7981469274865481,0.2809457049377866,-0.1102502862675905,-0.0894398793426253,-0.0814212318316034,0.7951147610023163,tree,NO_ONE
0.8512422098272582,0.8662876395030533,0.8524395308032037,0.44306638119149616,-0.11024508665444178,-0.16357655502392343,-0.10477374861460632,0.8662876395030533,logreg,NO_ONE
0.8462884791651073,0.8633396504527269,0.8442052412792176,0.41249401922476553,-0.08009830735259962,-0.09440659454961514,-0.0629499957933695,0.8633396504527269,svm,NO_ONE
0.8472547536360431,0.863129079806275,0.8491316911813896,0.4296230890557274,-0.08822414723455686,-0.08279592261285629,-0.06040102677089272,0.863129079806275,forest,NO_ONE
