precision,recall,f1score,mcc,stat_par,eq_odds,ao,acc,model,fairness_method
0.8242979096414935,0.8458622867972204,0.825901738320768,0.363212073954578,-0.071030555550217,-0.0361455748552522,-0.0369262502928942,0.8458622867972204,knn,NO_ONE
0.8058836955842641,0.801010739102969,0.803346709609483,0.3229698215527471,-0.1177481257122869,-0.1043483398322108,-0.0883698602157365,0.801010739102969,tree,NO_ONE
0.8433397191243049,0.8584965255843335,0.8453549484287836,0.4385089539602524,-0.11843826333622251,-0.15079758950726696,-0.10396183823446173,0.8584965255843335,logreg,NO_ONE
0.8360302721210329,0.8538639713623921,0.8370275926303943,0.40677205333808497,-0.08695138286975021,-0.07297648587971167,-0.057647310470541134,0.8538639713623921,svm,NO_ONE
0.8385548727216271,0.8542851126552958,0.8415472340058061,0.42395960607157557,-0.09465743920696634,-0.061124896608767576,-0.055331238288570214,0.8542851126552958,forest,NO_ONE
