precision,recall,f1score,mcc,stat_par,eq_odds,ao,acc,model,fairness_method
0.8158116644752824,0.8229527530036117,0.8179828880584213,0.5067399111316158,-0.1875241559735397,-0.1082623288712684,-0.0994940286356966,0.8229527530036117,knn,NO_ONE
0.817386092251268,0.8202992555465468,0.8186821528179545,0.5134043352653139,-0.1693172622618078,-0.0295543754329253,-0.0525159990440521,0.8202992555465468,tree,NO_ONE
0.8408353051708288,0.8471290631679811,0.8416187211286504,0.5711390847414719,-0.19015956958582458,-0.1433018341958991,-0.10894162024413379,0.8471290631679811,logreg,NO_ONE
0.8263755194758501,0.8343775337215302,0.8271348505242349,0.5309681366292427,-0.19399428542226996,-0.18988601742401628,-0.1362921742880936,0.8343775337215302,svm,NO_ONE
0.8333039569438092,0.8386526129579126,0.8350015815101499,0.5540807462132071,-0.18982330851128748,-0.07160445680882577,-0.07933133000872725,0.8386526129579126,forest,NO_ONE
