precision,recall,f1score,mcc,stat_par,eq_odds,ao,acc,model,fairness_method
0.8406371312211363,0.8472027714306773,0.84084513682981,0.5692547112459968,-0.1745203884380123,-0.1088327873640895,-0.0897070702090091,0.8472027714306773,logreg,NO_ONE
0.8273235028674891,0.8354094493992776,0.827567666688734,0.5324931575652326,-0.1786633041440428,-0.1550554787597252,-0.115797002285832,0.8354094493992776,svm,NO_ONE
0.8381098447470834,0.8435173582958649,0.8396400896517873,0.5666090330275315,-0.1839207333971565,-0.0955168601366438,-0.0882846079823486,0.8435173582958649,forest,NO_ONE
0.814078517967542,0.8216997125377755,0.8162618067840662,0.5018755336184846,-0.1844098216567595,-0.12993342036386274,-0.11060025744860741,0.8216997125377755,knn,NO_ONE
0.8163994907371259,0.8187513820299256,0.8174761728949338,0.511090530487203,-0.18132640932031677,-0.06552015260662414,-0.07875705446346633,0.8187513820299256,tree,NO_ONE
