precision,recall,f1score,mcc,stat_par,eq_odds,ao,acc,model,fairness_method
0.8130200089949265,0.8194147563941918,0.815300066175326,0.4973225220249275,-0.1928705869879499,-0.1227842564215767,-0.1125601384502349,0.8194147563941918,knn,NO_ONE
0.8121768590825046,0.8130021375396181,0.8125793368173223,0.4968611923315039,-0.1817338781196646,-0.0581777849403244,-0.0769209067256342,0.8130021375396181,tree,NO_ONE
0.8340881542073924,0.8407901525761038,0.8354517195621594,0.5513962845673765,-0.18809099854043243,-0.100485638717838,-0.09565207829959488,0.8407901525761038,logreg,NO_ONE
0.8267549384262641,0.8348197832977077,0.8276967112324926,0.5295161502206571,-0.1905103334017041,-0.15508342937315228,-0.12306725316619814,0.8348197832977077,svm,NO_ONE
0.837595094861736,0.8421906095673325,0.8392078695838274,0.5635271861598973,-0.1902202777835579,-0.06974996241920128,-0.08115411543935018,0.8421906095673325,forest,NO_ONE
