precision,recall,f1score,mcc,stat_par,eq_odds,ao,acc,model,fairness_method
0.8111790527945861,0.8186776737672293,0.813499618790964,0.4944788696874045,-0.1890142341054546,-0.1021393045602745,-0.1013738854658663,0.8186776737672293,knn,NO_ONE
0.8105509094884058,0.8134443871157957,0.8118557540939603,0.4953441867224535,-0.1818051836658294,-0.0163321275088795,-0.0594519917661939,0.8134443871157957,tree,NO_ONE
0.8378495781004718,0.8446229822363087,0.8383358055530193,0.5621609458337457,-0.19151435825461657,-0.14292531568379174,-0.11320924352053349,0.8446229822363087,logreg,NO_ONE
0.8287877899306141,0.8368099063905063,0.8285707419351992,0.5353695338261295,-0.18348029133278215,-0.15996308352352795,-0.11944817603971843,0.8368099063905063,svm,NO_ONE
0.8347870091840695,0.8404953195253188,0.8363950555103478,0.5575438786716072,-0.1851222435825168,-0.06354307589604835,-0.07548931256727062,0.8404953195253188,forest,NO_ONE
