precision,recall,f1score,mcc,stat_par,eq_odds,ao,acc,model,fairness_method
0.8106307713731129,0.8168349671998231,0.8129069589407592,0.4929238214335367,-0.197690528322875,-0.1198405649853993,-0.1121011131726003,0.8168349671998231,knn,NO_ONE
0.8137060306590286,0.8159504680474681,0.8147433763164199,0.5025853702815464,-0.1886980064060827,-0.045687652312305,-0.0729103661918144,0.8159504680474681,tree,NO_ONE
0.8384138770623658,0.8449915235497899,0.8392774105280778,0.5635593800092464,-0.19216478600515471,-0.11233347780059255,-0.09917304559603657,0.8449915235497899,logreg,NO_ONE
0.8261506564444161,0.8344512419842264,0.8264960909003314,0.5280873583250268,-0.18313904134464531,-0.12252339303857268,-0.10334631900055222,0.8344512419842264,svm,NO_ONE
0.8366765711168618,0.8418220682538513,0.83830696928506,0.5620875422632206,-0.19255969551318003,-0.07253156372782366,-0.08116764324468606,0.8418220682538513,forest,NO_ONE
