precision,recall,f1score,mcc,stat_par,eq_odds,ao,acc,model,fairness_method
0.805413649650544,0.8124861797007444,0.8079751378894159,0.4742545006580598,-0.1965939039753132,-0.1437367584745762,-0.1265909628089171,0.8124861797007444,knn,NO_ONE
0.8140146861070099,0.8168349671998231,0.8152914455710895,0.4990434847006648,-0.1798224047416149,-0.0425163312146892,-0.070145328575575,0.8168349671998231,tree,NO_ONE
0.8365072051789485,0.84322252524508,0.8377632997411947,0.5553948618840122,-0.18578774590038283,-0.1233006709039548,-0.10372139800119416,0.84322252524508,logreg,NO_ONE
0.8202745170772863,0.8291442470700966,0.8215977957206134,0.5097743407031949,-0.1858742630293358,-0.15568723516949157,-0.12316128067409395,0.8291442470700966,svm,NO_ONE
0.8366635822189804,0.8421906095673325,0.838345246656071,0.5579928259324871,-0.19335655603884105,-0.10330596751412424,-0.09858910362639471,0.8421906095673325,forest,NO_ONE
