precision,recall,f1score,mcc,stat_par,eq_odds,ao,acc,model,fairness_method
0.8124604511378956,0.8195621729195843,0.8148283414253127,0.4942905748453701,-0.1838280429362708,-0.103176209058562,-0.0996078277625248,0.8195621729195843,knn,NO_ONE
0.81278993063446,0.8152133854205056,0.8139058527642838,0.4973351138439765,-0.1777659138927302,-0.0538173008761243,-0.0730654264775999,0.8152133854205056,tree,NO_ONE
0.8427157305539538,0.8491928945234761,0.8432147951452476,0.5719468522916146,-0.1794649361354287,-0.11943096648979001,-0.09649485736113392,0.8491928945234761,logreg,NO_ONE
0.8264237184223775,0.8348934915604039,0.8267740960986204,0.5260240272777515,-0.16891260142764952,-0.11966152554387854,-0.09627553817520161,0.8348934915604039,svm,NO_ONE
0.8343376316177346,0.8399056534237488,0.8360631700346993,0.5531379252339703,-0.18101080896613692,-0.06314909256085721,-0.0744858125923196,0.8399056534237488,forest,NO_ONE
