precision,recall,f1score,mcc,stat_par,eq_odds,ao,acc,model,fairness_method
0.8114906869241075,0.8184565489791406,0.8138904832199388,0.4910798657752523,-0.1935410728184017,-0.1294701187593105,-0.1166829522204767,0.8184565489791406,knn,NO_ONE
0.811860728121805,0.8138129284292769,0.8127776824323795,0.4941041505674886,-0.177397867292372,-0.0621447415507785,-0.0764920939474569,0.8138129284292769,tree,NO_ONE
0.8399545019195462,0.8466868135918036,0.840648497165626,0.5640196221432117,-0.17868328057746735,-0.1098502817100675,-0.09299272611360528,0.8466868135918036,logreg,NO_ONE
0.8244292743300324,0.8331982015183902,0.8248512497497172,0.5197788192515559,-0.1789818105447424,-0.14211794372456493,-0.11254587880987656,0.8331982015183902,svm,NO_ONE
0.836928819672733,0.8415272352030663,0.8385708704208087,0.5602265758700508,-0.19069308599725482,-0.0661935435547899,-0.08025067865840081,0.8415272352030663,forest,NO_ONE
