precision,recall,f1score,mcc,stat_par,eq_odds,ao,acc,model,fairness_method
0.8415685196060642,0.8478661457949436,0.8426274327488923,0.5692547160755637,-0.1856918161663674,-0.1050465754608918,-0.093345087966472,0.8478661457949436,logreg,NO_ONE
0.8278007590699721,0.8359991155008476,0.8285666203843243,0.5297315565679989,-0.1789361227343674,-0.1170063469421571,-0.099899175417902,0.8359991155008476,svm,NO_ONE
0.8353624736738661,0.839979361686445,0.8370355765183055,0.5557104311785139,-0.1962312072863817,-0.089911171626791,-0.0930322635748625,0.839979361686445,forest,NO_ONE
0.813166334847713,0.8189725068180143,0.8153729780801611,0.49594429300841764,-0.19183040455349226,-0.11773613722650872,-0.10895919512799553,0.8189725068180143,knn,NO_ONE
0.8143061608124282,0.8154345102085944,0.8148508663665154,0.500354668804438,-0.18138383738266844,-0.05084325718443594,-0.07240084677513041,0.8154345102085944,tree,NO_ONE
