precision,recall,f1score,mcc,stat_par,eq_odds,ao,acc,model,fairness_method
0.8195159992225743,0.8252377091471954,0.8216070749560174,0.5129524722729497,-0.1946147061929904,-0.1254131004689036,-0.1127152792592853,0.8252377091471954,knn,NO_ONE
0.8189158069650053,0.820372963809243,0.8196089742212799,0.512822398208299,-0.192008637869819,-0.0787577709348078,-0.0900290520638389,0.820372963809243,tree,NO_ONE
0.843490919477154,0.8497825606250461,0.8442891101926135,0.5739330209789859,-0.19031788170333144,-0.133739675477427,-0.1085357688892184,0.8497825606250461,logreg,NO_ONE
0.8288181787213209,0.8371047394412914,0.8290253322121517,0.5312663999585083,-0.17618414130137589,-0.12347613155537579,-0.10189315900982716,0.8371047394412914,svm,NO_ONE
0.8405948068004147,0.8448441070243974,0.8421374304247875,0.5699718138580089,-0.1897022693779569,-0.05418525348329872,-0.07352071463823293,0.8448441070243974,forest,NO_ONE
