precision,recall,f1score,mcc,stat_par,eq_odds,ao,acc,model,fairness_method
0.8138311659228005,0.8198570059703693,0.8160726160722325,0.4971761057463419,-0.2045505570434384,-0.1600163200520332,-0.1319784350881942,0.8198570059703693,knn,NO_ONE
0.8154764326483698,0.8161715928355568,0.8158167047884728,0.5031275892322433,-0.1806033392738025,-0.0262441056119199,-0.0584156941846289,0.8161715928355568,tree,NO_ONE
0.8424414707996907,0.8486769366846023,0.8434860563284683,0.5712867627629754,-0.19534059796298325,-0.12930881446905385,-0.10637292829485351,0.8486769366846023,logreg,NO_ONE
0.8275936332277987,0.8356305741873664,0.8286938977725056,0.5296767818184686,-0.19364654374209733,-0.1533667193264323,-0.12126774604767708,0.8356305741873664,svm,NO_ONE
0.8397295548391206,0.8440333161347388,0.8412965703532209,0.567206007318277,-0.19667210103443816,-0.07000914459953966,-0.08065175668778407,0.8440333161347388,forest,NO_ONE
