precision,recall,f1score,mcc,stat_par,eq_odds,ao,acc,model,fairness_method
0.8417242748049024,0.8482346871084249,0.8425512727405097,0.5684188017784664,-0.1892902950346988,-0.1420922210489265,-0.110356401020406,0.8482346871084249,logreg,NO_ONE
0.8263450949182604,0.8347460750350114,0.8271743874351309,0.525187512117603,-0.1965949323942922,-0.2041893699401619,-0.1464313166904076,0.8347460750350114,svm,NO_ONE
0.8369129127762885,0.8418957765165475,0.8385997738421272,0.5589862208493855,-0.1995881971547048,-0.1229714889123547,-0.1077237961062137,0.8418957765165475,forest,NO_ONE
0.8188626641807758,0.8247217513083217,0.8209933992623624,0.5104503418093813,-0.2085049711896544,-0.1724604012671595,-0.13942621613427256,0.8247217513083217,knn,NO_ONE
0.8111677334288376,0.813518095378492,0.8122570048577643,0.49116722834330323,-0.1766157664938386,-0.051644491376275914,-0.07049467336638071,0.813518095378492,tree,NO_ONE
