precision,recall,f1score,mcc,stat_par,eq_odds,ao,acc,model,fairness_method
0.8412957901059209,0.8471290631679811,0.8426990876747981,0.5695095744558357,-0.1992375829826616,-0.1356325492689129,-0.1130544426144341,0.8471290631679811,logreg,NO_ONE
0.829228216629681,0.8373258642293802,0.8298719065781688,0.5331152327270564,-0.1867022348388468,-0.1392561983471074,-0.1130976152037696,0.8373258642293802,svm,NO_ONE
0.837088127705847,0.84145352694037,0.8387008456791462,0.5602212169484738,-0.2004052068351549,-0.0779084551811825,-0.0894297529150084,0.84145352694037,forest,NO_ONE
0.8137733270072502,0.8201518390211543,0.8160689655525505,0.4968767478763524,-0.20058682389229326,-0.13744437380801022,-0.1222604277189749,0.8201518390211543,knn,NO_ONE
0.8147005499001435,0.8154345102085944,0.8150594459829165,0.5011373263056741,-0.19506173930999304,-0.07221869040050855,-0.0889087467149614,0.8154345102085944,tree,NO_ONE
