precision,recall,f1score,mcc,stat_par,eq_odds,ao,acc,model,fairness_method
0.840846852554347,0.8474976044814624,0.8417129722942656,0.5650333940701974,-0.1896947166351498,-0.1165286352311203,-0.099854480913501,0.8474976044814624,logreg,NO_ONE
0.8298530777418028,0.8381366551190389,0.8300590514182735,0.532339497921889,-0.1791207005230408,-0.1277318318300878,-0.1032475504023678,0.8381366551190389,svm,NO_ONE
0.8374911779576173,0.8424117343554213,0.839175453046946,0.5596251477423325,-0.2010464522337421,-0.1274908091971913,-0.109701113115243,0.8424117343554213,forest,NO_ONE
0.8155123858909158,0.8207415051227243,0.8175757173423607,0.500830549579036,-0.20362016108157027,-0.14229192196674473,-0.1241000260973046,0.8207415051227243,knn,NO_ONE
0.8145340169649014,0.8166138424117344,0.8155050568261921,0.49915525769667174,-0.18830439516360092,-0.10337257452826354,-0.09732643700532927,0.8166138424117344,tree,NO_ONE
