precision,recall,f1score,mcc,stat_par,eq_odds,ao,acc,model,fairness_method
0.8388451145861363,0.8452863566005749,0.8399579732196185,0.5635755132370849,-0.1836631395221992,-0.1000339295567566,-0.0910142317766161,0.8452863566005749,logreg,NO_ONE
0.8254104379271192,0.8337878676199602,0.826160640185837,0.524923771015686,-0.1763182165276634,-0.1128579311195726,-0.0974457254828868,0.8337878676199602,svm,NO_ONE
0.8334180720697959,0.8387263212206089,0.8351634710171356,0.5516157543160898,-0.1891261887997461,-0.0701464454505262,-0.0819165747294372,0.8387263212206089,forest,NO_ONE
0.8129655553555519,0.8197095894449767,0.8152866034722382,0.496609963179202,-0.19552622053412935,-0.12178174726935614,-0.11366740755880388,0.8197095894449767,knn,NO_ONE
0.8098300397468785,0.8115279722856932,0.810635515616539,0.49020620654193847,-0.1807890952725686,-0.03195204622645065,-0.06619362689054271,0.8115279722856932,tree,NO_ONE
