precision,recall,f1score,mcc,stat_par,eq_odds,ao,acc,model,fairness_method
0.805413649650544,0.8124861797007444,0.8079751378894159,0.4742545006580598,-0.1058680858709753,-0.1230746780339621,-0.0874112847967835,0.8124861797007444,knn,NO_ONE
0.8140146861070099,0.8168349671998231,0.8152914455710895,0.4990434847006648,-0.0860541305005812,-0.0433200011509797,-0.0418071191835991,0.8168349671998231,tree,NO_ONE
0.8365072051789485,0.84322252524508,0.8377632997411947,0.5553948618840122,-0.11026207139467786,-0.13007304610907172,-0.0891108679700501,0.84322252524508,logreg,NO_ONE
0.8202745170772863,0.8291442470700966,0.8215977957206134,0.5097743407031949,-0.09624477584483987,-0.09675423704428393,-0.07038258542984895,0.8291442470700966,svm,NO_ONE
0.8366635822189804,0.8421906095673325,0.838345246656071,0.5579928259324871,-0.10785685663346047,-0.11332217979126158,-0.08030126019237832,0.8421906095673325,forest,NO_ONE
