precision,recall,f1score,mcc,stat_par,eq_odds,ao,acc,model,fairness_method
0.8195159992225743,0.8252377091471954,0.8216070749560174,0.5129524722729497,-0.0891181629407186,-0.0480794106380498,-0.0415457834385624,0.8252377091471954,knn,NO_ONE
0.8189158069650053,0.820372963809243,0.8196089742212799,0.512822398208299,-0.080604878762706,-0.0185069423240269,-0.0235090357146782,0.820372963809243,tree,NO_ONE
0.843490919477154,0.8497825606250461,0.8442891101926135,0.5739330209789859,-0.10349738165027628,-0.09190293515130987,-0.06513707851776238,0.8497825606250461,logreg,NO_ONE
0.8288181787213209,0.8371047394412914,0.8290253322121517,0.5312663999585083,-0.08711761998266329,-0.05218651284926745,-0.04270991017516055,0.8371047394412914,svm,NO_ONE
0.8405948068004147,0.8448441070243974,0.8421374304247875,0.5699718138580089,-0.10862490226077434,-0.04505376761951285,-0.048375607487960104,0.8448441070243974,forest,NO_ONE
