precision,recall,f1score,mcc,stat_par,eq_odds,ao,acc,model,fairness_method
0.8402725971174213,0.8464656888037149,0.8414033357572729,0.5684640043226494,-0.0842138615536937,-0.0161238292530919,-0.0240723535854972,0.8464656888037149,logreg,NO_ONE
0.8280112768150618,0.8358516989754552,0.8289778552746486,0.5337053593154852,-0.0798043454567778,-0.008335674095661,-0.0209040985060323,0.8358516989754552,svm,NO_ONE
0.8356825738713018,0.8400530699491413,0.8372906030380276,0.5591624374512291,-0.106614021219132,-0.0508117324859773,-0.0509442192337982,0.8400530699491413,forest,NO_ONE
0.8101527953572739,0.8159504680474681,0.8123738611391322,0.4907367724534617,-0.09409582777470435,-0.0657648148310701,-0.05358237670965839,0.8159504680474681,knn,NO_ONE
0.8157311581145364,0.8158767597847719,0.8158036370069706,0.506988641393405,-0.08039720456720412,0.01811859764928947,-0.009732853563789286,0.8158767597847719,tree,NO_ONE
