precision,recall,f1score,mcc,stat_par,eq_odds,ao,acc,model,fairness_method
0.8124604511378956,0.8195621729195843,0.8148283414253127,0.4942905748453701,-0.0892213486757651,-0.0594107854068663,-0.0487861041290537,0.8195621729195843,knn,NO_ONE
0.81278993063446,0.8152133854205056,0.8139058527642838,0.4973351138439765,-0.0651324510552914,0.010675006102831,-0.0049896693282243,0.8152133854205056,tree,NO_ONE
0.8427157305539538,0.8491928945234761,0.8432147951452476,0.5719468522916146,-0.09299076524642212,-0.07327465818648049,-0.052934859824702814,0.8491928945234761,logreg,NO_ONE
0.8264237184223775,0.8348934915604039,0.8267740960986204,0.5260240272777515,-0.07842892305192901,-0.0566507663176507,-0.040688830556140074,0.8348934915604039,svm,NO_ONE
0.8343376316177346,0.8399056534237488,0.8360631700346993,0.5531379252339703,-0.08606281631957699,0.01891767665771582,-0.012130563918538097,0.8399056534237488,forest,NO_ONE
