precision,recall,f1score,mcc,stat_par,eq_odds,ao,acc,model,fairness_method
0.8106307713731129,0.8168349671998231,0.8129069589407592,0.4929238214335367,-0.1046687666131922,-0.0714462159548865,-0.0591977124167466,0.8168349671998231,knn,NO_ONE
0.8137060306590286,0.8159504680474681,0.8147433763164199,0.5025853702815464,-0.0993466434033185,-0.0365312272826723,-0.0402446410647979,0.8159504680474681,tree,NO_ONE
0.8384138770623658,0.8449915235497899,0.8392774105280778,0.5635593800092464,-0.10233126851602478,-0.08165180997550936,-0.05839409765995228,0.8449915235497899,logreg,NO_ONE
0.8261506564444161,0.8344512419842264,0.8264960909003314,0.5280873583250268,-0.09180646143397464,-0.08064960088081474,-0.05469979894048057,0.8344512419842264,svm,NO_ONE
0.8366765711168618,0.8418220682538513,0.83830696928506,0.5620875422632206,-0.10483331186547853,-0.02418711667266582,-0.035685007073634534,0.8418220682538513,forest,NO_ONE
