precision,recall,f1score,mcc,stat_par,eq_odds,ao,acc,model,fairness_method
0.8138311659228005,0.8198570059703693,0.8160726160722325,0.4971761057463419,-0.1038301743955883,-0.1001409347154028,-0.0727822547753711,0.8198570059703693,knn,NO_ONE
0.8154764326483698,0.8161715928355568,0.8158167047884728,0.5031275892322433,-0.0946798811896774,-0.0225461447535916,-0.0346644321003354,0.8161715928355568,tree,NO_ONE
0.8424414707996907,0.8486769366846023,0.8434860563284683,0.5712867627629754,-0.10485029482647257,-0.09193262411347514,-0.06655387935710763,0.8486769366846023,logreg,NO_ONE
0.8275936332277987,0.8356305741873664,0.8286938977725056,0.5296767818184686,-0.08813225635433813,-0.08973677032187671,-0.058517056076045265,0.8356305741873664,svm,NO_ONE
0.8397295548391206,0.8440333161347388,0.8412965703532209,0.567206007318277,-0.10061058134177878,-0.04932942353155123,-0.046041179682035915,0.8440333161347388,forest,NO_ONE
