precision,recall,f1score,mcc,stat_par,eq_odds,ao,acc,model,fairness_method
0.8412957901059209,0.8471290631679811,0.8426990876747981,0.5695095744558357,-0.092969916776539,0.0055666682172706,-0.015649127781077,0.8471290631679811,logreg,NO_ONE
0.829228216629681,0.8373258642293802,0.8298719065781688,0.5331152327270564,-0.0792604455447123,-0.000370952178181,-0.0134626295333601,0.8373258642293802,svm,NO_ONE
0.837088127705847,0.84145352694037,0.8387008456791462,0.5602212169484738,-0.104191115447771,-0.0246343258391451,-0.0343980842963719,0.84145352694037,forest,NO_ONE
0.8137733270072502,0.8201518390211543,0.8160689655525505,0.4968767478763524,-0.09534115420882111,-0.07078387801279373,-0.05255176742004774,0.8201518390211543,knn,NO_ONE
0.8147005499001435,0.8154345102085944,0.8150594459829165,0.5011373263056741,-0.08168454931221356,0.01134564989986675,-0.009228176693770337,0.8154345102085944,tree,NO_ONE
