precision,recall,f1score,mcc,stat_par,eq_odds,ao,acc,model,fairness_method
0.839650681374247,0.8460971474902337,0.8408916556426304,0.5626733912706661,-0.0930009633464923,-0.0547594139970147,-0.0466882340967816,0.8460971474902337,logreg,NO_ONE
0.8281481215367774,0.8362202402889364,0.8292560134234617,0.5297198844069769,-0.081599682191974,-0.0445739572709804,-0.0380884091039097,0.8362202402889364,svm,NO_ONE
0.8352851616434944,0.8403479029999263,0.8370271992142017,0.553468851978282,-0.0987510115501628,-0.0500868849660557,-0.048009920068817,0.8403479029999263,forest,NO_ONE
0.812933059676706,0.8186776737672293,0.8151474314601033,0.49345647066469805,-0.09508666938170093,-0.04884379527538385,-0.048663878908155954,0.8186776737672293,knn,NO_ONE
0.8110990311353711,0.8132232623277069,0.8120928620082328,0.48967738598263566,-0.09248089980669466,-0.07197007830589641,-0.055722068605374986,0.8132232623277069,tree,NO_ONE
