precision,recall,f1score,mcc,stat_par,eq_odds,ao,acc,model,fairness_method
0.8406371312211363,0.8472027714306773,0.84084513682981,0.5692547112459968,-0.0931897980897596,-0.0817357364252094,-0.0568785394884609,0.8472027714306773,logreg,NO_ONE
0.8273235028674891,0.8354094493992776,0.827567666688734,0.5324931575652326,-0.0845953289495018,-0.0632387472474718,-0.0467889930524719,0.8354094493992776,svm,NO_ONE
0.8381098447470834,0.8435173582958649,0.8396400896517873,0.5666090330275315,-0.108084100069042,-0.0802120620740757,-0.0643950823330593,0.8435173582958649,forest,NO_ONE
0.814078517967542,0.8216997125377755,0.8162618067840662,0.5018755336184846,-0.09836128981531855,-0.10263303451226768,-0.0714347529886255,0.8216997125377755,knn,NO_ONE
0.8163994907371259,0.8187513820299256,0.8174761728949338,0.511090530487203,-0.09687994863609001,-0.07310401686477908,-0.056925127338208016,0.8187513820299256,tree,NO_ONE
