precision,recall,f1score,mcc,stat_par,eq_odds,ao,acc,model,fairness_method
0.840846852554347,0.8474976044814624,0.8417129722942656,0.5650333940701974,-0.0946234743160379,-0.0994232001709036,-0.0650504609849331,0.8474976044814624,logreg,NO_ONE
0.8298530777418028,0.8381366551190389,0.8300590514182735,0.532339497921889,-0.0748514545977909,-0.0614185003204443,-0.0405163240923323,0.8381366551190389,svm,NO_ONE
0.8374911779576173,0.8424117343554213,0.839175453046946,0.5596251477423325,-0.0931492174059593,-0.0436124759666738,-0.0411413849411244,0.8424117343554213,forest,NO_ONE
0.8155123858909158,0.8207415051227243,0.8175757173423607,0.500830549579036,-0.0888728057643618,-0.09180730613116861,-0.0609766379100445,0.8207415051227243,knn,NO_ONE
0.8145340169649014,0.8166138424117344,0.8155050568261921,0.49915525769667174,-0.08858309708754708,-0.07040162358470414,-0.05169743397490175,0.8166138424117344,tree,NO_ONE
