precision,recall,f1score,mcc,stat_par,eq_odds,ao,acc,model,fairness_method
0.8159403049112027,0.8228053364782192,0.8181902520976894,0.504103428586014,-0.0991452160533769,-0.0603981733565391,-0.0535781511281397,0.8228053364782192,knn,NO_ONE
0.8107699158826404,0.8136655119038845,0.8120805517264187,0.4923400928416386,-0.1005620851739359,-0.0637404725921642,-0.0554135748243518,0.8136655119038845,tree,NO_ONE
0.8382111832533421,0.8449915235497899,0.8390215839874828,0.5606955186944124,-0.104796143908306,-0.10036718370642761,-0.07036927272735656,0.8449915235497899,logreg,NO_ONE
0.8243143743118604,0.8329033684676053,0.8249625904105261,0.5213795878953954,-0.09137705591893895,-0.0857693126080955,-0.059303572839752385,0.8329033684676053,svm,NO_ONE
0.8359427101777126,0.8412324021522812,0.8376251552462611,0.5580818598072362,-0.0958211965460174,-0.021892441908045845,-0.03270094244577525,0.8412324021522812,forest,NO_ONE
