precision,recall,f1score,mcc,stat_par,eq_odds,ao,acc,model,fairness_method
0.8417242748049024,0.8482346871084249,0.8425512727405097,0.5684188017784664,-0.1044824303241113,-0.1191936964504284,-0.0782201752377862,0.8482346871084249,logreg,NO_ONE
0.8263450949182604,0.8347460750350114,0.8271743874351309,0.525187512117603,-0.094897037452362,-0.1352443609022556,-0.0817921899420662,0.8347460750350114,svm,NO_ONE
0.8369129127762885,0.8418957765165475,0.8385997738421272,0.5589862208493855,-0.0984141874018693,-0.0415981815002621,-0.0430812800996857,0.8418957765165475,forest,NO_ONE
0.8188626641807758,0.8247217513083217,0.8209933992623624,0.5104503418093813,-0.10393998273956528,-0.13721913796118201,-0.08742160449770128,0.8247217513083217,knn,NO_ONE
0.8111677334288376,0.813518095378492,0.8122570048577643,0.49116722834330323,-0.07425138485775673,-0.015249606574575969,-0.021132065317373508,0.813518095378492,tree,NO_ONE
