precision,recall,f1score,mcc,stat_par,eq_odds,ao,acc,model,fairness_method
0.8479066011144651,0.8641819330385344,0.8480776457419386,0.42683216659792445,-0.03266322070353153,0.06959671231451497,0.03405174201304463,0.8641819330385344,logreg,NO_ONE
0.8499803339602134,0.8658664982101495,0.8473914317853297,0.42637684734352554,-0.033901107796202506,0.07133289116044372,0.03275899424861906,0.8658664982101495,svm,NO_ONE
0.8413837677235168,0.8574436723520741,0.8449762207935543,0.4139700096226106,-0.07217095677513355,0.017530854564134557,-0.010015373102288866,0.8574436723520741,forest,NO_ONE
0.8051264868604292,0.7984838913455464,0.8016464404067105,0.2949062517393711,-0.10277642868706491,-0.043079344023513155,-0.05628915250125092,0.7984838913455464,cart,NO_ONE
