precision,recall,f1score,mcc,stat_par,eq_odds,ao,acc,model,fairness_method
0.8439920034199853,0.859549378816593,0.8397106033475671,0.4257958155608295,-0.03449907982516677,0.06382456140350878,0.030636095478194406,0.859549378816593,logreg,NO_ONE
0.8378134065039446,0.8551273952411034,0.8324602950792234,0.39925362800051534,-0.051123188405797104,-0.0006491228070175104,-0.007206591019930314,0.8551273952411034,svm,NO_ONE
0.8335025511259937,0.8517582648978732,0.8345196908076562,0.40157053306901963,-0.08185990338164251,-0.053105263157894766,-0.044205039776161734,0.8517582648978732,forest,NO_ONE
0.7977258736291212,0.7932196251842493,0.7953936187080034,0.2992723042577623,-0.1196658615136876,-0.09140350877192982,-0.0838846808125481,0.7932196251842493,cart,NO_ONE
