precision,recall,f1score,mcc,stat_par,eq_odds,ao,acc,model,fairness_method
0.8505001854965185,0.8660770688566014,0.8493564732100973,0.43483381349647243,-0.030757498436867856,0.05476190476190479,0.027337405257196662,0.8660770688566014,logreg,NO_ONE
0.8450483715187141,0.8622867972204674,0.8430902559307476,0.4105937184576993,-0.037049105336717056,0.04581724581724583,0.017737329864742413,0.8622867972204674,svm,NO_ONE
0.8448447221422551,0.8601810907559486,0.8479651240417871,0.4277687427065776,-0.09417181580786348,-0.08037323037323035,-0.06316089527479378,0.8601810907559486,forest,NO_ONE
0.7947735496352611,0.7835333754474626,0.7887770927386732,0.25932985655564134,-0.10616770568980102,-0.07432432432432434,-0.07484037371928043,0.7835333754474626,cart,NO_ONE
