precision,recall,f1score,mcc,stat_par,eq_odds,ao,acc,model,fairness_method
0.8401860983242044,0.8568119604127185,0.8410526666425422,0.4223445234858844,-0.031885665086262394,0.08206309819213042,0.037645625891685124,0.8568119604127185,logreg,NO_ONE
0.8360800805690499,0.8542851126552958,0.8355489781689103,0.40207810199169575,-0.034776517255362446,0.061514829256764714,0.025693735179767016,0.8542851126552958,svm,NO_ONE
0.8418658188226711,0.8568119604127185,0.84462393637025,0.43581185179140297,-0.0899417870547786,-0.04778447359092519,-0.0463312116413718,0.8568119604127185,forest,NO_ONE
0.794992310435526,0.7904822067803748,0.7926627108890184,0.28506220014973704,-0.0941704415074251,-0.07390996100673519,-0.06493431538853318,0.7904822067803748,cart,NO_ONE
