precision,recall,f1score,mcc,stat_par,eq_odds,ao,acc,model,fairness_method
0.847662160019796,0.863129079806275,0.8426566793723433,0.4230028616093565,-0.0417879527379343,0.023296676291699958,0.0056442775635557,0.863129079806275,logreg,NO_ONE
0.843284098311293,0.8597599494630449,0.8359818194495362,0.39936090739221763,-0.038336932413373354,0.01973950973766664,0.004167309511136098,0.8597599494630449,svm,NO_ONE
0.8390027998770869,0.8568119604127185,0.8399026591749863,0.40704041809190084,-0.07415977574512661,-0.05531117527799967,-0.044085218532723354,0.8568119604127185,forest,NO_ONE
0.8043584686854811,0.8052221520320068,0.8047870937200672,0.30649497535101394,-0.07710341356648351,-0.011212139829206824,-0.03015032470202042,0.8052221520320068,cart,NO_ONE
