precision,recall,f1score,mcc,stat_par,eq_odds,ao,acc,model,fairness_method
0.8487037933590795,0.8624973678669193,0.8466872136859077,0.45908234517275626,-0.04507495086391505,0.01038739462063426,0.002960384216097959,0.8624973678669193,logreg,NO_ONE
0.8369660708804367,0.8538639713623921,0.8326843933816016,0.4090093356605678,-0.03790372260846607,-0.00393081761006292,-0.0024649857343920743,0.8538639713623921,svm,NO_ONE
0.8411360180278222,0.8568119604127185,0.8405285003987325,0.4350512295329822,-0.0784704743465634,-0.08409719434408314,-0.05515677645645477,0.8568119604127185,forest,NO_ONE
0.7940132395449028,0.7896399241945673,0.7917516474087113,0.2970327480134679,-0.12359940156648774,-0.10286475757170255,-0.09424237251904123,0.7896399241945673,cart,NO_ONE
