precision,recall,f1score,mcc,stat_par,eq_odds,ao,acc,model,fairness_method
0.8442368072669351,0.8610233733417562,0.8444834540065115,0.42028116975486657,-0.04249931054054765,-0.001487198795180722,-0.004579780067714968,0.8610233733417562,logreg,NO_ONE
0.8405266904964147,0.8587070962307854,0.8391532822385848,0.4004366455305829,-0.04075477786817994,0.016039156626506013,0.0013197092124296594,0.8587070962307854,svm,NO_ONE
0.8409293160072648,0.8572331017056223,0.8439341150863229,0.41736057246648084,-0.09497833209173415,-0.09721385542168676,-0.07332601658601984,0.8572331017056223,forest,NO_ONE
0.7919330820655591,0.7822699515687513,0.786819839839525,0.2560419755994356,-0.10339317040347967,-0.08601907630522088,-0.07962544875676336,0.7822699515687513,cart,NO_ONE
