precision,recall,f1score,mcc,stat_par,eq_odds,ao,acc,model,fairness_method
0.8512845736750805,0.8654453569172458,0.8478812561930875,0.44831663358524254,-0.03719096186313281,0.05451750804553529,0.02549252419492471,0.8654453569172458,logreg,NO_ONE
0.8416171679457308,0.8582859549378816,0.8356070083899839,0.40370370312398957,-0.03492911491940147,0.04935395552139871,0.02046989175561271,0.8582859549378816,svm,NO_ONE
0.8508337506230373,0.865024215624342,0.8508600323524884,0.45684995105717024,-0.08495744582437152,-0.05881646572842114,-0.045914515359107934,0.865024215624342,forest,NO_ONE
0.7922545756650506,0.7881659296694041,0.7901521459473579,0.2713526151612613,-0.07700918152593722,-0.031641769537441744,-0.03811390952318413,0.7881659296694041,cart,NO_ONE
