precision,recall,f1score,mcc,stat_par,eq_odds,ao,acc,model,fairness_method
0.8416271606389379,0.8587070962307854,0.8424314217258679,0.41638041250534963,-0.04004039002239029,-0.001929105377381224,-0.0001528956587480597,0.8587070962307854,logreg,NO_ONE
0.8398037470869968,0.8578648136449779,0.8383264912799462,0.40192970150595325,-0.04131150133136628,-0.0011253114701390565,-0.002749166345587438,0.8578648136449779,svm,NO_ONE
0.8384190532013648,0.8547062539481997,0.8418110635107496,0.4136944719740673,-0.08029224813996348,-0.07314524555903867,-0.051627838814592264,0.8547062539481997,forest,NO_ONE
0.7999608370600709,0.7890082122552117,0.794079924409101,0.289390711272176,-0.09887553471492488,-0.06205288963909655,-0.06238034713808454,0.7890082122552117,cart,NO_ONE
