precision,recall,f1score,mcc,stat_par,eq_odds,ao,acc,model,fairness_method
0.8436716945490965,0.8597599494630449,0.8428007601844959,0.428978326394216,-0.032395707375480934,0.05526955526955524,0.027968409678926647,0.8597599494630449,logreg,NO_ONE
0.8406301300864232,0.857654242998526,0.8369846247615513,0.40912558217731854,-0.0252102155819353,0.061418561418561446,0.032227548272509635,0.857654242998526,svm,NO_ONE
0.8445947217174541,0.859549378816593,0.8465133690427386,0.4417757749056017,-0.08808283923810381,-0.08272558272558272,-0.0575785981076386,0.859549378816593,forest,NO_ONE
0.8054156478597588,0.8022741629816803,0.8038024440223178,0.32015805442953066,-0.07830752354723786,-0.027849277849277876,-0.03369596397573139,0.8022741629816803,cart,NO_ONE
