precision,recall,f1score,mcc,stat_par,eq_odds,ao,acc,model,fairness_method
0.8467120212320041,0.8606022320488524,0.841091635425045,0.4424027757019798,-0.041836428999400835,0.015609745211914272,0.008156611199577028,0.8606022320488524,logreg,NO_ONE
0.8421178223163098,0.8566013897662665,0.8329697459850046,0.4159809481685386,-0.04268965007431155,0.008753284573800424,0.0017421920040736685,0.8566013897662665,svm,NO_ONE
0.8419796511271855,0.8574436723520741,0.8408421950065468,0.4372017160981452,-0.09299253771991939,-0.11678298660507569,-0.07314297921863742,0.8574436723520741,forest,NO_ONE
0.7923432495802477,0.7894293535481154,0.790852939353559,0.29207210358915936,-0.10479406752624248,-0.10717613126021636,-0.0813969495420156,0.7894293535481154,cart,NO_ONE
