precision,recall,f1score,mcc,stat_par,eq_odds,ao,acc,model,fairness_method
0.842408030147105,0.8593388081701411,0.8420624574225276,0.41824339202619115,-0.028065778572740854,0.09455324357405143,0.044540529788910765,0.8593388081701411,logreg,NO_ONE
0.8415684693168848,0.8589176668772374,0.8389223249756519,0.40795293175443487,-0.029325818159128964,0.06903304773561814,0.03226728621405282,0.8589176668772374,svm,NO_ONE
0.840694832912584,0.8578648136449779,0.8414911247072117,0.41527078484047236,-0.06546139633877905,0.0036107711138310683,-0.013740417876304818,0.8578648136449779,forest,NO_ONE
0.7994839537564995,0.7986944619919983,0.799086754799333,0.29131112397390085,-0.08320132093283372,-0.017992656058751555,-0.0360752843313302,0.7986944619919983,cart,NO_ONE
