precision,recall,f1score,mcc,stat_par,eq_odds,ao,acc,model,fairness_method
0.8403868799858238,0.8572331017056223,0.8376961473271689,0.41470966743769383,-0.037411825837593504,0.04186812416789293,0.01732157779302937,0.8572331017056223,logreg,NO_ONE
0.8398876995795683,0.8566013897662665,0.8338123694828358,0.4032914133145108,-0.041746742122196534,-0.0033284282811295585,-0.00443303449881049,0.8566013897662665,svm,NO_ONE
0.8364877998646385,0.8538639713623921,0.8377764291216385,0.41204251414773024,-0.0866752749002272,-0.08229976876182471,-0.059641848708745046,0.8538639713623921,forest,NO_ONE
0.7978192492147321,0.7885870709623078,0.7928957310644613,0.29713843385032,-0.0988728553484674,-0.07063275173428629,-0.06458712969749836,0.7885870709623078,cart,NO_ONE
