precision,recall,f1score,mcc,stat_par,eq_odds,ao,acc,model,fairness_method
0.8472524032071743,0.8635502210991788,0.8465193255362038,0.42581332618756046,-0.030824166152453425,0.02529716549832367,0.014193470582834555,0.8635502210991788,logreg,NO_ONE
0.8445756909231591,0.8616550852811118,0.8399041920605481,0.4032705026230384,-0.04013087774749455,2.5398760540529253e-05,-0.004257044922408687,0.8616550852811118,svm,NO_ONE
0.8456656474013171,0.8620762265740156,0.8465638892941234,0.42491065289543484,-0.07987082447564756,-0.10004571776897286,-0.06434137775318731,0.8620762265740156,forest,NO_ONE
0.797082504919477,0.7904822067803748,0.7936386076049768,0.27104739166325614,-0.09188426430109234,-0.06279843543635066,-0.06171071076151099,0.7904822067803748,cart,NO_ONE
