precision,recall,f1score,mcc,stat_par,eq_odds,ao,acc,model,fairness_method
0.60613829152137,0.6083198271204754,0.6051791147156635,0.2059786027173368,-0.2212446441993292,-0.1804863418235511,-0.2029080060766107,0.6083198271204754,knn,NO_ONE
0.591427797638616,0.5921123716909779,0.5916940001716561,0.1777636867563233,-0.1337261874329929,-0.1115148578811369,-0.1126640223471618,0.5921123716909779,tree,NO_ONE
0.6754082924282508,0.6747703943814155,0.6702824051641075,0.3417811125656588,-0.2676374194483764,-0.14549880029531193,-0.25369445509271094,0.6747703943814155,logreg,NO_ONE
0.6527282181115553,0.6504592112371691,0.6418714675425564,0.29199901260079986,-0.25834131377838154,-0.1370431893687708,-0.2531864298492206,0.6504592112371691,svm,NO_ONE
0.6278382165861478,0.6288492706645057,0.628064156640516,0.25085336756997495,-0.20648876951075734,-0.13654715762273906,-0.18921863375642448,0.6288492706645057,forest,NO_ONE
