precision,recall,f1score,mcc,stat_par,eq_odds,ao,acc,model,fairness_method
0.6576743889722428,0.6569421934089681,0.6529534925012246,0.3085937570853798,-0.2163967763802063,-0.1176951582317019,-0.1941954822968631,0.6569421934089681,logreg,NO_ONE
0.6356352837706254,0.6326310102647218,0.6237399763619564,0.2596285692347441,-0.2271371544776681,-0.1494110892673845,-0.2087556204738085,0.6326310102647218,svm,NO_ONE
0.6488243926587199,0.6493787142085359,0.64891910783473,0.294853949853907,-0.1488890562627099,-0.0857530576384418,-0.1157524714798204,0.6493787142085359,forest,NO_ONE
0.6240819367448921,0.6250675310642896,0.6223436543482994,0.24357328239118642,-0.17972998418317387,-0.13151469812163286,-0.1526049638357529,0.6250675310642896,knn,NO_ONE
0.6043272512931211,0.6056185845488925,0.6039477607565269,0.2049871987725514,-0.073499284476915,-0.04131943840359087,-0.046498767248111306,0.6056185845488925,tree,NO_ONE
