precision,recall,f1score,mcc,stat_par,eq_odds,ao,acc,model,fairness_method
0.6248459673466144,0.6272285251215559,0.6247365018915655,0.2412470840969997,-0.1606494728554145,-0.1498103666245259,-0.1251152673458764,0.6272285251215559,knn,NO_ONE
0.618296082253232,0.6196650459211237,0.6187193211703259,0.228858052814615,-0.1592226297697463,-0.1137800252844499,-0.1377723655834014,0.6196650459211237,tree,NO_ONE
0.6885351787219153,0.6893571042679633,0.685929562216929,0.3675874664950655,-0.29602289094156287,-0.2130214917825537,-0.2667698495327334,0.6893571042679633,logreg,NO_ONE
0.6642923014692371,0.6645056726094003,0.6577947776549942,0.31535773068462,-0.2739289074952471,-0.2041719342604299,-0.24956495872685358,0.6645056726094003,svm,NO_ONE
0.6402562588875131,0.6412749864937871,0.6405969720771273,0.27326307229468993,-0.15031974343709797,-0.13337547408343875,-0.11084039810614513,0.6412749864937871,forest,NO_ONE
