precision,recall,f1score,mcc,stat_par,eq_odds,ao,acc,model,fairness_method
0.6690523753794237,0.668827660723933,0.6641143230840478,0.3287586559279531,-0.2574272779191897,-0.1599355591356035,-0.230981950170747,0.668827660723933,logreg,NO_ONE
0.6530911117895757,0.6526202052944354,0.646103108909135,0.2951559087216968,-0.2829060087671191,-0.1877395700238875,-0.2637549382952632,0.6526202052944354,svm,NO_ONE
0.645772911893062,0.6472177201512695,0.6451180904121755,0.285552298028577,-0.1781412043253138,-0.1038386756291317,-0.1492148828733784,0.6472177201512695,forest,NO_ONE
0.6237406305523404,0.6256077795786061,0.6211893279163658,0.2396653230132372,-0.18893368684213518,-0.12380978834509193,-0.1671424601630989,0.6256077795786061,knn,NO_ONE
0.6113476525192257,0.6121015667206915,0.6116217737725222,0.21741333116612732,-0.10684879177902928,-0.05262485417476803,-0.08287906596855471,0.6121015667206915,tree,NO_ONE
