precision,recall,f1score,mcc,stat_par,eq_odds,ao,acc,model,fairness_method
0.6666577216643536,0.6682874122096164,0.6645072906873539,0.3233024085643787,-0.2696969696969697,-0.1729035299664093,-0.2526337621199263,0.6682874122096164,logreg,NO_ONE
0.651864712005423,0.6537007023230686,0.648434835275397,0.2923094704583165,-0.2855715626207429,-0.1838325502654573,-0.276100017079758,0.6537007023230686,svm,NO_ONE
0.642960418810737,0.6439762290653701,0.6433100563948695,0.2782570216206894,-0.1654468179058342,-0.1246390476751724,-0.1340133319979298,0.6439762290653701,forest,NO_ONE
0.6109811421363598,0.6131820637493247,0.6113922026872609,0.2132678851562784,-0.17387536567864437,-0.12907494414949183,-0.15539063957653546,0.6131820637493247,knn,NO_ONE
0.6041123634951111,0.6056185845488925,0.6046105061075857,0.1997092430675261,-0.11511287740795928,-0.09329311739589297,-0.0899312759491992,0.6056185845488925,tree,NO_ONE
