precision,recall,f1score,mcc,stat_par,eq_odds,ao,acc,model,fairness_method
0.6672019763233537,0.6666666666666666,0.661738930823555,0.3250514097209693,-0.2074222725788796,-0.1508096423350661,-0.1636279860078771,0.6666666666666666,logreg,NO_ONE
0.6567496207394379,0.6547811993517018,0.6470434689597722,0.3008714798698963,-0.2217387129606514,-0.1620244162617043,-0.1857252987400191,0.6547811993517018,svm,NO_ONE
0.6465470029674042,0.6477579686655862,0.646421816166483,0.2880656237761241,-0.1239087434947093,-0.069179408162459,-0.0841890913794503,0.6477579686655862,forest,NO_ONE
0.6238432598170651,0.6256077795786061,0.6220165456270789,0.24088494992972556,-0.12736158853916613,-0.0743437353606845,-0.09812391198339396,0.6256077795786061,knn,NO_ONE
0.6063679681096321,0.6077795786061588,0.6065934430786619,0.20753962235717494,-0.13055326176713467,-0.06761035574594898,-0.11197767698927003,0.6077795786061588,tree,NO_ONE
