precision,recall,f1score,mcc,stat_par,eq_odds,ao,acc,model,fairness_method
0.6251846949048675,0.6261480280929227,0.6231779087160112,0.245466709805508,-0.1638290598290598,-0.12448588358313,-0.1321070766745246,0.6261480280929227,knn,NO_ONE
0.617732453694711,0.6180443003781739,0.6178579049545572,0.2324792405497812,-0.0637435897435897,-0.0370280004647379,-0.0279208862475378,0.6180443003781739,tree,NO_ONE
0.675246516740751,0.6731496488384657,0.6685502535464787,0.3420867209213079,-0.295065527065527,-0.21583013825955621,-0.2609024647755466,0.6731496488384657,logreg,NO_ONE
0.6657017248595994,0.6601836844948676,0.6517235084830866,0.3175925091200689,-0.28840455840455836,-0.192401533635413,-0.2656774951420367,0.6601836844948676,svm,NO_ONE
0.6491214151369401,0.6499189627228525,0.6487873179058816,0.2948489197663834,-0.13654700854700863,-0.10255605902172649,-0.0924577097640416,0.6499189627228525,forest,NO_ONE
