precision,recall,f1score,mcc,stat_par,eq_odds,ao,acc,model,fairness_method
0.6381636882818663,0.640194489465154,0.638503194608197,0.2669323972866602,-0.2192879499217527,-0.1673758865248227,-0.1965405899004657,0.640194489465154,knn,NO_ONE
0.6117801053525808,0.6099405726634252,0.6106306321038614,0.2139432233208999,-0.1284931813100827,-0.0977971201375457,-0.105327744618129,0.6099405726634252,tree,NO_ONE
0.6883112245693885,0.6898973527822798,0.687661608098,0.36744090928518797,-0.26526380505253744,-0.17691274446593597,-0.23977539941465612,0.6898973527822798,logreg,NO_ONE
0.67095817654368,0.671528903295516,0.6646239743283991,0.32707646076173236,-0.30088307623518895,-0.20398667526327108,-0.2869776008648258,0.671528903295516,svm,NO_ONE
0.6559870941715792,0.655861696380335,0.6559226741492779,0.30359650739036326,-0.19946903644086744,-0.13366107887384482,-0.17486487420087088,0.655861696380335,forest,NO_ONE
