precision,recall,f1score,mcc,stat_par,eq_odds,ao,acc,model,fairness_method
0.6593245915090298,0.6601836844948676,0.6574307660287154,0.3124160708267636,-0.2891234415151803,-0.2182822247555323,-0.2606804966240676,0.6601836844948676,logreg,NO_ONE
0.6494495036991309,0.6488384656942193,0.6425144243979244,0.2886647959805113,-0.2920072332730561,-0.2002887209775268,-0.2758740686055166,0.6488384656942193,svm,NO_ONE
0.6305317936489769,0.6304700162074555,0.6305001697014131,0.2567501757177565,-0.1551955838964499,-0.1265159283467859,-0.1199686132470968,0.6304700162074555,forest,NO_ONE
0.6181483954191761,0.6196650459211237,0.6180670301318989,0.23119825164564692,-0.17550394974778727,-0.12253455772414545,-0.15371363365348947,0.6196650459211237,knn,NO_ONE
0.5972384569629303,0.595894111291194,0.596341385533962,0.18963103195175615,-0.1249966688874084,-0.10464989717179474,-0.09878969602025695,0.595894111291194,tree,NO_ONE
