precision,recall,f1score,mcc,stat_par,eq_odds,ao,acc,model,fairness_method
0.6356523869307669,0.637493246893571,0.6357329706558748,0.2638630308409612,-0.2215327635327635,-0.1538461538461538,-0.1982371794871795,0.637493246893571,knn,NO_ONE
0.6309688858747138,0.6293895191788222,0.6299417922478964,0.2549314947958474,-0.1671509971509971,-0.1017094017094016,-0.1431089743589743,0.6293895191788222,tree,NO_ONE
0.6778145681362735,0.6790923824959482,0.6764384892838651,0.34755306265816976,-0.23468945868945867,-0.15000000000000002,-0.2016559829059829,0.6790923824959482,logreg,NO_ONE
0.6634369278862189,0.6639654240950837,0.6581824904483179,0.315174731349594,-0.28912820512820514,-0.22008547008547008,-0.2587072649572649,0.6639654240950837,svm,NO_ONE
0.6508566165239488,0.6509994597514857,0.6509249995013737,0.2952664009031958,-0.15806267806267804,-0.08931623931623933,-0.12697649572649575,0.6509994597514857,forest,NO_ONE
