precision,recall,f1score,mcc,stat_par,eq_odds,ao,acc,model,fairness_method
0.6596649919361907,0.6596434359805511,0.6540469766929269,0.3089279671035189,-0.2629961516295154,-0.1818935427574171,-0.2355748705522622,0.6596434359805511,logreg,NO_ONE
0.6502083992631023,0.6461372231226364,0.6337974656217754,0.2819352922003607,-0.2550540073249178,-0.1553664921465969,-0.2422837970374858,0.6461372231226364,svm,NO_ONE
0.6475443640319254,0.6482982171799028,0.6477831591722266,0.2898548121591733,-0.2130956143449404,-0.1674520069808027,-0.1732576839311727,0.6482982171799028,forest,NO_ONE
0.619105616593461,0.6212857914640735,0.6180985717332157,0.23107602753319706,-0.1869341315138784,-0.14781849912739964,-0.15724258289703316,0.6212857914640735,knn,NO_ONE
0.6069190806520571,0.6077795786061588,0.6072295216708835,0.2080575728477364,-0.11741248210600685,-0.06387434554973814,-0.09598675955172858,0.6077795786061588,tree,NO_ONE
