precision,recall,f1score,mcc,stat_par,eq_odds,ao,acc,model,fairness_method
0.6228520393895697,0.624527282549973,0.62265883025677,0.239971573647885,-0.1557159245212342,-0.1120582319701177,-0.1372163087461847,0.624527282549973,knn,NO_ONE
0.6085114010609209,0.6094003241491086,0.6088063440551092,0.2118102394463578,-0.1355820105820105,-0.1171104300354372,-0.1135645681303474,0.6094003241491086,tree,NO_ONE
0.663711974702555,0.6639654240950837,0.6597209699697161,0.318948375777281,-0.2400852179613242,-0.19555119241451968,-0.21273731369975557,0.6639654240950837,logreg,NO_ONE
0.6490744352995603,0.6493787142085359,0.6439196261206002,0.2886642357832668,-0.24786369808493702,-0.14548414902787088,-0.24054344050340773,0.6493787142085359,svm,NO_ONE
0.6516345721570296,0.6526202052944354,0.6517740316666466,0.29839574588777845,-0.10465538231024962,-0.06345177664974622,-0.07713198742436411,0.6526202052944354,forest,NO_ONE
