precision,recall,f1score,mcc,stat_par,eq_odds,ao,acc,model,fairness_method
0.6829010741689767,0.6828741220961643,0.6790495427888744,0.3570642377766423,-0.3031316871030196,-0.1740401396160558,-0.2810137511464353,0.6828741220961643,logreg,NO_ONE
0.6661340945562018,0.6661264181523501,0.6611318260156598,0.3224058013284696,-0.3065679381361593,-0.1970113438045374,-0.2849002053026181,0.6661264181523501,svm,NO_ONE
0.6452281669257612,0.6455969746083198,0.645385436795163,0.2852903110724539,-0.1980175039344225,-0.1476876090750436,-0.1551666546368492,0.6455969746083198,forest,NO_ONE
0.6166164314847977,0.6185845488924906,0.6164386829324645,0.22679903121010517,-0.19450765938656978,-0.1578097731239093,-0.16052691571396155,0.6185845488924906,knn,NO_ONE
0.6167603439548488,0.6148028092922745,0.6153861164281673,0.2276706200459722,-0.17455815585974205,-0.15789703315881332,-0.1305449360045042,0.6148028092922745,tree,NO_ONE
