precision,recall,f1score,mcc,stat_par,eq_odds,ao,acc,model,fairness_method
0.84075467611801,0.8472764796933736,0.8416981069654574,0.566232541819416,-0.046756306878821347,0.07235974722676852,0.03382875828649039,0.8472764796933736,logreg,NO_ONE
0.826857489259722,0.8349671998231002,0.8279908788770362,0.5276984589914306,-0.05663816793186233,0.014487861429350768,0.0020912496104371833,0.8349671998231002,svm,NO_ONE
0.8367751614733709,0.84145352694037,0.8384368797012195,0.5590631162037986,-0.09973473720277162,-0.03950945626477542,-0.042178387580268616,0.84145352694037,forest,NO_ONE
0.816292634235531,0.8148448441070244,0.8155399783742555,0.5052831356865685,-0.08053200725085599,-0.015460765593744319,-0.022786516538127015,0.8148448441070244,cart,NO_ONE
