precision,recall,f1score,mcc,stat_par,eq_odds,ao,acc,model,fairness_method
0.8379059791603052,0.8445492739736125,0.8389258989086864,0.5606522527660207,-0.04727927827652781,0.07717613393094258,0.033252659320466144,0.8445492739736125,logreg,NO_ONE
0.82654913239928,0.8348197832977077,0.8272162104470232,0.527893906569902,-0.05953333177923456,0.030661254220569867,0.0049646188237659,0.8348197832977077,svm,NO_ONE
0.833246715236252,0.8388000294833051,0.8349937947612573,0.550903286439506,-0.10338849431877078,-0.04058359031612946,-0.04722629715042902,0.8388000294833051,forest,NO_ONE
0.8105562583406777,0.8125598879634407,0.8114958245150068,0.492115963909422,-0.0784869945428098,0.013372499498680357,-0.013074206140322286,0.8125598879634407,cart,NO_ONE
