precision,recall,f1score,mcc,stat_par,eq_odds,ao,acc,model,fairness_method
0.8402398398560745,0.8470553549052848,0.8409569591168766,0.5628992640152477,-0.04237797095230153,0.05559709463789786,0.028027787609866774,0.8470553549052848,logreg,NO_ONE
0.8292642322248616,0.8376206972801651,0.8294809959506767,0.5307063592925729,-0.03616521130764919,0.03627430036317025,0.021686159799504695,0.8376206972801651,svm,NO_ONE
0.8351158943441885,0.8402004864745338,0.8368606025606522,0.5531759461936182,-0.0890303619650126,-0.03409527878658414,-0.035259633416042664,0.8402004864745338,forest,NO_ONE
0.8153955092349652,0.8172772167760006,0.8162799141902332,0.5015054015335365,-0.06731323128648353,-0.03458662678914759,-0.024381017706539207,0.8172772167760006,cart,NO_ONE
