precision,recall,f1score,mcc,stat_par,eq_odds,ao,acc,model,fairness_method
0.8378157917777102,0.8444755657109162,0.8387602057618139,0.5610164477831786,-0.0350493229164511,0.09750226029862274,0.05025213315599341,0.8444755657109162,logreg,NO_ONE
0.8283357260788308,0.8361465320262401,0.829285034699391,0.5345635503679037,-0.036131341378227266,0.10581269805043758,0.05103723918910296,0.8361465320262401,svm,NO_ONE
0.8346321688211175,0.83909486253409,0.8362692011366982,0.5563192430017301,-0.10306753544531344,-0.058998182983243,-0.05224326166140786,0.83909486253409,forest,NO_ONE
0.8116431784432178,0.8130021375396181,0.8122943425206535,0.49599681990767297,-0.07592339921831995,0.013113023708996474,-0.009911657685583851,0.8130021375396181,cart,NO_ONE
