precision,recall,f1score,mcc,stat_par,eq_odds,ao,acc,model,fairness_method
0.8396668345561499,0.8463919805410186,0.8405237315045988,0.5627325425497404,-0.044120710706571614,0.054682855394299734,0.027235081873884792,0.8463919805410186,logreg,NO_ONE
0.8277422050438641,0.8359991155008476,0.8284967003331306,0.5289216853145967,-0.061904087645514694,-0.017715072565133827,-0.014772337857805806,0.8359991155008476,svm,NO_ONE
0.8361520631623891,0.8413061104149775,0.8378630096020605,0.5568092079015986,-0.09905212996238627,-0.045282173456898,-0.045120474832505794,0.8413061104149775,forest,NO_ONE
0.8131376398605512,0.8157293432593794,0.814324302121432,0.49642672103162083,-0.07533050066187275,0.01165741388354613,-0.010798213986352036,0.8157293432593794,cart,NO_ONE
