precision,recall,f1score,mcc,stat_par,eq_odds,ao,acc,model,fairness_method
0.8358774664664803,0.842927692194295,0.8362153162812851,0.5563265959359684,-0.046610841168204714,0.057776162398794684,0.025671169156179237,0.842927692194295,logreg,NO_ONE
0.8274354223257651,0.8356305741873664,0.8271875314838784,0.5315496569276209,-0.04958720647788381,0.04557813371239616,0.017127984973175213,0.8356305741873664,svm,NO_ONE
0.835715289657305,0.8415272352030663,0.8372582717051923,0.55976349769584,-0.10129525972796843,-0.04402399053493378,-0.04661660549419348,0.8415272352030663,forest,NO_ONE
0.8111986531311587,0.8130758458023144,0.8120805526092187,0.49723397072366504,-0.06868359241325231,0.011625336092899174,-0.007127743117097678,0.8130758458023144,cart,NO_ONE
