precision,recall,f1score,mcc,stat_par,eq_odds,ao,acc,model,fairness_method
0.8378090655247277,0.8445492739736125,0.8388721298629724,0.5587105835481871,-0.03766559112230436,0.03959443570675991,0.02383139700792017,0.8445492739736125,logreg,NO_ONE
0.8283277681476717,0.8364413650770252,0.8291228627557525,0.5312924145719562,-0.050639126852696364,0.022262190160615813,0.007070328254848414,0.8364413650770252,svm,NO_ONE
0.8373562316685885,0.8419694847792437,0.8389967699823393,0.5610030994114338,-0.11570313138633169,-0.0953726143758058,-0.07580110282684352,0.8419694847792437,forest,NO_ONE
0.8146293442986492,0.8154345102085944,0.8150221426047061,0.5012432377359924,-0.08089264671169072,-0.023464136834321137,-0.028621904883728726,0.8154345102085944,cart,NO_ONE
