precision,recall,f1score,mcc,stat_par,eq_odds,ao,acc,model,fairness_method
0.8384166782252576,0.8452126483378787,0.8393506923859866,0.5597354872296435,-0.06105149235347321,0.010364983906836378,-0.003875452094454973,0.8452126483378787,logreg,NO_ONE
0.820593111806904,0.829291663595489,0.8220428924640449,0.5110675612073035,-0.06082221419686781,0.022657858930986485,-0.0017115198418289727,0.829291663595489,svm,NO_ONE
0.8344875594314788,0.8401267782118376,0.8362311256408304,0.5521586458896663,-0.10120636406643996,-0.08807050573229036,-0.06664098415898907,0.8401267782118376,forest,NO_ONE
0.8121995405699086,0.8149185523697207,0.8134393028018557,0.49418514879184366,-0.0873460650075098,-0.04377833773857143,-0.0430227096660917,0.8149185523697207,cart,NO_ONE
