precision,recall,f1score,mcc,stat_par,eq_odds,ao,acc,model,fairness_method
0.8384884086465819,0.8451389400751824,0.8396820825147021,0.5592231084705404,-0.028332718179989336,0.10745284794474375,0.05670385270122587,0.8451389400751824,logreg,NO_ONE
0.8275293625106389,0.8357042824500627,0.8286127273893773,0.5278970534220453,-0.03521721091836308,0.08917198846202667,0.0430471899603158,0.8357042824500627,svm,NO_ONE
0.8355027447858601,0.8408638608388,0.8372517992236747,0.5537536441287513,-0.08931740331506774,-0.038837798680749214,-0.037923687891603663,0.8408638608388,forest,NO_ONE
0.8116421103348426,0.8127073044888332,0.8121583567479163,0.49124589618536557,-0.074724911965832,-0.02593636606365146,-0.026387312732117224,0.8127073044888332,cart,NO_ONE
