precision,recall,f1score,mcc,stat_par,eq_odds,ao,acc,model,fairness_method
0.838922186512305,0.8455074813886637,0.8395672979720552,0.5654584649802084,-0.03920162384532039,0.07791852462953874,0.03913654471733458,0.8455074813886637,logreg,NO_ONE
0.8275014750151886,0.8352620328738851,0.8284233667965457,0.5345411343217452,-0.051899845880029355,0.054458588748838244,0.02018604746007334,0.8352620328738851,svm,NO_ONE
0.8360642698838984,0.84145352694037,0.8376751292816362,0.5611927702543485,-0.09254388153116366,-0.014137574536074893,-0.028984874283207174,0.84145352694037,forest,NO_ONE
0.8202147954859617,0.8228053364782192,0.8213801946015046,0.5209956294720857,-0.0790496622050327,-0.032544199500830207,-0.02940694046662131,0.8228053364782192,cart,NO_ONE
