precision,recall,f1score,mcc,stat_par,eq_odds,ao,acc,model,fairness_method
0.843198318065502,0.8497088523623498,0.8434696792043064,0.5727043096473332,-0.04081782583661642,0.0925090222934769,0.044545669151905706,0.8497088523623498,logreg,NO_ONE
0.8265399463643466,0.8351146163484927,0.8264553694033886,0.5253041465218261,-0.04217196170101481,0.04993435333082619,0.023439970402156944,0.8351146163484927,svm,NO_ONE
0.8364567259175723,0.8419694847792437,0.8381181185044239,0.5587371522761828,-0.08305700501700608,0.011631666105865968,-0.012900792399527326,0.8419694847792437,forest,NO_ONE
0.8108483358730444,0.8144763027935431,0.8124377634301772,0.4918725368483421,-0.060852815681860906,0.03514570921494509,0.0067708228937109136,0.8144763027935431,cart,NO_ONE
