precision,recall,f1score,mcc,stat_par,eq_odds,ao,acc,model,fairness_method
0.8389114816060795,0.8458760227021449,0.8393653389479335,0.5604593071190843,-0.03524420320686483,0.059516670664427895,0.030354596587123736,0.8458760227021449,logreg,NO_ONE
0.8264168677755054,0.8348934915604039,0.8269110949135611,0.5255444150105967,-0.050095538962542485,0.03227744187392989,0.008490407576567431,0.8348934915604039,svm,NO_ONE
0.8350565691400008,0.8404216112626225,0.8367822206189294,0.5545663928047231,-0.09194486697269946,-0.02906200114142976,-0.038174364476734154,0.8404216112626225,forest,NO_ONE
0.8172269517399805,0.8197095894449767,0.8183610650223678,0.5084327769243301,-0.07669651324699711,-0.009430236309046158,-0.022767778081282636,0.8197095894449767,cart,NO_ONE
