precision,recall,f1score,mcc,stat_par,eq_odds,ao,acc,model,fairness_method
0.8388939308854393,0.8456548979140561,0.8390730656563375,0.5643680032053932,-0.04336225814241709,0.05186337024243115,0.02584964655682783,0.8456548979140561,logreg,NO_ONE
0.8276869360525441,0.8357779907127589,0.8277530468572252,0.5330747613542259,-0.04197009545042066,0.059379467966312216,0.027519156394087904,0.8357779907127589,svm,NO_ONE
0.8382325074762176,0.8436647748212575,0.8397530769653296,0.5668881937909303,-0.10405471799941629,-0.07278988948142895,-0.05901128607124222,0.8436647748212575,forest,NO_ONE
0.8158140473161024,0.8180142994029631,0.8168289393860221,0.5095601380151726,-0.08176027735641808,-0.01986412164348106,-0.026768127730139146,0.8180142994029631,cart,NO_ONE
